{"type": "FeatureCollection", "bbox": [4.0, 43.5, 8.0, 46.0], "features": [{"type": "Feature", "properties": {"OBJECTID": 2313, "FNODE_": 0, "TNODE_": 0, "LPOLY_": 0, "RPOLY_": 0, "LENGTH": 0.0, "PROVINCE10": 0, "PROVINCE_1": 0, "Shape_Leng": 1.010833, "Source": "BAtlas_17", "Major_or_M": "0", "Known_or_a": "0", "Name": null, "timeperiod": "RL", "pid": null, "en_name": null, "Lat": null, "Lon": null, "featuretyp": null, "awmc_mod": 0, "awmc_impor": 0, "awmc_class": 0, "creator": "rbelange", "notes": null, "timeperi_1": null}, "geometry": {"type": "MultiLineString", "coordinates": [[[4.885720000000219, 44.92892000000023], [4.886539999999513, 44.95162999999957], [4.908910000000162, 44.96732999999949], [4.943649999999309, 44.98875000000044], [4.979820000000473, 45.010159999999814], [4.996950000000652, 45.015400000000284], [5.025499999999795, 45.0215800000006], [5.03930000000048, 45.024439999999345], [5.041209999999353, 45.0277700000006], [5.045019999999681, 45.04490000000078], [5.060240000000761, 45.05347000000074], [5.086890000000437, 45.06299000000041], [5.161130000000469, 45.08677999999975], [5.193020000000615, 45.09344000000067], [5.226329999999621, 45.098200000000304], [5.24489, 45.104390000000535], [5.26916, 45.12295000000091], [5.286770000000729, 45.13818], [5.305800000000147, 45.15198000000066], [5.329120000000387, 45.161969999999314], [5.359099999999728, 45.17339], [5.384330000000773, 45.18624000000102], [5.401459999999133, 45.200999999999226], [5.414779999999212, 45.2128900000007], [5.433820000000196, 45.223840000000564], [5.447140000000218, 45.24002], [5.461900000000242, 45.26238999999987], [5.470939999999302, 45.274760000000185], [5.486639999999284, 45.29046000000017], [5.504730000000507, 45.302359999999794], [5.524240000000589, 45.31092999999976], [5.537089999999807, 45.315210000000775], [5.550409999999829, 45.31759000000068], [5.556467010674567, 45.32087229622323]]]}}, {"type": "Feature", "properties": {"OBJECTID": 2314, "FNODE_": 0, "TNODE_": 0, "LPOLY_": 0, "RPOLY_": 0, "LENGTH": 0.0, "PROVINCE10": 0, "PROVINCE_1": 0, "Shape_Leng": 0.264156, "Source": "BAtlas_17", "Major_or_M": "0", "Known_or_a": "0", "Name": null, "timeperiod": "RL", "pid": null, "en_name": null, "Lat": null, "Lon": null, "featuretyp": null, "awmc_mod": 0, "awmc_impor": 0, "awmc_class": 0, "creator": "rbelange", "notes": null, "timeperi_1": null}, "geometry": {"type": "MultiLineString", "coordinates": [[[4.791830000000118, 44.83059999999932], [4.784229999999297, 44.832179999999425], [4.770899999999529, 44.83361], [4.758229999999458, 44.83288], [4.744730000000345, 44.82979999999952], [4.724260000000868, 44.83028000000013], [4.70912, 44.82640999999967], [4.69916000000012, 44.82575], [4.68167, 44.83039], [4.668470000000525, 44.83110999999917], [4.681730000000243, 44.83035000000018], [4.699220000000423, 44.82568], [4.709020000000237, 44.82659000000058], [4.712040000000343, 44.81603], [4.711779999999635, 44.80052000000069], [4.709689999999682, 44.79024000000027], [4.706070000000182, 44.7790100000002], [4.706070000000182, 44.76987], [4.707969999999477, 44.75864], [4.712729999999283, 44.74874000000091], [4.722630000000208, 44.73428000000058]]]}}, {"type": "Feature", "properties": {"OBJECTID": 2315, "FNODE_": 0, "TNODE_": 0, "LPOLY_": 0, "RPOLY_": 0, "LENGTH": 0.0, "PROVINCE10": 0, "PROVINCE_1": 0, "Shape_Leng": 0.319436, "Source": "BAtlas_17", "Major_or_M": "0", "Known_or_a": "0", "Name": null, "timeperiod": "RL", "pid": null, "en_name": null, "Lat": null, "Lon": null, "featuretyp": null, "awmc_mod": 0, "awmc_impor": 0, "awmc_class": 0, "creator": "rbelange", "notes": null, "timeperi_1": null}, "geometry": {"type": "MultiLineString", "coordinates": [[[4.592109999999536, 44.281730000000664], [4.57813, 44.288570000000675], [4.573669999999709, 44.29392000000013], [4.56505, 44.310880000000964], [4.550470000000189, 44.337639999999794], [4.54482, 44.34865], [4.542139999999677, 44.35845999999958], [4.535900000000822, 44.3703600000008], [4.52519000000035, 44.39266999999933], [4.51924, 44.41408000000047], [4.513590000000534, 44.425390000000334], [4.50972, 44.43609], [4.507939999999508, 44.4414500000002], [4.50972, 44.44471999999956], [4.513890000000288, 44.44799000000063], [4.51448, 44.45335], [4.51091000000099, 44.45691000000079], [4.510019999999827, 44.459590000000446], [4.512399999999559, 44.46346000000091], [4.520430000000545, 44.47119000000032], [4.537979999999209, 44.48576999999926], [4.547800000000279, 44.49498999999918], [4.548979999999688, 44.49885], [4.549580000000844, 44.50897000000077], [4.547500000000696, 44.51521], [4.547500000000696, 44.51937999999984], [4.559390000000349, 44.53305999999981], [4.568320000000426, 44.543470000000525], [4.57546, 44.55358], [4.581700000000637, 44.560719999999606]]]}}, {"type": "Feature", "properties": {"OBJECTID": 2316, "FNODE_": 0, "TNODE_": 0, "LPOLY_": 0, "RPOLY_": 0, "LENGTH": 0.0, "PROVINCE10": 0, "PROVINCE_1": 0, "Shape_Leng": 0.158525, "Source": "BAtlas_17", "Major_or_M": "0", "Known_or_a": "0", "Name": null, "timeperiod": "RL", "pid": null, "en_name": null, "Lat": null, "Lon": null, "featuretyp": null, "awmc_mod": 0, "awmc_impor": 0, "awmc_class": 0, "creator": "rbelange", "notes": null, "timeperi_1": null}, "geometry": {"type": "MultiLineString", "coordinates": [[[4.581700000000637, 44.560719999999606], [4.57546, 44.55358], [4.568320000000426, 44.543470000000525], [4.559390000000349, 44.53305999999981], [4.547500000000696, 44.51937999999984], [4.547500000000696, 44.51521], [4.549580000000844, 44.50897000000077], [4.548979999999688, 44.49885], [4.547800000000279, 44.49498999999918], [4.537979999999209, 44.48576999999926], [4.520430000000545, 44.47119000000032], [4.512399999999559, 44.46346000000091], [4.510019999999827, 44.459590000000446], [4.51091000000099, 44.45691000000079], [4.51448, 44.45335], [4.513890000000288, 44.44799000000063], [4.50972, 44.44471999999956], [4.507939999999508, 44.4414500000002], [4.50972, 44.43609], [4.513290000000723, 44.435799999999404], [4.517970490828361, 44.434184983546004], [4.528918336277229, 44.43185132264256], [4.543630000000235, 44.42777000000024], [4.557609999999784, 44.42658], [4.57397, 44.42360000000019], [4.58497, 44.41855000000032], [4.592109999999536, 44.411700000000565], [4.596569999999815, 44.40308], [4.603119999999819, 44.394159999999886], [4.608770000000789, 44.38196000000062], [4.611740000000339, 44.3712500000002], [4.6156100000008, 44.365009999999586]]]}}, {"type": "Feature", "properties": {"OBJECTID": 2317, "FNODE_": 0, "TNODE_": 0, "LPOLY_": 0, "RPOLY_": 0, "LENGTH": 0.0, "PROVINCE10": 0, "PROVINCE_1": 0, "Shape_Leng": 0.917279, "Source": "BAtlas_17", "Major_or_M": "0", "Known_or_a": "0", "Name": null, "timeperiod": "R", "pid": null, "en_name": null, "Lat": null, "Lon": null, "featuretyp": null, "awmc_mod": 0, "awmc_impor": 0, "awmc_class": 0, "creator": null, "notes": null, "timeperi_1": null}, "geometry": {"type": "MultiLineString", "coordinates": [[[4.35623351176001, 43.83777295290005], [4.370140000000916, 43.86095000000025], [4.376329999999159, 43.8699899999993], [4.377990000000905, 43.87737000000018], [4.378230000000253, 43.885220000000146], [4.378940000000498, 43.89521000000061], [4.386560000000847, 43.9064], [4.38775, 43.91044], [4.385609999999346, 43.917579999999376], [4.385840000000827, 43.92424000000032], [4.380370000000798, 43.93305], [4.377990000000905, 43.944709999999766], [4.378699999999343, 43.95541000000048], [4.385130000000582, 43.96731], [4.392030000000877, 43.97682999999959], [4.403930000000406, 43.98682], [4.411780000000395, 43.99395999999978], [4.416300000000797, 44.00324], [4.417250000000425, 44.01275999999966], [4.415590000000552, 44.02679999999967], [4.411780000000395, 44.034410000000236], [4.405350000000896, 44.04155], [4.398929999999432, 44.05820999999922], [4.392509999999675, 44.06963], [4.390359999999422, 44.0848600000009], [4.385609999999346, 44.100560000000776], [4.378230000000253, 44.11698000000068], [4.372989999999865, 44.12578000000033], [4.371569999999374, 44.13458999999967], [4.365139999999875, 44.144580000000175], [4.355620000000272, 44.159100000000834], [4.343960000000159, 44.174090000000454], [4.339920000000361, 44.18432000000035], [4.337540000000469, 44.19312], [4.331410000000674, 44.20305999999982], [4.318919999999738, 44.21376000000055], [4.283820000000561, 44.23964], [4.279660000000152, 44.24559000000043], [4.27758, 44.25361999999949], [4.278169999999597, 44.26195], [4.285309999999341, 44.26967999999943], [4.2981, 44.27801], [4.31862, 44.2896099999998], [4.337059999999863, 44.302400000000446], [4.351940000000467, 44.3143], [4.35907000000047, 44.32262000000085], [4.362349999999442, 44.33094999999964], [4.363830000000255, 44.34791000000041], [4.363240000000587, 44.36098999999925], [4.364729999999367, 44.373190000000214], [4.36859, 44.38211000000053], [4.370080000000594, 44.39459999999965], [4.366809999999522, 44.406199999999494], [4.342119999999387, 44.434460000000435], [4.337359999999535, 44.443680000000285], [4.337659999999239, 44.45022000000063], [4.340930000000344, 44.45647], [4.349850000000538, 44.46062999999961], [4.370080000000594, 44.46837000000048], [4.374840000000412, 44.473420000000274], [4.379890000000192, 44.48235000000026], [4.389409999999796, 44.49097000000072], [4.400709999999882, 44.50197999999908], [4.4141, 44.514170000000405], [4.42778, 44.52844999999979], [4.44146, 44.543910000000345], [4.446219999999808, 44.550460000000406], [4.453059999999848, 44.5623500000002], [4.456330000000919, 44.571869999999834], [4.45871000000081, 44.584070000000814]]]}}, {"type": "Feature", "properties": {"OBJECTID": 2318, "FNODE_": 0, "TNODE_": 0, "LPOLY_": 0, "RPOLY_": 0, "LENGTH": 0.0, "PROVINCE10": 0, "PROVINCE_1": 0, "Shape_Leng": 1.980845, "Source": "BAtlas_15", "Major_or_M": "0", "Known_or_a": "0", "Name": null, "timeperiod": "RL?", "pid": null, "en_name": null, "Lat": null, "Lon": null, "featuretyp": null, "awmc_mod": 0, "awmc_impor": 0, "awmc_class": 0, "creator": "rbelange", "notes": null, "timeperi_1": null}, "geometry": {"type": "MultiLineString", "coordinates": [[[3.271300000000473, 44.03423], [3.284630000000134, 44.03018999999965], [3.292719999999438, 44.02471999999946], [3.297720000000512, 44.02043000000053], [3.298670000000173, 44.01591], [3.303659999999565, 44.012580000000604], [3.3089, 44.01305999999944], [3.319369999999251, 44.01948000000097], [3.329120000000469, 44.02067], [3.334600000000139, 44.01948000000097], [3.344110000000135, 44.02304999999989], [3.351969999999765, 44.02328999999929], [3.353390000000188, 44.0209099999993], [3.353160000000682, 44.01233999999936], [3.354349999999657, 44.00473000000067], [3.363859999999419, 43.99901999999932], [3.370999999999229, 43.98783], [3.380760000000155, 43.98165], [3.39718, 43.978789999999194], [3.4105, 43.973319999999234], [3.42145, 43.975220000000306], [3.429299999999829, 43.97855], [3.444289999999495, 43.9776000000002], [3.461900000000343, 43.98330999999962], [3.477129999999358, 43.9861700000002], [3.493430000000518, 43.983550000000754], [3.508180000000769, 43.97950999999925], [3.551480000000154, 43.9773600000008], [3.585510000000833, 43.984500000000516], [3.596929999999791, 43.994259999999514], [3.60336, 43.9985400000005], [3.609780000000753, 43.99972999999957], [3.624649999999708, 43.99997000000081], [3.63322, 44.00235000000074], [3.649400000000334, 44.00972], [3.658680000000622, 44.011630000000785], [3.670099999999412, 44.00972], [3.680329999999393, 44.00353999999976], [3.684849999999628, 43.99378000000078], [3.68628, 43.98116999999917], [3.68671, 43.97498000000088], [3.685520000001042, 43.96904], [3.682189999999615, 43.96236999999927], [3.681950000000133, 43.9571400000006], [3.686229999999413, 43.95213999999947], [3.698609999999479, 43.94762000000082], [3.709310000000124, 43.946669999999344], [3.726210000000861, 43.949759999999614], [3.740250000000766, 43.953090000001005], [3.759760000000902, 43.95594999999957], [3.795449999999613, 43.95832999999956], [3.823650000000368, 43.95975999999973], [3.8503, 43.96236999999927], [3.878140000000844, 43.96141999999973], [3.902410000000597, 43.957609999999455], [3.927990000000205, 43.95262000000017], [3.951310000000465, 43.94833], [3.963200000000253, 43.942859999999214], [3.976769999999294, 43.93358000000088], [3.981289999999764, 43.92811000000078], [3.995800000000532, 43.91858999999929], [4.006509999999245, 43.908600000000675], [4.012220000000598, 43.9031200000009], [4.022689999999828, 43.89812999999965], [4.041010000000753, 43.89288999999918], [4.044700000000399, 43.8878999999998], [4.046840000000911, 43.88337999999943], [4.05089000000045, 43.88195000000101], [4.06469, 43.88385000000028], [4.071110000000831, 43.88241999999988], [4.082770000001045, 43.87529], [4.095139999999596, 43.87029000000081], [4.111800000000582, 43.86648000000063], [4.129170000000241, 43.8660099999998], [4.154630000000911, 43.86815000000033], [4.179850000000392, 43.87076], [4.200670000000215, 43.87147999999982], [4.20853, 43.869810000000165], [4.225179999999551, 43.87147999999982], [4.233990000000682, 43.870530000000215], [4.249690000000661, 43.863859999999505], [4.270630000000961, 43.86077], [4.284190000000462, 43.85720000000041], [4.301799999999303, 43.85411000000019], [4.336898739844067, 43.8461653664358], [4.35623351176001, 43.83777295290005]]]}}, {"type": "Feature", "properties": {"OBJECTID": 2319, "FNODE_": 0, "TNODE_": 0, "LPOLY_": 0, "RPOLY_": 0, "LENGTH": 0.0, "PROVINCE10": 0, "PROVINCE_1": 0, "Shape_Leng": 0.916942, "Source": "BAtlas_17", "Major_or_M": "0", "Known_or_a": "1", "Name": null, "timeperiod": "RL", "pid": null, "en_name": null, "Lat": null, "Lon": null, "featuretyp": null, "awmc_mod": 0, "awmc_impor": 0, "awmc_class": 0, "creator": "rbelange", "notes": null, "timeperi_1": null}, "geometry": {"type": "MultiLineString", "coordinates": [[[4.003059999999095, 44.27169999999944], [3.99158, 44.29038000000031], [3.972250000000713, 44.32013000000018], [3.956630000000587, 44.34541], [3.939679999999498, 44.3733699999994], [3.931940000000338, 44.394480000000954], [3.925989999999729, 44.41054000000088], [3.921829999999261, 44.41648999999967], [3.921829999999261, 44.421549999999115], [3.923020000000236, 44.427499999999725], [3.92058, 44.44044000000031], [3.919990000000325, 44.45114], [3.924150000000793, 44.47552999999971], [3.927120000000343, 44.493080000000134], [3.927719999999738, 44.50617000000051], [3.923849999999277, 44.524020000000746], [3.917610000000423, 44.54692000000068], [3.910770000000412, 44.57041000000038], [3.901250000000914, 44.59123999999974], [3.897080000000642, 44.59986000000026], [3.89322, 44.61234999999954], [3.886080000000163, 44.62156999999945], [3.885190000000989, 44.626930000000414], [3.886969999999565, 44.63407], [3.88667, 44.6551799999998], [3.888460000000123, 44.678089999999486], [3.887860000000728, 44.69117000000011], [3.88578000000058, 44.703960000000734], [3.881320000000528, 44.712289999999484], [3.87388, 44.72032000000041], [3.848900000000924, 44.73280999999963], [3.825399999999831, 44.75124999999946], [3.80934, 44.76345000000049], [3.791499999999473, 44.7792100000006], [3.778109999999288, 44.79169999999982], [3.77157000000085, 44.80092999999954], [3.76621, 44.804200000000606], [3.759969999999214, 44.805089999999836], [3.7567, 44.80955], [3.75461, 44.81936999999937], [3.7453900000001, 44.834240000000136], [3.742720000000133, 44.84167]]]}}, {"type": "Feature", "properties": {"OBJECTID": 2321, "FNODE_": 0, "TNODE_": 0, "LPOLY_": 0, "RPOLY_": 0, "LENGTH": 0.0, "PROVINCE10": 0, "PROVINCE_1": 0, "Shape_Leng": 1.229439, "Source": "BAtlas_17", "Major_or_M": "1", "Known_or_a": "0", "Name": null, "timeperiod": "R", "pid": null, "en_name": null, "Lat": null, "Lon": null, "featuretyp": null, "awmc_mod": 0, "awmc_impor": 0, "awmc_class": 0, "creator": null, "notes": null, "timeperi_1": null}, "geometry": {"type": "MultiLineString", "coordinates": [[[4.458829999999523, 44.58416000000028], [4.453840000000184, 44.594859999999244], [4.443839999999852, 44.60057000000057], [4.431000000000438, 44.60449999999946], [4.384239999999352, 44.61163999999923], [4.374599999999134, 44.61485], [4.364250000000595, 44.62306], [4.355690000000379, 44.63163], [4.349969999999246, 44.63520000000062], [4.331770000000802, 44.63804999999962], [4.309110000000146, 44.64162000000033], [4.273769999999786, 44.66018000000088], [4.265559999999766, 44.67588000000063], [4.253779999999097, 44.683020000000454], [4.240579999999738, 44.68802], [4.213449999999398, 44.695869999999616], [4.190609999999651, 44.70230000000083], [4.181689999999492, 44.706220000000144], [4.17491, 44.712999999999795], [4.15992, 44.73584999999912], [4.1426, 44.76189999999957], [4.127259999999353, 44.78938000000028], [4.111549999999625, 44.8093700000008], [4.102629999999522, 44.82329000000021], [4.093709999999191, 44.8479200000001], [4.084779999999284, 44.85898000000094], [4.07158, 44.87111999999979], [4.040880000000527, 44.89575], [4.017330000000641, 44.91716000000082], [3.973780000000261, 44.948210000000415], [3.946120000000519, 44.96749000000102], [3.932559999999228, 44.986399999999776], [3.925419999999633, 44.99425999999943], [3.912930000000415, 45.002819999999815], [3.898289999999179, 45.025310000001014], [3.888660000000471, 45.04457999999988], [3.87831000000017, 45.05458], [3.867599999999698, 45.08027000000038], [3.853680000000281, 45.09955000000082], [3.845830000000205, 45.113470000000234], [3.840941234010984, 45.11977195940949], [3.83476, 45.12774], [3.824769999999205, 45.14095000000094]]]}}, {"type": "Feature", "properties": {"OBJECTID": 2184, "FNODE_": 0, "TNODE_": 0, "LPOLY_": 0, "RPOLY_": 0, "LENGTH": 0.0, "PROVINCE10": 0, "PROVINCE_1": 0, "Shape_Leng": 1.451523, "Source": "BAtlas_18", "Major_or_M": "0", "Known_or_a": "1", "Name": null, "timeperiod": "RL", "pid": null, "en_name": null, "Lat": null, "Lon": null, "featuretyp": null, "awmc_mod": 0, "awmc_impor": 0, "awmc_class": 0, "creator": "rbelange", "notes": null, "timeperi_1": null}, "geometry": {"type": "MultiLineString", "coordinates": [[[5.272430000000895, 45.90071], [5.360230000000229, 45.95852999999988], [5.368800000000192, 45.966379999999845], [5.372369999999137, 45.97638], [5.3702200000007, 46.01349999999911], [5.369510000000446, 46.076310000000376], [5.370940000000701, 46.15769], [5.373079999999391, 46.19124000000011], [5.382359999999608, 46.21265999999923], [5.402350000000297, 46.24192000000039], [5.419480000000476, 46.2811899999997], [5.426620000000185, 46.30189000000064], [5.442320000000109, 46.355429999999615], [5.47016000000076, 46.43109], [5.480869999999413, 46.47392000000036], [5.49015, 46.54315999999926], [5.494430000000648, 46.567440000000715], [5.495150000000649, 46.59028000000035], [5.515129999999772, 46.60884000000078], [5.552970000000641, 46.66523000000052], [5.563669999999547, 46.67807999999968], [5.587939999999435, 46.69807000000037], [5.606499999999869, 46.71734], [5.650760000000446, 46.7744500000008], [5.662179999999353, 46.79015000000072], [5.672179999999571, 46.815850000000864], [5.680739999999787, 46.85654000000068], [5.68931, 46.88866000000053], [5.700020000000222, 46.92935000000034], [5.717860000000655, 46.9736099999991], [5.729999999999563, 46.995740000000296], [5.752130000000761, 47.05356000000029], [5.75927000000047, 47.08139999999912], [5.787109999999302, 47.129940000000715], [5.79068, 47.14636000000064], [5.78853, 47.169200000000274], [5.789249999999811, 47.19132999999965]]]}}, {"type": "Feature", "properties": {"OBJECTID": 2188, "FNODE_": 0, "TNODE_": 0, "LPOLY_": 0, "RPOLY_": 0, "LENGTH": 0.0, "PROVINCE10": 0, "PROVINCE_1": 0, "Shape_Leng": 1.823712, "Source": "BAtlas_18", "Major_or_M": "1", "Known_or_a": "0", "Name": null, "timeperiod": "RL", "pid": null, "en_name": null, "Lat": null, "Lon": null, "featuretyp": null, "awmc_mod": 0, "awmc_impor": 0, "awmc_class": 0, "creator": "rbelange", "notes": null, "timeperi_1": null}, "geometry": {"type": "MultiLineString", "coordinates": [[[4.835419999999488, 46.77945], [4.858969999999374, 46.74090000000069], [4.883239999999319, 46.69878000000068], [4.897520000000441, 46.65024000000085], [4.901089999999328, 46.62025999999969], [4.897520000000441, 46.558870000000866], [4.892519999999365, 46.518889999999374], [4.876109999999301, 46.47606000000087], [4.832560000000683, 46.32616000000064], [4.812570000000164, 46.294029999999225], [4.789730000000418, 46.25619999999981], [4.768319999999278, 46.221939999999506], [4.761889999999767, 46.18767], [4.756890000000681, 46.15625999999986], [4.753201826592942, 46.14662306714797], [4.744049999999334, 46.12270999999964], [4.726909999999407, 46.099870000000124], [4.72049, 46.06918000000047], [4.72049, 46.04491000000053], [4.72477000000066, 46.020630000001006], [4.724060000000577, 45.99494000000061], [4.719059999999502, 45.97280999999941], [4.714060000000245, 45.95924000000019], [4.714780000000303, 45.94782], [4.722630000000208, 45.93853999999931], [4.747610000000407, 45.922130000000834], [4.77117, 45.90428000000077], [4.792589999999223, 45.891429999999616], [4.808290000000966, 45.87500999999975], [4.81757, 45.85859], [4.816140000000871, 45.841459999999756], [4.806860000000597, 45.82005000000038], [4.801149999999382, 45.80148999999983], [4.801149999999382, 45.78650000000016], [4.80329, 45.7779300000002], [4.821850000000268, 45.76865], [4.822274293552709, 45.76863131349654]], [[4.836370000001011, 46.77959000000021], [4.804790000000196, 46.803389999999126], [4.760529999999505, 46.82838000000089], [4.71271, 46.84765], [4.674870000000737, 46.86263999999943], [4.63561, 46.87335], [4.590640000000349, 46.891190000000336], [4.552449999999169, 46.90546999999975], [4.49748, 46.919029999999225], [4.452509999999222, 46.93188000000015], [4.423240000000192, 46.9383099999996], [4.351053713076567, 46.95055322765177], [4.343290000000763, 46.951870000000895], [4.301250000000493, 46.9636200000005], [4.286899999999264, 46.967570000000705]]]}}, {"type": "Feature", "properties": {"OBJECTID": 2190, "FNODE_": 0, "TNODE_": 0, "LPOLY_": 0, "RPOLY_": 0, "LENGTH": 0.0, "PROVINCE10": 0, "PROVINCE_1": 0, "Shape_Leng": 1.335073, "Source": "BAtlas_17", "Major_or_M": "1", "Known_or_a": "0", "Name": null, "timeperiod": "RL", "pid": null, "en_name": null, "Lat": null, "Lon": null, "featuretyp": null, "awmc_mod": 0, "awmc_impor": 0, "awmc_class": 0, "creator": "rbelange", "notes": null, "timeperi_1": null}, "geometry": {"type": "MultiLineString", "coordinates": [[[6.699500000000739, 45.919620000000634], [6.659519999999304, 45.92890000000091], [6.644529999999634, 45.94816999999978], [6.635969999999418, 45.97744000000057], [6.625260000000708, 46.00243000000057], [6.619549999999549, 46.03598000000062], [6.608840000000896, 46.05524999999949], [6.575999999999169, 46.06524], [6.5553, 46.08238], [6.5139, 46.09094], [6.499620000000448, 46.093800000000556], [6.48892, 46.0973699999995], [6.478919999999619, 46.08879999999954], [6.467500000000655, 46.08666000000096], [6.443939999999202, 46.0880899999994], [6.408970000000352, 46.08736999999934], [6.391830000000425, 46.0973699999995], [6.366850000000397, 46.10094000000032], [6.338649999999802, 46.130199999999604], [6.32580000000064, 46.145189999999275], [6.302960000000894, 46.15233000000086], [6.29083, 46.160180000000764], [6.273690000000101, 46.16804000000059], [6.26156000000077, 46.17802999999918], [6.242280000000392, 46.1837400000004], [6.22587000000027, 46.19729999999987], [6.190889999999854, 46.205869999999834], [6.168050000000278, 46.208010000000286], [6.153060000000607, 46.208010000000286]]]}}, {"type": "Feature", "properties": {"OBJECTID": 2191, "FNODE_": 0, "TNODE_": 0, "LPOLY_": 0, "RPOLY_": 0, "LENGTH": 0.0, "PROVINCE10": 0, "PROVINCE_1": 0, "Shape_Leng": 4.574983, "Source": "BAtlas_15", "Major_or_M": "1", "Known_or_a": "1", "Name": null, "timeperiod": "RL?", "pid": null, "en_name": null, "Lat": null, "Lon": null, "featuretyp": null, "awmc_mod": 0, "awmc_impor": 0, "awmc_class": 0, "creator": "rbelange", "notes": null, "timeperi_1": null}, "geometry": {"type": "MultiLineString", "coordinates": [[[4.35623351176001, 43.83777295290005], [4.380030000000253, 43.846740000000906], [4.420959999999488, 43.85910999999953], [4.442370000000651, 43.867679999999424], [4.498530000000773, 43.88337999999943], [4.524219999999344, 43.89812999999965], [4.560390000000668, 43.92669000000035], [4.56445, 43.951320000000216], [4.575619999999615, 43.981420000000135], [4.57943, 44.00377999999917], [4.578480000000112, 44.02567000000101], [4.57943, 44.04233000000025], [4.576569999999343, 44.06184000000035], [4.576569999999343, 44.07563999999904], [4.585139999999285, 44.096579999999506], [4.596610000000664, 44.11305], [4.611790000000938, 44.15702000000066], [4.622729999999124, 44.18653000000087], [4.617899999999375, 44.22551000000019], [4.616229999999728, 44.246220000000996], [4.614089999999185, 44.25193000000044], [4.602310000000267, 44.258], [4.58911000000096, 44.26799000000033], [4.588390000000873, 44.27477], [4.59339, 44.283690000000334], [4.605879999999202, 44.29582999999919], [4.615159999999457, 44.31582], [4.616949999999615, 44.32652000000062], [4.616229999999728, 44.341870000000256], [4.613729999999057, 44.35508], [4.6173, 44.37256999999959], [4.619440000000478, 44.3893399999998], [4.62551, 44.39684], [4.627300000000107, 44.40575999999974], [4.629080000000692, 44.42145999999968], [4.637650000000634, 44.42646000000055], [4.65157, 44.43646000000089], [4.660490000000221, 44.44252000000048], [4.662630000000665, 44.45252000000083], [4.661560000000427, 44.467150000000515], [4.656919999999514, 44.477500000000894], [4.655849999999275, 44.48963999999974], [4.65906, 44.49748999999983], [4.662280000000513, 44.50891000000063], [4.661560000000427, 44.51641000000031], [4.657279999999473, 44.53247000000029], [4.658709999999806, 44.54389000000079], [4.66727, 44.563159999999726], [4.67548, 44.57707999999912], [4.694750000000709, 44.58993], [4.70903, 44.59814], [4.718670000000277, 44.61062999999938], [4.74401000000047, 44.64989000000068], [4.75043000000016, 44.664880000000416], [4.754000000000869, 44.68202000000032], [4.750079999999808, 44.695579999999616], [4.740799999999553, 44.70557000000012], [4.721879999999253, 44.72020999999956], [4.724379999999655, 44.753399999999765], [4.72616000000024, 44.761609999999564], [4.745080000000741, 44.78587999999955], [4.777560000000545, 44.82336000000035], [4.797370000000351, 44.83335000000087], [4.815570000000799, 44.85083999999929], [4.825919999999318, 44.86404000000036], [4.833060000000835, 44.88332000000088], [4.84020000000068, 44.912940000000255], [4.848410000000494, 44.92685999999962], [4.847690000000608, 44.934359999999316], [4.838410000000388, 44.95756000000083], [4.824490000000926, 44.998250000000596], [4.81236, 45.01466000000072], [4.810219999999373, 45.041080000000896], [4.807360000000751, 45.04786000000052], [4.813070000000195, 45.063560000000564], [4.812, 45.07034000000015], [4.798080000000496, 45.08640000000027], [4.79666, 45.102820000000136], [4.785949999999553, 45.1196], [4.77952, 45.12995000000048], [4.780950000000352, 45.14136999999942], [4.787379999999784, 45.151359999999876], [4.792729999999203, 45.15814999999946], [4.792020000000899, 45.16457000000087], [4.782740000000644, 45.18063000000085], [4.77952, 45.18954999999922], [4.780950000000352, 45.210259999999806], [4.790230000000573, 45.23524], [4.791300000000879, 45.25915], [4.790230000000573, 45.285920000000274], [4.783810000000916, 45.29520000000046], [4.77310000000043, 45.30305000000038], [4.756320000000406, 45.31447999999912], [4.749900000000715, 45.3251799999998], [4.74847000000055, 45.34909999999942], [4.744549999999523, 45.36515999999931], [4.742050000000793, 45.371580000001096], [4.739910000000383, 45.39336000000013], [4.733480000000851, 45.41477], [4.732410000000578, 45.42227], [4.73848, 45.42976000000091], [4.749900000000715, 45.43903999999947], [4.749900000000715, 45.444750000000624], [4.750969999999214, 45.45795999999969], [4.757040000000459, 45.4611700000006], [4.768099999999423, 45.46724], [4.77346000000039, 45.478300000000814], [4.778809999999842, 45.4865100000006], [4.807010000000565, 45.49651000000098], [4.824490000000926, 45.5075699999998], [4.834849999999421, 45.51257000000093], [4.85448, 45.5197000000007], [4.86197, 45.5247], [4.860189999999412, 45.52969999999923], [4.854830000000152, 45.533620000000205], [4.843769999999548, 45.53505000000051], [4.830560000000466, 45.54076], [4.815570000000799, 45.55290000000057], [4.799390000000116, 45.56242000000032], [4.779759999999571, 45.576100000000196], [4.772619999999826, 45.59037], [4.77679, 45.60465], [4.79047, 45.62487999999939], [4.798259999999589, 45.650340000000284], [4.812540000000884, 45.66176000000078], [4.823249999999597, 45.68532000000049], [4.823249999999597, 45.7017300000008], [4.812540000000884, 45.718870000000706], [4.803970000000908, 45.734570000000666], [4.803970000000908, 45.74598999999949], [4.818250000000262, 45.76812000000074], [4.77827000000079, 45.765980000000155], [4.745440000000667, 45.763119999999645], [4.721879999999253, 45.763119999999645], [4.670480000000722, 45.763119999999645], [4.635510000000157, 45.763119999999645], [4.61802, 45.76241], [4.592319999999701, 45.763839999999696], [4.56091000000017, 45.757410000000206], [4.545920000000504, 45.76027000000085], [4.523080000000983, 45.765269999999894], [4.505939999999057, 45.76241], [4.48596, 45.75526999999976], [4.468820000000148, 45.75455999999944], [4.434559999999828, 45.75813000000034], [4.413150000000472, 45.75526999999976], [4.39459, 45.74671], [4.364600000000789, 45.7338600000004], [4.346040000000447, 45.73171], [4.303210000000152, 45.73600000000082], [4.26324000000022, 45.74314000000065], [4.235833152880451, 45.74629607885361], [4.223638415225366, 45.74927040511093], [4.21818, 45.74869000000051], [4.195540000000629, 45.74122999999958], [4.16842, 45.73123999999926], [4.13796, 45.7050600000002], [4.12464, 45.664140000000735], [4.113209999999558, 45.64985999999961], [4.086090000000723, 45.62607000000029], [4.085610000000117, 45.592280000000876], [4.099410000000808, 45.572770000000794], [4.100370000000143, 45.563130000000626], [4.092870000000373, 45.55314], [4.09073, 45.54386], [4.073950000000105, 45.52493999999942], [4.056109999999583, 45.51459000000068], [4.052180000000587, 45.51066], [4.037549999999041, 45.50281], [4.033260000000287, 45.49532], [4.03291, 45.48247000000089], [4.020420000000872, 45.47603999999963], [4.01006000000057, 45.45605000000068], [4.011490000000803, 45.45176999999964], [4.010239999999664, 45.44677000000061], [4.000609999999225, 45.4435599999998], [3.998470000000522, 45.438570000000354], [3.997750000000501, 45.42893000000014], [3.998470000000522, 45.42179000000032], [3.99632000000027, 45.41964999999983], [3.980620000000291, 45.41893], [3.968839999999567, 45.41644000000092], [3.959199999999353, 45.4103699999997], [3.950639999999152, 45.40287], [3.944929999999773, 45.39323999999933], [3.938860000000235, 45.38824000000031], [3.926369999999232, 45.38182000000059], [3.915660000000519, 45.3771799999995], [3.912800000000223, 45.372890000000645], [3.912800000000223, 45.36647000000099], [3.9046, 45.35790000000097], [3.899960000000809, 45.34397999999963], [3.893529999999502, 45.31720999999928], [3.87997, 45.31650000000097], [3.87176, 45.31185999999985], [3.85927000000099, 45.30150999999943], [3.839640000000143, 45.28331000000083], [3.82964, 45.275449999999196], [3.824290000000517, 45.26475000000033], [3.82215, 45.24868000000062], [3.820359999999714, 45.23298000000081], [3.82179, 45.21227999999985], [3.82964, 45.19729], [3.8325000000006, 45.18051000000018], [3.829289999999617, 45.16624000000056], [3.823570000000497, 45.1544599999998], [3.82179, 45.14553]]]}}, {"type": "Feature", "properties": {"OBJECTID": 2192, "FNODE_": 0, "TNODE_": 0, "LPOLY_": 0, "RPOLY_": 0, "LENGTH": 0.0, "PROVINCE10": 0, "PROVINCE_1": 0, "Shape_Leng": 0.345983, "Source": "BAtlas_17", "Major_or_M": "0", "Known_or_a": "1", "Name": null, "timeperiod": "RL", "pid": null, "en_name": null, "Lat": null, "Lon": null, "featuretyp": null, "awmc_mod": 0, "awmc_impor": 0, "awmc_class": 0, "creator": "rbelange", "notes": null, "timeperi_1": null}, "geometry": {"type": "MultiLineString", "coordinates": [[[4.223638415225366, 45.749270405110906], [4.224319999999409, 45.76231], [4.21861, 45.78443999999956], [4.210049999999626, 45.798010000000545], [4.196480000000577, 45.813000000000216], [4.16864, 45.830840000000535], [4.156510000000651, 45.859399999999425], [4.142949999999587, 45.87867000000011], [4.129380000000367, 45.912220000000275], [4.120820000000151, 45.92079000000024], [4.112960000000498, 45.925069999999266], [4.097970000000828, 45.926499999999635], [4.063000000000159, 45.95004999999952], [4.058709999999451, 45.95718999999929], [4.060139999999649, 45.9629000000005], [4.076559999999461, 45.97717999999986], [4.085129999999424, 45.98717000000045], [4.091549999999131, 46.00573000000077]]]}}, {"type": "Feature", "properties": {"OBJECTID": 1795, "FNODE_": 0, "TNODE_": 0, "LPOLY_": 0, "RPOLY_": 0, "LENGTH": 0.0, "PROVINCE10": 0, "PROVINCE_1": 0, "Shape_Leng": 0.202055, "Source": "BAtlas_29", "Major_or_M": "0", "Known_or_a": "0", "Name": null, "timeperiod": "RL", "pid": null, "en_name": null, "Lat": null, "Lon": null, "featuretyp": null, "awmc_mod": 0, "awmc_impor": 0, "awmc_class": 0, "creator": "rbelange", "notes": null, "timeperi_1": null}, "geometry": {"type": "MultiLineString", "coordinates": [[[-0.59224, 35.25055000000066], [-0.606550000000368, 35.2459099999997], [-0.650100000000748, 35.236870000000636], [-0.674839999999676, 35.23092], [-0.677219999999579, 35.22902000000073], [-0.69578, 35.22997000000032], [-0.714579999999842, 35.23115999999948], [-0.752889999999695, 35.23115999999948], [-0.791199999999662, 35.23092], [-0.844320000000153, 35.23134000000033], [-0.856809999999257, 35.22926000000018], [-0.86544, 35.22300999999982], [-0.874659999999494, 35.21557000000041], [-0.878230000000258, 35.21052000000054], [-0.885959999999557, 35.205610000000945], [-0.89667, 35.20292999999947], [-0.911539999999093, 35.20145000000042], [-0.925520000000631, 35.20115000000084], [-0.930990000000691, 35.20115000000084], [-0.952699999999766, 35.19341999999966], [-0.986310000000231, 35.18360000000041], [-1.024980000000141, 35.16784], [-1.068699999999808, 35.14314999999982], [-1.097550000000354, 35.11965000000055], [-1.10856000000058, 35.10865], [-1.117480000000796, 35.09793999999965], [-1.122240000000488, 35.08931], [-1.126109999999244, 35.08217999999948], [-1.130569999999352, 35.07712], [-1.139489999999569, 35.06968000000052], [-1.151089999999328, 35.05779000000081], [-1.185589999999081, 35.0320599999996], [-1.221229999999196, 35.00890000000078], [-1.236929999999063, 35.00247999999925], [-1.250490000000354, 34.996769999999856], [-1.260490000000573, 34.98748999999958], [-1.267630000000281, 34.97106999999954], [-1.270479999999111, 34.95751000000024], [-1.272619999999677, 34.94823], [-1.276190000000383, 34.94038000000012], [-1.284040000000459, 34.929669999999646], [-1.297609999999622, 34.91753000000057], [-1.311879999999292, 34.90825000000052], [-1.330439999999726, 34.902539999999135], [-1.341430000000344, 34.89594000000034]], [[-0.6545100000003, 35.70515], [-0.643050000000585, 35.68611000000067], [-0.621629999999584, 35.66256000000078], [-0.609309999999766, 35.646339999999384], [-0.594499999999243, 35.62686000000036], [-0.585220000000845, 35.60901999999987], [-0.579369999999471, 35.58261], [-0.58223, 35.56618999999955], [-0.587939999999435, 35.545490000000484], [-0.593650000000707, 35.526210000000106], [-0.606499999999869, 35.50051], [-0.6222, 35.47481999999957], [-0.626829999999245, 35.45886000000064], [-0.641110000000481, 35.447910000000775], [-0.65158, 35.43268999999964], [-0.666810000000623, 35.41079], [-0.658009999999194, 35.40669999999949], [-0.636000000000365, 35.397779999999386], [-0.60923, 35.384690000000774], [-0.590190000000746, 35.3704199999994], [-0.57532, 35.34959999999961], [-0.564019999999744, 35.334129999999334], [-0.559859999999389, 35.32104000000072], [-0.56105000000025, 35.30914999999925], [-0.568180000000154, 35.29844000000054], [-0.57294, 35.289520000000266], [-0.574730000000216, 35.27762000000081], [-0.57532, 35.26571999999942], [-0.581270000000529, 35.255610000000274], [-0.596740000000864, 35.24847000000051]], [[2.368909999999289, 35.88688000000013], [2.366869999999835, 35.91100999999986], [2.396380000000249, 35.930990000000804], [2.43826000000081, 35.943370000000925], [2.487750000000233, 35.953840000000184], [2.54486, 35.95478999999989], [2.582930000000488, 35.95764000000054], [2.61434, 35.94717], [2.647650000000795, 35.93384999999944], [2.6762, 35.91767000000078], [2.71523, 35.89578000000074], [2.739020000001005, 35.88436], [2.771380000000249, 35.88055], [2.815160000000105, 35.87579], [2.85419, 35.870080000000655], [2.86751, 35.86532000000079], [2.886549999999318, 35.87103000000036], [2.898919999999634, 35.863419999999735], [2.934139999999445, 35.85009], [2.973159999999609, 35.842479999999455], [3.002669999999853, 35.84057000000041], [3.019039999999336, 35.83771999999959], [3.09137, 35.82630000000063], [3.135150000000124, 35.81487000000027], [3.175129999999626, 35.81392000000051], [3.210349999999437, 35.81297000000097], [3.258889999999155, 35.81297000000097], [3.31885, 35.81297000000097], [3.363579999999331, 35.831060000000434], [3.378430000000776, 35.84819000000061], [3.387000000000739, 35.852950000000476], [3.406979999999749, 35.8539], [3.424119999999675, 35.851989999999205], [3.451719999999057, 35.85103999999967], [3.477419999999199, 35.85103999999967], [3.50216, 35.852950000000476], [3.521199999999226, 35.86055999999917], [3.540230000000633, 35.86437], [3.56688000000031, 35.870080000000655], [3.58782000000059, 35.87768999999935], [3.610670000000141, 35.88816000000054], [3.624939999999697, 35.89387], [3.646829999999738, 35.89578000000074], [3.666820000000484, 35.88625999999931], [3.687760000000765, 35.88055], [3.706029999999487, 35.87960000000032], [3.72602, 35.88244999999915], [3.74791, 35.88436], [3.772660000000599, 35.88816000000054], [3.805019999999899, 35.88625999999931], [3.836429999999439, 35.88244999999915], [3.875449999999603, 35.87579], [3.919229999999629, 35.873890000000756], [3.956350000000498, 35.86151000000069], [4.006799999999259, 35.86055999999917], [4.059149999999249, 35.85103999999967], [4.113020000000631, 35.84343000000075], [4.226280000000827, 35.84057000000041], [4.268159999999625, 35.82914999999963], [4.301470000000393, 35.80441000000076], [4.338589999999499, 35.77203999999978], [4.387129999999217, 35.7453900000001], [4.425579999999286, 35.71399000000014], [4.47127, 35.69781], [4.52362, 35.684479999999894], [4.555029999999476, 35.68353000000036], [4.574060000000884, 35.68353000000036], [4.594999999999402, 35.68734000000046]], [[23.748670000000857, 46.83279000000039], [23.754720000000873, 46.82770999999963], [23.75233999999915, 46.81343000000027], [23.7433, 46.800579999999286], [23.738110000000177, 46.789919999999256], [23.729900000000384, 46.77456999999964], [23.72489999999931, 46.75886999999966], [23.718929999999148, 46.748760000000516]], [[23.7433, 46.800579999999286], [23.75233999999915, 46.81343000000027], [23.754720000000873, 46.82770999999963], [23.738061077987823, 46.8377], [23.700941077988887, 46.85245000000043], [23.671670269497724, 46.85983026949748], [23.63646026949766, 46.872200269497796], [23.603976482234202, 46.89730486525235], [23.587796482233614, 46.91301486525214], [23.561086055953922, 46.93936474943587], [23.530470670115733, 46.958207386386675], [23.482880670115605, 46.985337386385254], [23.442707870913864, 46.99706667882725], [23.41653379984973, 47.011343444862234], [23.40225703381475, 47.02383561514284], [23.38738540252831, 47.03632778542345], [23.375488097499158, 47.04108670743511], [23.35077597183198, 47.048810767165264], [23.330278338388382, 47.05833779972738], [23.317191302856315, 47.06845050900216], [23.316596437604858, 47.08391700554006], [23.312432380844655, 47.10592701984399], [23.31362211134757, 47.13091136040521], [23.320165629113603, 47.153516239960595], [23.32611428162818, 47.168387871247035], [23.33087320363984, 47.196941403317], [23.336821856154415, 47.21359763035781], [23.338606451908788, 47.23025385739862], [23.338736691531096, 47.244445153681454]]]}}, {"type": "Feature", "properties": {"OBJECTID": 2365, "FNODE_": 0, "TNODE_": 0, "LPOLY_": 0, "RPOLY_": 0, "LENGTH": 0.0, "PROVINCE10": 0, "PROVINCE_1": 0, "Shape_Leng": 1.353865, "Source": "BAtlas_17", "Major_or_M": "0", "Known_or_a": "0", "Name": null, "timeperiod": "RL", "pid": null, "en_name": null, "Lat": null, "Lon": null, "featuretyp": null, "awmc_mod": 0, "awmc_impor": 0, "awmc_class": 0, "creator": "rbelange", "notes": null, "timeperi_1": null}, "geometry": {"type": "MultiLineString", "coordinates": [[[4.85149, 45.533779999999865], [4.823650000000328, 45.531639999999356], [4.780459999999891, 45.53127999999924], [4.7694, 45.53305999999981], [4.737989999999741, 45.54733999999917], [4.725490000000718, 45.55234000000024], [4.704789999999889, 45.55840999999975], [4.686589999999285, 45.5609000000004], [4.676240000000746, 45.564469999999346], [4.659110000000567, 45.577680000000385], [4.638409999999567, 45.59016999999949], [4.598969999999099, 45.60266000000047], [4.57827, 45.60837], [4.564700000000755, 45.61087000000049], [4.52723, 45.6148], [4.487610000000132, 45.61908000000051], [4.47048, 45.620510000000706], [4.452269999999828, 45.626930000000414], [4.427470000000596, 45.63371999999981], [4.387849999999275, 45.641209999999774], [4.36643000000015, 45.645850000000905], [4.347519999999406, 45.6529900000005], [4.338589999999499, 45.66155000000066], [4.333950000000186, 45.67332999999962], [4.332529999999736, 45.68153999999964], [4.326820000000339, 45.68974999999966], [4.310040000000356, 45.69866999999982], [4.291119999999864, 45.70580999999959], [4.262570000000721, 45.719730000000766], [4.245440000000542, 45.73437000000024], [4.232560000000319, 45.74378000000081], [4.223638415225366, 45.749270405110906]]]}}, {"type": "Feature", "properties": {"OBJECTID": 2366, "FNODE_": 0, "TNODE_": 0, "LPOLY_": 0, "RPOLY_": 0, "LENGTH": 0.0, "PROVINCE10": 0, "PROVINCE_1": 0, "Shape_Leng": 1.556255, "Source": "BAtlas_15", "Major_or_M": "1", "Known_or_a": "1", "Name": "Via Domitia", "timeperiod": null, "pid": null, "en_name": null, "Lat": null, "Lon": null, "featuretyp": null, "awmc_mod": 0, "awmc_impor": 0, "awmc_class": 0, "creator": null, "notes": null, "timeperi_1": null}, "geometry": {"type": "MultiLineString", "coordinates": [[[3.004203, 43.1836165], [3.016470000000555, 43.226819999999854], [3.069289999999428, 43.27822000000014], [3.112119999999763, 43.30392000000028], [3.14567, 43.32033000000055], [3.196350000000261, 43.33961000000099], [3.217941, 43.34167650000002], [3.250609999999245, 43.35246], [3.27844, 43.36388000000081], [3.336269999999686, 43.3753], [3.362939546603958, 43.3807932228211], [3.420181000000218, 43.3945615], [3.444450000001052, 43.41349000000088], [3.461110000000107, 43.42419999999945], [3.478950000000707, 43.42924999999932], [3.497690000000261, 43.4372800000001], [3.519109999999478, 43.44561000000074], [3.535760000000658, 43.45037000000053], [3.565510000000388, 43.46285999999968], [3.595250000000453, 43.475360000000315], [3.62737000000017, 43.489040000000415], [3.649090000000947, 43.49618000000013], [3.67511000000014, 43.5080699999999], [3.699800000000557, 43.52413], [3.720020000000726, 43.536630000000585], [3.735189999999484, 43.548230000000416], [3.758089999999445, 43.561610000000634], [3.780699999999422, 43.57647999999974], [3.787840000000884, 43.583319999999794], [3.80717, 43.59729999999952], [3.81654, 43.60504000000035], [3.841230000000114, 43.61990999999949], [3.874239999999263, 43.64400000000025], [3.881079999999263, 43.64816000000071], [3.920940000000143, 43.6582799999997], [3.953359999999675, 43.665709999999386], [3.984140000000528, 43.67225999999945], [4.026970000000839, 43.68385999999924], [4.041250000000353, 43.688620000000824], [4.091220000000357, 43.70348999999983], [4.119919999999271, 43.71270999999986], [4.138360000000793, 43.719549999999856], [4.143420000000309, 43.725200000000854], [4.16007, 43.73085], [4.230859999999699, 43.74541999999926], [4.242309999999856, 43.749289999999746], [4.263730000000548, 43.767429999999884], [4.291090000000656, 43.789740000000165], [4.316670000000332, 43.809670000000644], [4.33987, 43.826619999999856], [4.356233511760089, 43.83777295290007]]]}}, {"type": "Feature", "properties": {"OBJECTID": 2201, "FNODE_": 0, "TNODE_": 0, "LPOLY_": 0, "RPOLY_": 0, "LENGTH": 0.0, "PROVINCE10": 0, "PROVINCE_1": 0, "Shape_Leng": 1.278548, "Source": "BAtlas_39", "Major_or_M": "1", "Known_or_a": "1", "Name": null, "timeperiod": "RL", "pid": null, "en_name": null, "Lat": null, "Lon": null, "featuretyp": null, "awmc_mod": 0, "awmc_impor": 0, "awmc_class": 0, "creator": "rbelange", "notes": null, "timeperi_1": null}, "geometry": {"type": "MultiLineString", "coordinates": [[[8.416950000000668, 45.331599999999526], [8.43212, 45.32149000000027], [8.465430000000197, 45.29889], [8.506480000000124, 45.272709999999336], [8.55258, 45.2435600000008], [8.56596, 45.23195999999922], [8.580540000000894, 45.219769999999755], [8.59541, 45.20758000000029], [8.626640000000464, 45.19151000000062], [8.650429999999801, 45.18200000000064], [8.698319999999512, 45.16533999999962], [8.717950000000315, 45.15731000000062], [8.75186000000025, 45.14601000000039], [8.781300000000556, 45.13203000000078], [8.790530000000274, 45.12727000000092], [8.800339999999778, 45.1275700000005], [8.827110000000175, 45.13321999999977], [8.857149999999876, 45.142739999999264], [8.888080000000684, 45.15135999999984], [8.92764, 45.161469999999156], [8.946679999999105, 45.16831], [8.981180000000677, 45.17693999999943], [8.9951, 45.17901999999958], [9.015030000000479, 45.17605], [9.046850000000688, 45.17159], [9.067380000000469, 45.16891000000027], [9.092660000000308, 45.16979999999967], [9.114960000000849, 45.175450000000694], [9.129839999999604, 45.18051000000014], [9.14084, 45.18259000000046], [9.143350000000225, 45.19189]], [[7.123272744464316, 45.71468512071044], [7.152559942320181, 45.707989155876646], [7.180749999999648, 45.70574999999923], [7.202170000000592, 45.706466868112386], [7.218580000000657, 45.710036868113036], [7.225010000000168, 45.71431999999919], [7.244280000000799, 45.72003000000035], [7.260706445035225, 45.727262790023985], [7.293540000000576, 45.739299999999275], [7.314239999999813, 45.7440600000009], [7.329470000000697, 45.74549], [7.351119999999298, 45.7449400000005], [7.369559999999183, 45.74464000000091], [7.38919, 45.74641999999949], [7.410610000000872, 45.748509999999385], [7.436480000000302, 45.74791], [7.464439999999854, 45.75029], [7.492399999999236, 45.75386000000083], [7.526610000000915, 45.75326999999925], [7.560219999999504, 45.752969999999664], [7.597390000000814, 45.753559999999254], [7.60989, 45.75475], [7.62476000000072, 45.75624000000073], [7.636360000000423, 45.755939999999214], [7.649740000000804, 45.752969999999664], [7.661640000000261, 45.74464000000091], [7.670270000000528, 45.73423], [7.674730000000636, 45.72322], [7.677400000000546, 45.68902], [7.680379999999843, 45.68276999999944], [7.68395000000055, 45.67415000000085], [7.689899999999398, 45.6682], [7.706260000000839, 45.65630000000061], [7.72559, 45.64441000000073], [7.738680000000443, 45.634], [7.75117, 45.61972000000071], [7.763660000000527, 45.61317000000054], [7.790429999999105, 45.60513999999978], [7.803809999999487, 45.59741000000042], [7.814819999999543, 45.58403], [7.829690000000483, 45.56529000000057], [7.840399999999192, 45.546850000000745], [7.848430000000121, 45.523649999999236], [7.860919999999169, 45.49569], [7.866570000000195, 45.48587000000043], [7.875790000000109, 45.47933000000023], [7.903360000000248, 45.46876999999955], [7.936910000000466, 45.451999999999316], [7.965819999999553, 45.43808], [8.001870000000167, 45.41986999999972], [8.01865, 45.410589999999445], [8.03649000000047, 45.405600000000106], [8.08288999999968, 45.39488999999969], [8.143210000000238, 45.3799], [8.171770000000947, 45.37169], [8.214239999999336, 45.36276999999984], [8.260280000000535, 45.35348999999957], [8.296329999999216, 45.342420000000914], [8.323459999999727, 45.33564], [8.351300000000322, 45.32957], [8.372359999999333, 45.32993], [8.406979999999805, 45.330640000000244], [8.417219999999418, 45.331039999999234]]]}}, {"type": "Feature", "properties": {"OBJECTID": 2202, "FNODE_": 0, "TNODE_": 0, "LPOLY_": 0, "RPOLY_": 0, "LENGTH": 0.0, "PROVINCE10": 0, "PROVINCE_1": 0, "Shape_Leng": 0.997021, "Source": "BAtlas_17", "Major_or_M": "1", "Known_or_a": "0", "Name": null, "timeperiod": "RL", "pid": null, "en_name": null, "Lat": null, "Lon": null, "featuretyp": null, "awmc_mod": 0, "awmc_impor": 0, "awmc_class": 0, "creator": "rbelange", "notes": null, "timeperi_1": null}, "geometry": {"type": "MultiLineString", "coordinates": [[[5.848809999999617, 45.94136000000083], [5.840720000000147, 45.94065000000052], [5.83252, 45.93588000000091], [5.83252, 45.92981999999938], [5.835020000000497, 45.920889999999474], [5.837519999999131, 45.90269000000086], [5.839299999999696, 45.88342000000017], [5.839299999999696, 45.87056999999925], [5.838229999999442, 45.85879000000028], [5.834300000000439, 45.84415000000081], [5.834660000000554, 45.834160000000395], [5.835370000000637, 45.82702000000063], [5.831449999999791, 45.82488000000012], [5.815389999999866, 45.82309999999961], [5.791830000000232, 45.8156], [5.789689999999553, 45.805249999999546], [5.787549999999101, 45.78384000000017], [5.787549999999101, 45.76206], [5.785410000000525, 45.74350000000055], [5.777200000000505, 45.72352], [5.762919999999212, 45.70924000000019], [5.753395273020146, 45.70345270342705]], [[6.152980000000753, 46.207920000000854], [6.144420000000537, 46.19578], [6.124429999999847, 46.18365000000091], [6.099449999999763, 46.16650999999922], [6.05876, 46.125110000000916], [6.037340000000825, 46.114400000000444], [6.020920000000785, 46.092989999999304], [5.99237, 46.07085999999981], [5.98452, 46.05444], [5.959530000000143, 46.03017], [5.943830000000162, 46.02446000000066], [5.914559999999369, 46.013039999999876], [5.886720000000537, 45.99733000000015], [5.883869999999717, 45.985909999999535], [5.866729999999791, 45.97662999999926], [5.858879999999886, 45.9580700000007], [5.848889999999301, 45.941650000000664]]]}}, {"type": "Feature", "properties": {"OBJECTID": 2203, "FNODE_": 0, "TNODE_": 0, "LPOLY_": 0, "RPOLY_": 0, "LENGTH": 0.0, "PROVINCE10": 0, "PROVINCE_1": 0, "Shape_Leng": 1.089957, "Source": "BAtlas_18", "Major_or_M": "1", "Known_or_a": "1", "Name": null, "timeperiod": null, "pid": null, "en_name": null, "Lat": null, "Lon": null, "featuretyp": null, "awmc_mod": 0, "awmc_impor": 0, "awmc_class": 0, "creator": null, "notes": null, "timeperi_1": null}, "geometry": {"type": "MultiLineString", "coordinates": [[[4.824749999999881, 45.76804000000078], [4.834860000000958, 45.790049999999724], [4.846760000000359, 45.79896999999988], [4.864610000000596, 45.80492000000049], [4.885430000000383, 45.8192], [4.933020000000511, 45.83585999999934], [4.961569999999483, 45.84239999999954], [5.00083000000086, 45.84597000000042], [5.03295000000071, 45.859060000000795], [5.07043, 45.85786999999982], [5.11564, 45.85786999999982], [5.142410000000382, 45.86559999999923], [5.162039999999365, 45.88285], [5.190000000000509, 45.897720000000845], [5.21379, 45.90784], [5.23937, 45.90784], [5.271500000000799, 45.90070000000014], [5.29826, 45.89832000000024], [5.319680000000574, 45.89533999999912], [5.341689999999289, 45.897720000000845], [5.359539999999527, 45.89653], [5.382139999999652, 45.88819999999953], [5.399989999999889, 45.876309999999705], [5.429130000000441, 45.859060000000795], [5.446980000000679, 45.84239999999954], [5.446980000000679, 45.82216999999957], [5.452330000000131, 45.80492000000049], [5.471369999999354, 45.79065000000088], [5.504090000000303, 45.76506999999947], [5.523719999999344, 45.74721999999923], [5.544540000000893, 45.72938000000073], [5.564759999999296, 45.71926], [5.58202, 45.71212000000014], [5.59332, 45.703799999999376], [5.602240000000165, 45.682380000000194], [5.623059999999896, 45.663350000000776], [5.63853000000023, 45.657400000000166], [5.65935, 45.65858999999915], [5.669459999999106, 45.660970000000816], [5.679570000000183, 45.676429999999584], [5.68671, 45.691300000000524], [5.689689999999246, 45.70915000000059], [5.696819999999263, 45.71867000000026], [5.70634000000075, 45.722830000000556]]]}}, {"type": "Feature", "properties": {"OBJECTID": 2204, "FNODE_": 0, "TNODE_": 0, "LPOLY_": 0, "RPOLY_": 0, "LENGTH": 0.0, "PROVINCE10": 0, "PROVINCE_1": 0, "Shape_Leng": 2.417528, "Source": "BAtlas_17", "Major_or_M": "1", "Known_or_a": "1", "Name": null, "timeperiod": "RL", "pid": null, "en_name": null, "Lat": null, "Lon": null, "featuretyp": null, "awmc_mod": 0, "awmc_impor": 0, "awmc_class": 0, "creator": "rbelange", "notes": null, "timeperi_1": null}, "geometry": {"type": "MultiLineString", "coordinates": [[[5.718000000000757, 44.44563000000022], [5.708010000000399, 44.45240999999987], [5.699440000000436, 44.46061999999989], [5.69159000000036, 44.465969999999345], [5.69159000000036, 44.482389999999214], [5.687309999999343, 44.489879999999175], [5.67660000000069, 44.49844999999914], [5.661959999999567, 44.508089999999356], [5.660180000000821, 44.513800000000685], [5.65554, 44.51593999999943], [5.645189999999332, 44.52094000000028], [5.640910000000133, 44.5323599999993], [5.628409999999349, 44.539140000000884], [5.618420000000754, 44.541279999999404], [5.599500000000262, 44.543069999999716], [5.58844, 44.545920000000535], [5.582370000000139, 44.545920000000535], [5.57381, 44.543069999999716], [5.562739999999508, 44.540209999999206], [5.561669999999253, 44.54449000000034], [5.56488, 44.55163], [5.563809999999762, 44.55556000000075], [5.55703, 44.55698999999919], [5.547389999999723, 44.55840999999975], [5.534540000000561, 44.56483999999904], [5.528480000000968, 44.56483999999904], [5.51884000000075, 44.56127000000015], [5.499569999999892, 44.56055000000026], [5.488499999999533, 44.556269999999074], [5.482079999999826, 44.55556000000075], [5.475650000000314, 44.55769999999944], [5.463519999999448, 44.56734], [5.446029999999155, 44.5798300000007], [5.442460000000267, 44.5876800000006], [5.434610000000362, 44.594460000000254], [5.422469999999521, 44.596600000000706], [5.417830000000379, 44.608739999999784], [5.40677, 44.62980000000056], [5.403560000000766, 44.63729000000069], [5.394990000000803, 44.644430000000284], [5.390709999999615, 44.65300000000025], [5.388919999999473, 44.66263000000072], [5.383920000000217, 44.66763], [5.37821000000082, 44.671560000000795], [5.37572, 44.681189999999276], [5.376070000000311, 44.701540000000136], [5.36715, 44.722949999999514], [5.362510000000839, 44.73044999999922], [5.360730000000274, 44.73936999999938], [5.35109, 44.7493599999998], [5.343590000000347, 44.75222000000031], [5.332529999999736, 44.75649999999956], [5.31754, 44.76363999999933], [5.30969000000016, 44.76293000000078], [5.29826, 44.764359999999215], [5.292550000000233, 44.764359999999215], [5.285060000000271, 44.760430000000326], [5.277560000000562, 44.756859999999506], [5.268280000000289, 44.75578999999925], [5.260790000000327, 44.75578999999925], [5.252580000000307, 44.756859999999506], [5.247219999999345, 44.756149999999366], [5.243660000000148, 44.746150000000966], [5.239729999999383, 44.73545000000013], [5.241869999999835, 44.726880000000165], [5.241869999999835, 44.718670000000316], [5.236520000000382, 44.70189000000033], [5.230089999999166, 44.696900000000824], [5.215819999999553, 44.69047], [5.205110000000843, 44.68512], [5.19619000000057, 44.68583000000041], [5.185830000000465, 44.68833000000086], [5.18476000000021, 44.6919], [5.181909999999391, 44.69404000000043], [5.17513, 44.69297000000017], [5.149789999999541, 44.69333000000012], [5.11017, 44.69868], [5.08483, 44.706529999999475], [5.075189999999623, 44.70688999999959], [5.050209999999367, 44.71367], [5.039849999999262, 44.712600000000805], [5.027720000000159, 44.71652999999981], [5.008449999999357, 44.72617], [5.000239999999508, 44.73616000000044], [4.999169999999253, 44.7475799999994], [5.005230000000779, 44.769350000000486], [5.005590000000723, 44.77935000000082], [4.998449999999195, 44.79825999999957], [4.989890000000742, 44.81147000000067], [4.982749999999214, 44.815749999999866], [4.958829999999637, 44.82896000000079], [4.942059999999401, 44.839669999999444], [4.92707, 44.85430000000093], [4.925639999999532, 44.872499999999604], [4.925999999999476, 44.88142999999951], [4.926709999999787, 44.88891999999947], [4.917789999999457, 44.89855999999969], [4.90869952798397, 44.90672776880655], [4.893159999999568, 44.92069000000089], [4.885669999999607, 44.929249999999286]]]}}, {"type": "Feature", "properties": {"OBJECTID": 2206, "FNODE_": 0, "TNODE_": 0, "LPOLY_": 0, "RPOLY_": 0, "LENGTH": 0.0, "PROVINCE10": 0, "PROVINCE_1": 0, "Shape_Leng": 0.01533, "Source": "BAtlas_17", "Major_or_M": "1", "Known_or_a": "1", "Name": null, "timeperiod": null, "pid": null, "en_name": null, "Lat": null, "Lon": null, "featuretyp": null, "awmc_mod": 0, "awmc_impor": 0, "awmc_class": 0, "creator": null, "notes": null, "timeperi_1": null}, "geometry": {"type": "MultiLineString", "coordinates": [[[4.860459999999875, 45.52828000000045], [4.875449999999546, 45.52506999999969]]]}}, {"type": "Feature", "properties": {"OBJECTID": 2113, "FNODE_": 0, "TNODE_": 0, "LPOLY_": 0, "RPOLY_": 0, "LENGTH": 0.0, "PROVINCE10": 0, "PROVINCE_1": 0, "Shape_Leng": 3.597542, "Source": "BAtlas_14", "Major_or_M": "1", "Known_or_a": "1", "Name": null, "timeperiod": "RL", "pid": null, "en_name": null, "Lat": null, "Lon": null, "featuretyp": null, "awmc_mod": 0, "awmc_impor": 0, "awmc_class": 0, "creator": "rbelange", "notes": null, "timeperi_1": null}, "geometry": {"type": "MultiLineString", "coordinates": [[[3.642690000000584, 45.78969999999936], [3.65268, 45.8018400000002], [3.676949999999124, 45.80826], [3.700510000000691, 45.81897000000038], [3.735489999999118, 45.820400000000575], [3.777599999999552, 45.82181999999921], [3.802589999999384, 45.82825000000042], [3.818289999999365, 45.83039], [3.831560000000593, 45.838299999999435], [3.845419999999649, 45.84253], [3.857550000000742, 45.84324], [3.881110000000376, 45.83181999999954], [3.901809999999443, 45.83109999999948], [3.918939999999623, 45.81754], [3.956060000000491, 45.803270000000396], [3.97177000000022, 45.806119999999396], [3.982480000000692, 45.803980000000706], [3.991749999999229, 45.79470000000043], [4.022450000000447, 45.79470000000043], [4.059569999999553, 45.79754999999943], [4.078840000000184, 45.79541000000074], [4.10097, 45.788989999999046], [4.124529999999083, 45.78255999999976], [4.134519999999668, 45.77256999999918], [4.162679999999398, 45.76147], [4.188060000000405, 45.75841000000037], [4.223638415225366, 45.749270405110906], [4.18820000000062, 45.75869000000063], [4.162599999999713, 45.76174], [4.132519999999204, 45.75368999999955], [4.10326, 45.748690000000465], [4.055430000000342, 45.748690000000465], [4.006170000000623, 45.751550000000805], [3.980480000000227, 45.762259999999515], [3.92908, 45.77082], [3.882680000000619, 45.7644], [3.858410000000845, 45.767970000000844], [3.820579999999666, 45.760829999999316], [3.8013, 45.76153999999963], [3.764180000000124, 45.762259999999515], [3.737059999999531, 45.7736800000003], [3.688159999999755, 45.78509999999926], [3.642470000000628, 45.78938000000022], [3.6232, 45.78509999999926], [3.582510000000184, 45.77153999999979], [3.555389999999647, 45.76867999999922], [3.52398, 45.75797000000051], [3.47686000000067, 45.751550000000805], [3.439819999999656, 45.75043999999974], [3.421899999999482, 45.74511999999959], [3.389059999999574, 45.735129999999174], [3.36054, 45.733109999999215], [3.339840000000663, 45.73168000000078], [3.27131, 45.74238999999949], [3.215630000000544, 45.76094999999981], [3.184219999999243, 45.76665999999943], [3.0957, 45.77237000000059], [3.074290000000531, 45.7730800000009]]]}}, {"type": "Feature", "properties": {"OBJECTID": 2812, "FNODE_": 0, "TNODE_": 0, "LPOLY_": 0, "RPOLY_": 0, "LENGTH": 0.0, "PROVINCE10": 0, "PROVINCE_1": 0, "Shape_Leng": 0.584625, "Source": "BAtlas_15", "Major_or_M": "0", "Known_or_a": "0", "Name": null, "timeperiod": "RL?", "pid": null, "en_name": null, "Lat": null, "Lon": null, "featuretyp": null, "awmc_mod": 0, "awmc_impor": 0, "awmc_class": 0, "creator": "rbelange", "notes": null, "timeperi_1": null}, "geometry": {"type": "MultiLineString", "coordinates": [[[3.428602213236507, 43.67513452215018], [3.448112213236579, 43.67608452215174], [3.459650000000803, 43.67732000000086], [3.5034400000004, 43.672090000000104], [3.521585755930059, 43.66810463023288], [3.542460000000572, 43.66352000000015], [3.550069999999306, 43.660659999999545], [3.560069999999645, 43.67732000000086], [3.574339999999225, 43.693030000000334], [3.60052, 43.706350000000434], [3.62479, 43.72491000000096], [3.64192, 43.73157], [3.655240000000165, 43.73110000000105], [3.682849999999312, 43.74442000000084], [3.70093000000099, 43.7496599999996], [3.72377000000058, 43.74585], [3.75328000000082, 43.73919000000029], [3.778029999999642, 43.7353800000002], [3.802299999999394, 43.73586000000074], [3.819429999999503, 43.74442000000085], [3.841319999999531, 43.762029999999896], [3.869399999999577, 43.782489999999726], [3.89034, 43.78678000000045], [3.917939999999483, 43.7862999999998], [3.932210000000872, 43.777260000000716], [3.950769999999405, 43.77964000000069], [3.963620000000602, 43.78154], [3.993130000000843, 43.78343999999925], [4.039290000000557, 43.78629999999982], [4.084020000000341, 43.78773]], [[4.083549999999446, 43.78724999999942], [4.104009999999141, 43.796290000000255], [4.123519999999178, 43.79915000000079], [4.139349999999508, 43.79427000000043], [4.150050000000353, 43.78713000000058], [4.163969999999547, 43.78535000000014], [4.18289, 43.789989999999506], [4.204309999999181, 43.79677000000091], [4.216800000000217, 43.799979999999856], [4.237139999999336, 43.79819999999928], [4.25713, 43.80319000000061], [4.288179999999612, 43.81247000000085], [4.318520000000745, 43.82281999999944], [4.339579999999883, 43.83317999999969], [4.35058909215479, 43.836291035619126], [4.35623351176001, 43.837772952900046]]]}}, {"type": "Feature", "properties": {"OBJECTID": 2813, "FNODE_": 0, "TNODE_": 0, "LPOLY_": 0, "RPOLY_": 0, "LENGTH": 0.0, "PROVINCE10": 0, "PROVINCE_1": 0, "Shape_Leng": 0.600923, "Source": "BAtlas_15", "Major_or_M": "0", "Known_or_a": "1", "Name": null, "timeperiod": null, "pid": null, "en_name": null, "Lat": null, "Lon": null, "featuretyp": null, "awmc_mod": 0, "awmc_impor": 0, "awmc_class": 0, "creator": null, "notes": null, "timeperi_1": null}, "geometry": {"type": "MultiLineString", "coordinates": [[[4.355458668321887, 43.83785320385157], [4.379378668321423, 43.83642304213331], [4.38955, 43.83138999999935], [4.401320000000906, 43.81639999999975], [4.418460000000824, 43.80212000000033], [4.434160000000802, 43.7914199999996], [4.456650000000206, 43.78248999999971], [4.479489999999794, 43.7685700000003], [4.491630000000412, 43.76464999999924], [4.514470000000133, 43.76251000000052], [4.526250000000859, 43.76964000000051], [4.539810000000327, 43.778920000000646], [4.560149999999479, 43.78927], [4.583350000000767, 43.7985499999996], [4.611189999999622, 43.810690000000314], [4.626539999999416, 43.81675999999982]]]}}, {"type": "Feature", "properties": {"OBJECTID": 2814, "FNODE_": 0, "TNODE_": 0, "LPOLY_": 0, "RPOLY_": 0, "LENGTH": 0.0, "PROVINCE10": 0, "PROVINCE_1": 0, "Shape_Leng": 0.262816, "Source": "BAtlas_15", "Major_or_M": "0", "Known_or_a": "0", "Name": null, "timeperiod": null, "pid": null, "en_name": null, "Lat": null, "Lon": null, "featuretyp": null, "awmc_mod": 0, "awmc_impor": 0, "awmc_class": 0, "creator": null, "notes": null, "timeperi_1": null}, "geometry": {"type": "MultiLineString", "coordinates": [[[4.609049999999115, 43.69862], [4.60441, 43.71147000000019], [4.603699999999662, 43.72931000000062], [4.606550000000425, 43.73859000000084], [4.606910000000425, 43.7518], [4.614410000000134, 43.774639999999636], [4.62261000000035, 43.792129999999815], [4.626899999999296, 43.81568999999945], [4.624760000000606, 43.826750000000175], [4.614050000000134, 43.84851999999955], [4.594419999999445, 43.86101000000053], [4.585849999999482, 43.87137000000075], [4.576569999999265, 43.89777999999933], [4.568719999999303, 43.91561999999976], [4.561219999999594, 43.93561000000045]]]}}, {"type": "Feature", "properties": {"OBJECTID": 2815, "FNODE_": 0, "TNODE_": 0, "LPOLY_": 0, "RPOLY_": 0, "LENGTH": 0.0, "PROVINCE10": 0, "PROVINCE_1": 0, "Shape_Leng": 1.552909, "Source": "BAtlas_15", "Major_or_M": "1", "Known_or_a": "1", "Name": "Via Aurelia", "timeperiod": null, "pid": null, "en_name": null, "Lat": null, "Lon": null, "featuretyp": null, "awmc_mod": 0, "awmc_impor": 0, "awmc_class": 0, "creator": null, "notes": null, "timeperi_1": null}, "geometry": {"type": "MultiLineString", "coordinates": [[[5.907880000000659, 43.42449999999917], [5.879329999999754, 43.433069999999134], [5.839710000000196, 43.43949000000066], [5.825430000000779, 43.44449], [5.806870000000345, 43.45770000000084], [5.777959999999439, 43.47233000000051], [5.762259999999515, 43.48161000000073], [5.732990000000427, 43.4916], [5.697299999999814, 43.4962400000004], [5.639119999999821, 43.50230999999985], [5.574880000000121, 43.508379999999306], [5.560960000000705, 43.50980999999956], [5.54025, 43.51480000000083], [5.491, 43.52266000000054], [5.47458, 43.52621999999974], [5.462090000000899, 43.53086000000076], [5.44246000000021, 43.5344299999997], [5.419260000000577, 43.542999999999665], [5.381779999999708, 43.5615600000001], [5.356799999999566, 43.57370000000083], [5.338589999999385, 43.580480000000534], [5.308259999999791, 43.5883300000005], [5.253290000000561, 43.59725000000071], [5.205459999999221, 43.60403000000042], [5.148709999999483, 43.61403000000064], [5.129800000000614, 43.61687999999958], [5.098389999999199, 43.6268799999998], [5.064479999999094, 43.63651000000027], [5.023789999999281, 43.647580000000744], [4.98917000000074, 43.65935999999965], [4.949909999999363, 43.66971000000012], [4.891019999999116, 43.68934000000081], [4.826059999999416, 43.70896999999968], [4.775019999999131, 43.727530000000115], [4.736119999999573, 43.74287], [4.72041, 43.75430000000051], [4.698280000000523, 43.77534999999989], [4.689000000000306, 43.78571000000011], [4.667939999999362, 43.804620000000796], [4.655810000000201, 43.81033000000025], [4.632610000000568, 43.81568999999945], [4.613330000000133, 43.82068000000072], [4.605480000000171, 43.82353999999941], [4.594419999999445, 43.821749999999156], [4.515540000000328, 43.829610000000685], [4.467710000000807, 43.83388999999988], [4.441660000000411, 43.8385300000009], [4.434520000000703, 43.8381700000009]]]}}, {"type": "Feature", "properties": {"OBJECTID": 2816, "FNODE_": 0, "TNODE_": 0, "LPOLY_": 0, "RPOLY_": 0, "LENGTH": 0.0, "PROVINCE10": 0, "PROVINCE_1": 0, "Shape_Leng": 0.134728, "Source": "BAtlas_15", "Major_or_M": "0", "Known_or_a": "1", "Name": null, "timeperiod": "RL?", "pid": null, "en_name": null, "Lat": null, "Lon": null, "featuretyp": null, "awmc_mod": 0, "awmc_impor": 0, "awmc_class": 0, "creator": "rbelange", "notes": null, "timeperi_1": null}, "geometry": {"type": "MultiLineString", "coordinates": [[[4.857819999999378, 43.699329999999556], [4.874239999999404, 43.71004], [4.886379999999883, 43.72182000000075], [4.896730000000483, 43.740729999999616], [4.908509999999453, 43.75323000000025], [4.92671, 43.764289999999264], [4.922430000000591, 43.77320999999947], [4.914930000001005, 43.779990000000886], [4.897800000000799, 43.78606000000046], [4.879740000000184, 43.7864200000004], [4.84995644438671, 43.792092618448564]]]}}, {"type": "Feature", "properties": {"OBJECTID": 2817, "FNODE_": 0, "TNODE_": 0, "LPOLY_": 0, "RPOLY_": 0, "LENGTH": 0.0, "PROVINCE10": 0, "PROVINCE_1": 0, "Shape_Leng": 0.043987, "Source": "BAtlas_15", "Major_or_M": "1", "Known_or_a": "1", "Name": null, "timeperiod": null, "pid": null, "en_name": null, "Lat": null, "Lon": null, "featuretyp": null, "awmc_mod": 0, "awmc_impor": 0, "awmc_class": 0, "creator": null, "notes": null, "timeperi_1": null}, "geometry": {"type": "MultiLineString", "coordinates": [[[4.812140000000118, 43.79212999999985], [4.832867, 43.773471], [4.844394341013595, 43.780898380498265], [4.849969999999311, 43.79212999999984]]]}}, {"type": "Feature", "properties": {"OBJECTID": 2851, "FNODE_": 0, "TNODE_": 0, "LPOLY_": 0, "RPOLY_": 0, "LENGTH": 0.0, "PROVINCE10": 0, "PROVINCE_1": 0, "Shape_Leng": 0.273676, "Source": "BAtlas_39", "Major_or_M": "0", "Known_or_a": "1", "Name": null, "timeperiod": "RL", "pid": null, "en_name": null, "Lat": null, "Lon": null, "featuretyp": null, "awmc_mod": 0, "awmc_impor": 0, "awmc_class": 0, "creator": null, "notes": null, "timeperi_1": null}, "geometry": {"type": "MultiLineString", "coordinates": [[[7.880409999999756, 45.47761], [7.878029999999853, 45.46191], [7.879460000000108, 45.436209999999846], [7.882310000000871, 45.406230000000505], [7.882310000000871, 45.36578], [7.88612, 45.32723000000078], [7.88612, 45.29678000000058], [7.888499999999112, 45.272979999999734], [7.887549999999464, 45.23348000000078], [7.885650000000169, 45.22254000000066], [7.88803, 45.20492999999988]]]}}, {"type": "Feature", "properties": {"OBJECTID": 2852, "FNODE_": 0, "TNODE_": 0, "LPOLY_": 0, "RPOLY_": 0, "LENGTH": 0.0, "PROVINCE10": 0, "PROVINCE_1": 0, "Shape_Leng": 0.491859, "Source": "BAtlas_39", "Major_or_M": "0", "Known_or_a": "0", "Name": null, "timeperiod": "RL", "pid": null, "en_name": null, "Lat": null, "Lon": null, "featuretyp": null, "awmc_mod": 0, "awmc_impor": 0, "awmc_class": 0, "creator": null, "notes": null, "timeperi_1": null}, "geometry": {"type": "MultiLineString", "coordinates": [[[7.879929999999149, 45.476660000000265], [7.874219999999696, 45.47095000000081], [7.863279999999577, 45.466669999999795], [7.835199999999531, 45.46001000000069], [7.797609999999622, 45.446679999999105], [7.75811000000067, 45.426690000000235], [7.737170000000333, 45.41288999999961], [7.721460000000661, 45.39529000000039], [7.71623, 45.38719999999921], [7.717179999999644, 45.3800599999995], [7.721460000000661, 45.37197000000015], [7.734309999999823, 45.36197], [7.737170000000333, 45.35531000000083], [7.735259999999471, 45.34817], [7.729079999999158, 45.34102999999959], [7.727650000000722, 45.3339], [7.740019999999276, 45.31581], [7.743350000000646, 45.30249], [7.741930000000139, 45.25965999999971], [7.73812, 45.24013999999988], [7.722889999999097, 45.20398000000023], [7.71004, 45.168760000000475], [7.700999999999112, 45.132120000000214], [7.699099999999817, 45.10831999999937]]]}}, {"type": "Feature", "properties": {"OBJECTID": 2853, "FNODE_": 0, "TNODE_": 0, "LPOLY_": 0, "RPOLY_": 0, "LENGTH": 0.0, "PROVINCE10": 0, "PROVINCE_1": 0, "Shape_Leng": 1.13165, "Source": "BAtlas_39", "Major_or_M": "1", "Known_or_a": "0", "Name": null, "timeperiod": "RL", "pid": null, "en_name": null, "Lat": null, "Lon": null, "featuretyp": null, "awmc_mod": 0, "awmc_impor": 0, "awmc_class": 0, "creator": "rbelange", "notes": null, "timeperi_1": null}, "geometry": {"type": "MultiLineString", "coordinates": [[[8.477100000000178, 44.314340000000925], [8.466630000000919, 44.325769999999466], [8.45759, 44.328620000000285], [8.434269999999856, 44.325769999999466], [8.421420000000694, 44.32671999999923], [8.407149999999149, 44.333860000000755], [8.397629999999424, 44.34003999999925], [8.378590000000202, 44.34003999999925], [8.364320000000589, 44.342899999999645], [8.347659999999564, 44.34242000000097], [8.328149999999482, 44.34622999999931], [8.319110000000421, 44.35575000000057], [8.296819999999627, 44.35736], [8.273970000000304, 44.36211999999989], [8.252080000000262, 44.36307999999923], [8.233050000000844, 44.36879000000056], [8.214959999999394, 44.365449999999385], [8.19688, 44.37020999999925], [8.185929999999587, 44.369259999999485], [8.17404, 44.366410000000656], [8.160710000000108, 44.37401999999935], [8.147859999999127, 44.37782999999945], [8.134539999999106, 44.38544], [8.112649999999064, 44.38876999999957], [8.085999999999387, 44.38068000000027], [8.06315, 44.37782999999945], [8.040310000000318, 44.37925999999982], [8.035079999999596, 44.38830000000064], [8.032699999999863, 44.397820000000195], [8.009379999999453, 44.416380000000515], [7.98653000000013, 44.41922999999957], [7.960359999999127, 44.4358900000006], [7.926100000000588, 44.43827000000056], [7.908960000000661, 44.44160000000022], [7.885650000000226, 44.45159000000058], [7.882310000000984, 44.45778000000064], [7.882789999999659, 44.463490000000206], [7.887070000000676, 44.467769999999234], [7.871839999999793, 44.48110000000082], [7.852810000000318, 44.51488000000069], [7.835199999999531, 44.54486999999983], [7.83425, 44.555340000000854], [7.844240000000354, 44.57342000000074], [7.85757000000018, 44.59816999999936], [7.856620000000419, 44.615770000000396], [7.854709999999614, 44.63957], [7.855659999999318, 44.652420000000404], [7.862800000000902, 44.661459999999465], [7.876599999999598, 44.67477999999937], [7.889929999999424, 44.6819200000009], [7.895759999999541, 44.682870000000605]]]}}, {"type": "Feature", "properties": {"OBJECTID": 2854, "FNODE_": 0, "TNODE_": 0, "LPOLY_": 0, "RPOLY_": 0, "LENGTH": 0.0, "PROVINCE10": 0, "PROVINCE_1": 0, "Shape_Leng": 0.265062, "Source": "BAtlas_39", "Major_or_M": "1", "Known_or_a": "0", "Name": null, "timeperiod": "RL", "pid": null, "en_name": null, "Lat": null, "Lon": null, "featuretyp": null, "awmc_mod": 0, "awmc_impor": 0, "awmc_class": 0, "creator": "rbelange", "notes": null, "timeperi_1": null}, "geometry": {"type": "MultiLineString", "coordinates": [[[7.484940000000336, 44.51726000000065], [7.477810000000318, 44.52868999999919], [7.479230000000939, 44.54248999999987], [7.482560000000376, 44.558189999999854], [7.483039999999278, 44.57151999999951], [7.485899999999617, 44.58722], [7.493990000000906, 44.60767999999928], [7.499700000000303, 44.62672000000026], [7.50017, 44.644329999999115], [7.49066, 44.66288999999966], [7.468759999999691, 44.695250000000726], [7.456389999999374, 44.71095000000071], [7.433069999999191, 44.729509999999266], [7.414039999999716, 44.744259999999485], [7.395479999999225, 44.76806000000033], [7.37882, 44.78281000000061], [7.37406, 44.79422999999957], [7.373110000000509, 44.80660999999964], [7.365970000000743, 44.8323], [7.355980000000329, 44.85276999999962], [7.34836, 44.86229], [7.34836, 44.86751999999984], [7.351220000000467, 44.88513000000063], [7.355030000000625, 44.91749], [7.367399999999122, 44.94175999999965], [7.389769999999771, 44.9584200000009], [7.436400000000617, 44.98315999999977], [7.456389999999374, 44.991729999999734], [7.520640000000583, 45.01075999999921], [7.584409999999593, 45.027899999999136], [7.632470000000581, 45.04598000000078], [7.673870000000534, 45.06834999999967], [7.688630000000501, 45.07453]], [[7.484940000000336, 44.516310000000885], [7.477329999999654, 44.50489000000016], [7.467339999999297, 44.49157000000025], [7.460199999999531, 44.47205000000042], [7.458769999999333, 44.448739999999816], [7.462579999999434, 44.41828], [7.469240000000354, 44.387350000000936], [7.473519999999553, 44.375920000000406], [7.473519999999553, 44.36211999999989], [7.473519999999553, 44.35023], [7.483519999999885, 44.33879999999954], [7.482560000000376, 44.33309], [7.47638000000012, 44.32690999999983], [7.478279999999415, 44.318339999999864], [7.49066, 44.30644000000041], [7.507310000000984, 44.297399999999584], [7.509690000000887, 44.28883999999937], [7.511119999999323, 44.28217000000046]]]}}, {"type": "Feature", "properties": {"OBJECTID": 2857, "FNODE_": 0, "TNODE_": 0, "LPOLY_": 0, "RPOLY_": 0, "LENGTH": 0.0, "PROVINCE10": 0, "PROVINCE_1": 0, "Shape_Leng": 0.334484, "Source": "BAtlas_39", "Major_or_M": "1", "Known_or_a": "0", "Name": null, "timeperiod": "RL", "pid": null, "en_name": null, "Lat": null, "Lon": null, "featuretyp": null, "awmc_mod": 0, "awmc_impor": 0, "awmc_class": 0, "creator": null, "notes": null, "timeperi_1": null}, "geometry": {"type": "MultiLineString", "coordinates": [[[7.895759999999541, 44.682870000000605], [7.844359999999085, 44.70952000000034], [7.807240000000149, 44.74331], [7.763940000000787, 44.8070800000005], [7.727290000000778, 44.856579999999724], [7.712059999999894, 44.87465999999961], [7.680660000000103, 44.89322], [7.670659999999771, 44.907499999999345], [7.668760000000475, 44.91749]], [[7.688749999999459, 45.07406000000083], [7.680660000000103, 45.063589999999806], [7.673039999999673, 45.05217000000084], [7.6659, 45.0264700000007], [7.665429999999219, 45.01218999999958], [7.668760000000475, 44.98221000000024], [7.668760000000475, 44.95271], [7.669710000000237, 44.93367000000035], [7.669229999999573, 44.917009999999266]]]}}, {"type": "Feature", "properties": {"OBJECTID": 2322, "FNODE_": 0, "TNODE_": 0, "LPOLY_": 0, "RPOLY_": 0, "LENGTH": 0.0, "PROVINCE10": 0, "PROVINCE_1": 0, "Shape_Leng": 0.214629, "Source": "BAtlas_17", "Major_or_M": "1", "Known_or_a": "1", "Name": null, "timeperiod": null, "pid": null, "en_name": null, "Lat": null, "Lon": null, "featuretyp": null, "awmc_mod": 0, "awmc_impor": 0, "awmc_class": 0, "creator": null, "notes": null, "timeperi_1": null}, "geometry": {"type": "MultiLineString", "coordinates": [[[4.45908000000054, 44.58416000000034], [4.483710000000428, 44.58630000000085], [4.51476, 44.585940000000846], [4.529399999999441, 44.58487000000059], [4.544389999999112, 44.58093999999983], [4.559380000000601, 44.57237999999961], [4.586149999999179, 44.558100000000195], [4.592930000000706, 44.55488999999943], [4.605419999999867, 44.560600000000704], [4.615770000000339, 44.560960000000705], [4.633620000000519, 44.55096000000049], [4.645039999999426, 44.542750000000524], [4.64861000000019, 44.54133], [4.653959999999643, 44.54097], [4.658960000000661, 44.54382000000078]]]}}, {"type": "Feature", "properties": {"OBJECTID": 2323, "FNODE_": 0, "TNODE_": 0, "LPOLY_": 0, "RPOLY_": 0, "LENGTH": 0.0, "PROVINCE10": 0, "PROVINCE_1": 0, "Shape_Leng": 0.107652, "Source": "BAtlas_17", "Major_or_M": "1", "Known_or_a": "1", "Name": null, "timeperiod": "RL", "pid": null, "en_name": null, "Lat": null, "Lon": null, "featuretyp": null, "awmc_mod": 0, "awmc_impor": 0, "awmc_class": 0, "creator": "rbelange", "notes": null, "timeperi_1": null}, "geometry": {"type": "MultiLineString", "coordinates": [[[4.592570000000705, 44.55488999999943], [4.598640000000159, 44.545609999999215], [4.600070000000414, 44.53633000000082], [4.600780000000668, 44.52455], [4.611489999999321, 44.51526999999987], [4.611849999999322, 44.50314000000071], [4.616840000000593, 44.4999200000002], [4.625410000000556, 44.49777999999969], [4.648250000000189, 44.493860000000495], [4.655749999999898, 44.48565000000053]]]}}, {"type": "Feature", "properties": {"OBJECTID": 2324, "FNODE_": 0, "TNODE_": 0, "LPOLY_": 0, "RPOLY_": 0, "LENGTH": 0.0, "PROVINCE10": 0, "PROVINCE_1": 0, "Shape_Leng": 0.067119, "Source": "BAtlas_17", "Major_or_M": "0", "Known_or_a": "1", "Name": null, "timeperiod": null, "pid": null, "en_name": null, "Lat": null, "Lon": null, "featuretyp": null, "awmc_mod": 0, "awmc_impor": 0, "awmc_class": 0, "creator": null, "notes": null, "timeperi_1": null}, "geometry": {"type": "MultiLineString", "coordinates": [[[4.729810000000725, 44.51991000000089], [4.735520000000179, 44.51777000000038], [4.756929999999556, 44.50384999999915], [4.75979, 44.49777999999969], [4.748369999999341, 44.4713699999993]]]}}, {"type": "Feature", "properties": {"OBJECTID": 2325, "FNODE_": 0, "TNODE_": 0, "LPOLY_": 0, "RPOLY_": 0, "LENGTH": 0.0, "PROVINCE10": 0, "PROVINCE_1": 0, "Shape_Leng": 0.052214, "Source": "BAtlas_17", "Major_or_M": "0", "Known_or_a": "1", "Name": null, "timeperiod": null, "pid": null, "en_name": null, "Lat": null, "Lon": null, "featuretyp": null, "awmc_mod": 0, "awmc_impor": 0, "awmc_class": 0, "creator": null, "notes": null, "timeperi_1": null}, "geometry": {"type": "MultiLineString", "coordinates": [[[4.7266, 44.36001000000033], [4.732659999999669, 44.354300000000876], [4.738369999999122, 44.33930999999939], [4.737660000000687, 44.33574000000044], [4.732309999999416, 44.326100000000224], [4.729090000000724, 44.32004000000052], [4.724449999999706, 44.31574999999975]]]}}, {"type": "Feature", "properties": {"OBJECTID": 2326, "FNODE_": 0, "TNODE_": 0, "LPOLY_": 0, "RPOLY_": 0, "LENGTH": 0.0, "PROVINCE10": 0, "PROVINCE_1": 0, "Shape_Leng": 0.773742, "Source": "BAtlas_17", "Major_or_M": "0", "Known_or_a": "0", "Name": null, "timeperiod": "RL", "pid": null, "en_name": null, "Lat": null, "Lon": null, "featuretyp": null, "awmc_mod": 0, "awmc_impor": 0, "awmc_class": 0, "creator": "rbelange", "notes": null, "timeperi_1": null}, "geometry": {"type": "MultiLineString", "coordinates": [[[4.802040000000545, 44.176320000000544], [4.817269999999667, 44.18488000000076], [4.831780000000492, 44.19463999999971], [4.837250000000438, 44.20511000000073], [4.841770000000849, 44.2148600000001], [4.84963000000073, 44.227240000000165], [4.855569999999773, 44.2389000000004], [4.866219999999885, 44.2520399999994], [4.878119999999512, 44.26125999999931], [4.89359, 44.27256999999912], [4.90459, 44.277319999999236], [4.926900000000387, 44.28178999999909], [4.949500000000739, 44.28506000000016], [4.971219999999448, 44.29011], [4.99561, 44.29724999999962], [5.028169999999591, 44.3097400000006], [5.05465, 44.32343000000037], [5.076660000000629, 44.335619999999835], [5.077952987303831, 44.33635347171304], [5.096579999999449, 44.34692], [5.106540000000734, 44.35144000000048]]]}}, {"type": "Feature", "properties": {"OBJECTID": 2327, "FNODE_": 0, "TNODE_": 0, "LPOLY_": 0, "RPOLY_": 0, "LENGTH": 0.0, "PROVINCE10": 0, "PROVINCE_1": 0, "Shape_Leng": 0.456176, "Source": "BAtlas_17", "Major_or_M": "0", "Known_or_a": "0", "Name": null, "timeperiod": "RL", "pid": null, "en_name": null, "Lat": null, "Lon": null, "featuretyp": null, "awmc_mod": 0, "awmc_impor": 0, "awmc_class": 0, "creator": "rbelange", "notes": null, "timeperi_1": null}, "geometry": {"type": "MultiLineString", "coordinates": [[[5.106540000000678, 44.351440000000366], [5.132719999999608, 44.36602], [5.142830000000686, 44.372559999999794], [5.158589999999094, 44.37673], [5.179120000000694, 44.38089000000036], [5.1925, 44.385949999999866], [5.21064, 44.398440000000846], [5.225220000000263, 44.40943999999945], [5.232060000000274, 44.41718000000037], [5.23711, 44.42282999999952], [5.243959999999788, 44.42610000000059], [5.251689999999144, 44.42758999999933], [5.290360000000874, 44.4267], [5.300769999999829, 44.42907000000014], [5.313109999999142, 44.42966999999953], [5.326199999999517, 44.43383], [5.329470000000583, 44.44216000000051], [5.335709999999381, 44.45108000000073], [5.335709999999381, 44.45881999999983], [5.342549999999392, 44.469530000000304], [5.342259999999442, 44.4730899999995], [5.338990000000194, 44.47963999999956], [5.34166, 44.48351], [5.3410700000004, 44.48975000000064], [5.344929999999295, 44.50045999999929], [5.355639999999767, 44.54061], [5.366939999999886, 44.551620000000185], [5.37349, 44.55757000000085], [5.380030000000261, 44.57422000000042], [5.380919999999605, 44.581959999999526], [5.386570000000575, 44.58552000000054], [5.386870000000272, 44.59028000000035], [5.393710000000283, 44.59742], [5.403529999999591, 44.600399999999354], [5.409770000000208, 44.605750000000626], [5.417810000000827, 44.60783000000083]]]}}, {"type": "Feature", "properties": {"OBJECTID": 2328, "FNODE_": 0, "TNODE_": 0, "LPOLY_": 0, "RPOLY_": 0, "LENGTH": 0.0, "PROVINCE10": 0, "PROVINCE_1": 0, "Shape_Leng": 0.802237, "Source": "BAtlas_17", "Major_or_M": "0", "Known_or_a": "0", "Name": null, "timeperiod": "RL", "pid": null, "en_name": null, "Lat": null, "Lon": null, "featuretyp": null, "awmc_mod": 0, "awmc_impor": 0, "awmc_class": 0, "creator": "rbelange", "notes": null, "timeperi_1": null}, "geometry": {"type": "MultiLineString", "coordinates": [[[5.727140000000986, 44.49807999999945], [5.723860000000172, 44.50165], [5.722669999999198, 44.50521999999921], [5.72595, 44.51087], [5.732490000000269, 44.515629999999874], [5.73963, 44.51920000000075], [5.74201, 44.523359999999286], [5.74201, 44.529010000000255], [5.736059999999384, 44.53764000000058], [5.730110000000536, 44.54774999999972], [5.725650000000257, 44.55042999999944], [5.712260000000299, 44.552509999999586], [5.702450000000795, 44.5599500000007], [5.693530000000464, 44.57155000000057], [5.686680000000706, 44.580770000000484], [5.681029999999851, 44.58582000000035], [5.679249999999286, 44.59088], [5.679249999999286, 44.60009999999971], [5.676569999999629, 44.60783000000089], [5.666460000000484, 44.6179400000002], [5.666460000000484, 44.62299999999965], [5.673000000000684, 44.6349], [5.673300000000495, 44.63935999999933], [5.667949999999223, 44.64589999999953], [5.66914, 44.66048000000046], [5.667949999999223, 44.66909999999922], [5.658129999999744, 44.68963000000076], [5.654560000000856, 44.7045], [5.649799999999232, 44.72829], [5.650100000000805, 44.751790000000256], [5.641180000000645, 44.76250000000073], [5.628389999999854, 44.775289999999586], [5.617679999999382, 44.78183], [5.615299999999479, 44.785990000000425], [5.615900000000806, 44.792830000000436], [5.622439999999244, 44.79788999999988], [5.621250000000259, 44.80384000000049], [5.614110000000494, 44.81128], [5.594479999999692, 44.82704000000018], [5.580799999999726, 44.83268999999922], [5.580799999999726, 44.83596000000034], [5.584670000000187, 44.8407200000002], [5.588549526259328, 44.84313232723275], [5.593290000000707, 44.846079999999404], [5.593290000000707, 44.852619999999604], [5.589420000000246, 44.85768], [5.58377, 44.86183999999952], [5.584070000000793, 44.86480999999924], [5.595079999999257, 44.87075999999985], [5.598640000000159, 44.87313999999981], [5.599239999999554, 44.87671000000046], [5.594180000000108, 44.88296000000088]]]}}, {"type": "Feature", "properties": {"OBJECTID": 2329, "FNODE_": 0, "TNODE_": 0, "LPOLY_": 0, "RPOLY_": 0, "LENGTH": 0.0, "PROVINCE10": 0, "PROVINCE_1": 0, "Shape_Leng": 0.823855, "Source": "BAtlas_17", "Major_or_M": "0", "Known_or_a": "0", "Name": null, "timeperiod": "RL", "pid": null, "en_name": null, "Lat": null, "Lon": null, "featuretyp": null, "awmc_mod": 0, "awmc_impor": 0, "awmc_class": 0, "creator": "rbelange", "notes": null, "timeperi_1": null}, "geometry": {"type": "MultiLineString", "coordinates": [[[5.710460000000239, 45.199609999999666], [5.715969999999231, 45.18445000000071], [5.707759999999382, 45.18088], [5.70241, 45.17088999999942], [5.701699999999619, 45.1555399999998], [5.703840000000127, 45.13305000000042], [5.70919, 45.11377999999979], [5.7174, 45.10520999999983], [5.727002627622255, 45.0954055658421], [5.72595, 45.086699999999894], [5.723270000000525, 45.078369999999325], [5.720289999999295, 45.07301999999987], [5.708399999999585, 45.04744000000028], [5.698280000000523, 45.03376000000026], [5.693230000000824, 45.01085000000057], [5.68728, 44.996279999999444], [5.68639000000087, 44.98913999999968], [5.685789999999542, 44.970699999999795], [5.683119999999747, 44.962670000000855], [5.68401000000091, 44.95314999999937], [5.685789999999542, 44.943040000000224], [5.683709999999394, 44.937679999999034], [5.679249999999286, 44.92994999999985], [5.677760000000546, 44.92192000000068], [5.676869999999383, 44.89723000000049], [5.67865, 44.89277000000038], [5.697389999999359, 44.88235999999972], [5.709290000000749, 44.87909000000042], [5.720590000000811, 44.8802799999994], [5.732190000000685, 44.8802799999994], [5.747059999999635, 44.88534000000078], [5.76253, 44.88861], [5.76937, 44.88741999999917], [5.78543, 44.87789999999944], [5.798370000000489, 44.86898], [5.815319999999758, 44.860950000000344], [5.826329999999814, 44.852919999999415], [5.834660000000554, 44.8436999999995], [5.849529999999504, 44.832389999999634], [5.86946, 44.822879999999714], [5.881950000000927, 44.819310000000826], [5.903070000000241, 44.813060000000405], [5.92879, 44.794320000000994], [5.940389999999752, 44.785400000000664], [5.948720000000321, 44.775289999999586], [5.950510000000634, 44.76993000000033], [5.94902, 44.76397999999972], [5.954369999999528, 44.75], [5.960619999999892, 44.73603000000014], [5.967759999999487, 44.71788000000015], [5.972519999999349, 44.71045000000055], [5.97638, 44.708360000000596], [5.98114, 44.70361000000054], [5.991550000000757, 44.69676000000078], [6.019510000000139, 44.67416000000043], [6.02665, 44.66404999999935], [6.033190000000104, 44.654829999999606], [6.046280000000479, 44.643519999999626], [6.054159999999683, 44.63282000000072], [6.067549999999869, 44.62211000000025], [6.081819999999425, 44.60575000000074], [6.095509999999194, 44.59207000000072], [6.116029999999171, 44.573329999999316], [6.14012, 44.5554800000009]]]}}, {"type": "Feature", "properties": {"OBJECTID": 2330, "FNODE_": 0, "TNODE_": 0, "LPOLY_": 0, "RPOLY_": 0, "LENGTH": 0.0, "PROVINCE10": 0, "PROVINCE_1": 0, "Shape_Leng": 0.212561, "Source": "BAtlas_17", "Major_or_M": "0", "Known_or_a": "0", "Name": null, "timeperiod": null, "pid": null, "en_name": null, "Lat": null, "Lon": null, "featuretyp": null, "awmc_mod": 0, "awmc_impor": 0, "awmc_class": 0, "creator": null, "notes": null, "timeperi_1": null}, "geometry": {"type": "MultiLineString", "coordinates": [[[5.986500000000888, 44.42907000000014], [5.987390000000232, 44.44484000000011], [5.9856, 44.45970999999918], [5.986199999999371, 44.47279999999955], [5.989470000000438, 44.478150000000824], [5.997499999999491, 44.487670000000435], [5.999579999999696, 44.500159999999596], [6.006129999999757, 44.51503000000048], [6.014750000000276, 44.526340000000346], [6.031109999999899, 44.54387999999926], [6.041219999999157, 44.56172999999944], [6.045389999999315, 44.57094999999936], [6.054609999999229, 44.581959999999526], [6.062340000000404, 44.596229999999196], [6.074539999999615, 44.614079999999376]]]}}, {"type": "Feature", "properties": {"OBJECTID": 2331, "FNODE_": 0, "TNODE_": 0, "LPOLY_": 0, "RPOLY_": 0, "LENGTH": 0.0, "PROVINCE10": 0, "PROVINCE_1": 0, "Shape_Leng": 0.231953, "Source": "BAtlas_17", "Major_or_M": "0", "Known_or_a": "1", "Name": null, "timeperiod": null, "pid": null, "en_name": null, "Lat": null, "Lon": null, "featuretyp": null, "awmc_mod": 0, "awmc_impor": 0, "awmc_class": 0, "creator": null, "notes": null, "timeperi_1": null}, "geometry": {"type": "MultiLineString", "coordinates": [[[5.717169999999896, 44.446029999999155], [5.70795, 44.44246000000021], [5.701409999999669, 44.44008000000031], [5.694569999999658, 44.4356200000002], [5.68505, 44.433240000000296], [5.680290000000241, 44.42878000000019], [5.677910000000338, 44.42282999999952], [5.679400000000896, 44.41450000000077], [5.689510000000155, 44.39487], [5.706759999999122, 44.373750000000655], [5.714200000000346, 44.366910000000644], [5.726090000000113, 44.352929999999105], [5.73769, 44.34222000000045], [5.747509999999238, 44.332109999999375], [5.763269999999466, 44.322000000000116], [5.7716, 44.31694000000061], [5.782900000000154, 44.30594000000019], [5.789150000000518, 44.29701000000023], [5.794799999999668, 44.28541000000041]]]}}, {"type": "Feature", "properties": {"OBJECTID": 2332, "FNODE_": 0, "TNODE_": 0, "LPOLY_": 0, "RPOLY_": 0, "LENGTH": 0.0, "PROVINCE10": 0, "PROVINCE_1": 0, "Shape_Leng": 0.151897, "Source": "BAtlas_17", "Major_or_M": "0", "Known_or_a": "0", "Name": null, "timeperiod": null, "pid": null, "en_name": null, "Lat": null, "Lon": null, "featuretyp": null, "awmc_mod": 0, "awmc_impor": 0, "awmc_class": 0, "creator": null, "notes": null, "timeperi_1": null}, "geometry": {"type": "MultiLineString", "coordinates": [[[5.924619999999777, 44.21686000000045], [5.912519999999859, 44.22153000000071], [5.9050900000002, 44.225689999999304], [5.900149999999485, 44.22968000000037], [5.884990000000471, 44.241869999999835], [5.880279999999402, 44.2462200000009], [5.859759999999369, 44.26347], [5.847529999999097, 44.26719000000048], [5.84078000000045, 44.27125999999953], [5.803980000000593, 44.275760000000446], [5.794540000000779, 44.28562000000056]]]}}, {"type": "Feature", "properties": {"OBJECTID": 2334, "FNODE_": 0, "TNODE_": 0, "LPOLY_": 0, "RPOLY_": 0, "LENGTH": 0.0, "PROVINCE10": 0, "PROVINCE_1": 0, "Shape_Leng": 0.525821, "Source": "BAtlas_17", "Major_or_M": "1", "Known_or_a": "0", "Name": null, "timeperiod": "RL", "pid": null, "en_name": null, "Lat": null, "Lon": null, "featuretyp": null, "awmc_mod": 0, "awmc_impor": 0, "awmc_class": 0, "creator": "rbelange", "notes": null, "timeperi_1": null}, "geometry": {"type": "MultiLineString", "coordinates": [[[6.59328, 44.88714000000084], [6.58007, 44.8796399999992], [6.568649999999252, 44.870000000000914], [6.55509, 44.85715], [6.544739999999479, 44.85002], [6.53724, 44.841089999999895], [6.53118, 44.83574000000044], [6.524750000000495, 44.82824000000073], [6.519759999999224, 44.816469999999754], [6.516540000000475, 44.80183000000045], [6.507260000000429, 44.78327], [6.503689999999551, 44.771849999999176], [6.503689999999551, 44.76363999999933], [6.509050000000514, 44.74828999999954], [6.516540000000475, 44.73652000000038], [6.526889999999241, 44.72117000000077], [6.53189000000026, 44.71225000000061], [6.534390000000712, 44.70261000000039], [6.53939, 44.69297000000017], [6.538490000000877, 44.67404999999968], [6.538850000000821, 44.663350000000776], [6.531360000000859, 44.645140000000595], [6.517439999999624, 44.631939999999304], [6.50209, 44.61801999999989], [6.48567, 44.608739999999784], [6.481739999999377, 44.60231000000033], [6.472820000000979, 44.58732000000066], [6.46961, 44.58196999999939], [6.46069, 44.573050000000876], [6.45212, 44.55948], [6.446050000000412, 44.54414], [6.441409999999507, 44.54057], [6.424639999999272, 44.538430000000574], [6.392159999999478, 44.53271], [6.378950000000373, 44.527], [6.34147, 44.518439999999885], [6.30935, 44.50843999999972], [6.29204000000027, 44.50987], [6.274910000000148, 44.51273000000043], [6.251710000000458, 44.522010000000705], [6.220660000000862, 44.5337899999995], [6.19996, 44.541989999999714], [6.15445, 44.552700000000186], [6.12768, 44.55733999999933], [6.100200000000711, 44.56198000000046], [6.084849999999335, 44.560910000000206], [6.068429999999466, 44.55912999999964], [6.056300000000192, 44.552700000000186], [6.04023000000052, 44.548419999999226], [6.008470000000784, 44.545920000000535], [5.986339999999586, 44.54378], [5.960820000000297, 44.54948999999942], [5.938330000000917, 44.55235], [5.914059999999211, 44.55163], [5.90121, 44.54912999999948], [5.85267000000033, 44.548419999999226], [5.829120000000444, 44.541639999999575], [5.79652, 44.52986000000061], [5.785137296379958, 44.524335144267184]]]}}, {"type": "Feature", "properties": {"OBJECTID": 2335, "FNODE_": 0, "TNODE_": 0, "LPOLY_": 0, "RPOLY_": 0, "LENGTH": 0.0, "PROVINCE10": 0, "PROVINCE_1": 0, "Shape_Leng": 0.674915, "Source": "BAtlas_17", "Major_or_M": "0", "Known_or_a": "0", "Name": null, "timeperiod": "RL", "pid": null, "en_name": null, "Lat": null, "Lon": null, "featuretyp": null, "awmc_mod": 0, "awmc_impor": 0, "awmc_class": 0, "creator": "rbelange", "notes": null, "timeperi_1": null}, "geometry": {"type": "MultiLineString", "coordinates": [[[6.231584571929564, 44.09965988035304], [6.231599999999162, 44.09967999999935], [6.227740000000267, 44.111580000000686], [6.229520000000775, 44.1231800000005], [6.234580000000278, 44.14103000000068], [6.23934, 44.1550100000004], [6.240529999999126, 44.17374000000018], [6.242910000000848, 44.18176999999923], [6.254510000000664, 44.19664999999986], [6.259860000000117, 44.20883999999933], [6.26492, 44.22401], [6.273540000000139, 44.23472000000038], [6.28276, 44.24006999999983], [6.296150000000125, 44.24066999999923], [6.305959999999686, 44.246320000000196], [6.318750000000364, 44.2570199999991], [6.324099999999817, 44.26980999999978], [6.31905, 44.2861699999994], [6.313099999999395, 44.29569000000083], [6.305959999999686, 44.303719999999885], [6.29853, 44.31711], [6.276219999999739, 44.342389999999796], [6.261640000000625, 44.35427999999956], [6.244989999999234, 44.3647], [6.23012000000017, 44.37183], [6.21792, 44.385990000000675], [6.209000000000742, 44.401700000000346], [6.203999999999724, 44.41453999999976], [6.194009999999253, 44.433100000000195], [6.187579999999798, 44.4448799999991], [6.186509999999544, 44.44952000000012]]]}}, {"type": "Feature", "properties": {"OBJECTID": 2336, "FNODE_": 0, "TNODE_": 0, "LPOLY_": 0, "RPOLY_": 0, "LENGTH": 0.0, "PROVINCE10": 0, "PROVINCE_1": 0, "Shape_Leng": 0.044528, "Source": "BAtlas_17", "Major_or_M": "0", "Known_or_a": "0", "Name": null, "timeperiod": "RL", "pid": null, "en_name": null, "Lat": null, "Lon": null, "featuretyp": null, "awmc_mod": 0, "awmc_impor": 0, "awmc_class": 0, "creator": "rbelange", "notes": null, "timeperi_1": null}, "geometry": {"type": "MultiLineString", "coordinates": [[[6.56163000000015, 44.32496], [6.566269999999349, 44.3374500000009], [6.570560000000114, 44.34779999999955], [6.575549999999566, 44.354230000000825], [6.583759999999529, 44.36278999999922]]]}}, {"type": "Feature", "properties": {"OBJECTID": 2337, "FNODE_": 0, "TNODE_": 0, "LPOLY_": 0, "RPOLY_": 0, "LENGTH": 0.0, "PROVINCE10": 0, "PROVINCE_1": 0, "Shape_Leng": 1.389978, "Source": "BAtlas_17", "Major_or_M": "1", "Known_or_a": "0", "Name": null, "timeperiod": "RL", "pid": null, "en_name": null, "Lat": null, "Lon": null, "featuretyp": null, "awmc_mod": 0, "awmc_impor": 0, "awmc_class": 0, "creator": "rbelange", "notes": null, "timeperi_1": null}, "geometry": {"type": "MultiLineString", "coordinates": [[[7.48416, 44.33851999999945], [7.457099999999684, 44.343460000000164], [7.437169999999298, 44.34584], [7.422590000000184, 44.34554000000031], [7.41367, 44.34226999999919], [7.400879999999233, 44.33274999999969], [7.39017000000058, 44.32649999999933], [7.37441000000041, 44.320260000000474], [7.355369999999425, 44.31758000000093], [7.321169999999256, 44.315800000000365], [7.29455000000064, 44.31727999999936], [7.257970000000569, 44.324720000000525], [7.247849999999687, 44.32442000000094], [7.200709999999162, 44.302410000000236], [7.17007, 44.289619999999616], [7.138549999999611, 44.2803999999997], [7.112670000000435, 44.27921000000072], [7.09066, 44.27654000000075], [7.07222, 44.2771300000004], [7.055270000000746, 44.273859999999274], [7.04575, 44.27475000000044], [7.032960000000458, 44.28219], [7.00619, 44.301520000001005], [6.994290000000603, 44.30955], [6.967969999999809, 44.31727999999936], [6.941199999999242, 44.324720000000525], [6.918299999999363, 44.33928999999989], [6.897479999999746, 44.35981999999967], [6.882900000000632, 44.36844000000019], [6.863269999999829, 44.37469000000061], [6.842749999999853, 44.38985999999937], [6.826989999999512, 44.401159999999436], [6.810779999999795, 44.4097899999997], [6.773300000000745, 44.43150000000065], [6.7388, 44.44904999999932], [6.725109999999461, 44.45171999999911], [6.697749999999473, 44.45142999999928], [6.689720000000307, 44.44815000000017], [6.67782000000085, 44.433880000000556], [6.668600000000936, 44.42079000000018], [6.666219999999271, 44.410680000000866], [6.661319999999364, 44.39907999999929], [6.6521, 44.387479999999414], [6.646150000000603, 44.38330999999937], [6.630090000000678, 44.377660000000105], [6.618189999999288, 44.37141999999949], [6.60837, 44.367249999999444], [6.596770000000163, 44.364279999999894], [6.572089999999662, 44.36248999999958], [6.550970000000348, 44.36248999999958], [6.511710000000733, 44.36993000000075], [6.489550000000236, 44.37349999999964], [6.474379999999655, 44.3743900000008], [6.449989999999218, 44.37826], [6.421140000000491, 44.37826], [6.407750000000306, 44.38183000000038], [6.397049999999638, 44.38837000000058], [6.391400000000374, 44.39907999999929], [6.378899999999817, 44.410680000000866], [6.359570000000588, 44.42525000000029], [6.348710000000324, 44.43150000000065], [6.322539999999321, 44.44310000000053], [6.313319999999408, 44.44636999999966], [6.298150000000646, 44.449339999999154], [6.272870000000808, 44.45171999999911], [6.257400000000473, 44.45855999999907], [6.247590000000969, 44.45855999999907], [6.239260000000229, 44.45886000000064], [6.228549999999814, 44.461540000000355], [6.222799999999552, 44.45812], [6.210310000000504, 44.45348000000013], [6.179969999999287, 44.448839999999166], [6.172119999999381, 44.44456], [6.097700000000259, 44.446700000000476], [6.072710000000484, 44.45598000000075], [6.06665000000072, 44.459189999999694], [6.048440000000539, 44.46240000000046], [6.030950000000416, 44.46240000000046], [6.020959999999832, 44.45954999999964], [6.009179999999162, 44.45312000000018], [5.998830000000567, 44.44312999999977], [5.979199999999821, 44.42243000000053], [5.968489999999349, 44.41208], [5.962069999999642, 44.40637000000061], [5.952079999999228, 44.40207999999984], [5.939940000000206, 44.399579999999446], [5.92281, 44.39673000000039], [5.913169999999809, 44.39351999999968], [5.901750000001016, 44.38530999999966], [5.896399999999574, 44.37924000000032], [5.886759999999356, 44.36602999999923], [5.878909999999507, 44.35426], [5.868580000000293, 44.33749999999958], [5.855729999999312, 44.32430000000022], [5.848749999999256, 44.29180000000093], [5.853030000000274, 44.275739999999246], [5.867870000000153, 44.26361999999972], [5.88836000000083, 44.253249999999866], [5.902850000000342, 44.24292000000065], [5.911920000000464, 44.23396999999943], [5.93212, 44.210080000000744]]]}}, {"type": "Feature", "properties": {"OBJECTID": 2338, "FNODE_": 0, "TNODE_": 0, "LPOLY_": 0, "RPOLY_": 0, "LENGTH": 0.0, "PROVINCE10": 0, "PROVINCE_1": 0, "Shape_Leng": 0.590023, "Source": "BAtlas_17", "Major_or_M": "0", "Known_or_a": "0", "Name": null, "timeperiod": null, "pid": null, "en_name": null, "Lat": null, "Lon": null, "featuretyp": null, "awmc_mod": 0, "awmc_impor": 0, "awmc_class": 0, "creator": null, "notes": null, "timeperi_1": null}, "geometry": {"type": "MultiLineString", "coordinates": [[[6.518879999999626, 45.480540000000474], [6.514950000000681, 45.47269000000051], [6.508879999999408, 45.4655500000008], [6.499959999999191, 45.45734000000084], [6.48711, 45.44735000000037], [6.4789, 45.44021000000066], [6.473550000000614, 45.431290000000445], [6.468549999999595, 45.42344000000048], [6.464270000000397, 45.411659999999756], [6.463910000000396, 45.39595], [6.468189999999595, 45.380960000000414], [6.477469999999812, 45.366330000000744], [6.489610000000539, 45.34455999999955], [6.4946, 45.33741999999984], [6.497460000000501, 45.329209999999875], [6.497460000000501, 45.32207000000017], [6.492819999999483, 45.31315], [6.47926, 45.30100999999922], [6.473900000000867, 45.292090000000826], [6.465690000000905, 45.277099999999336], [6.451119999999719, 45.261570000000575], [6.445470000000569, 45.25473000000056], [6.434460000000399, 45.23421000000053], [6.42881, 45.221120000000155], [6.42584, 45.2122], [6.42346, 45.20624999999927], [6.422860000000583, 45.201789999999164], [6.42792, 45.199109999999564], [6.429700000000594, 45.19494999999915], [6.42346, 45.19494999999915], [6.417209999999614, 45.19434999999976], [6.412449999999808, 45.19614], [6.406510000000708, 45.19287000000077], [6.40056, 45.18037], [6.388960000000225, 45.16193000000021], [6.38479, 45.15063], [6.382410000000164, 45.14437999999973], [6.384500000000116, 45.129510000000664], [6.388960000000225, 45.117019999999684], [6.391340000000127, 45.10541999999987], [6.397580000000744, 45.09263], [6.397880000000441, 45.08668000000034], [6.396389999999883, 45.08310999999958], [6.39104000000043, 45.08102999999937], [6.388059999999314, 45.07687000000078], [6.377360000000408, 45.07062000000042], [6.365760000000591, 45.067049999999654], [6.362189999999828, 45.064080000000104], [6.35921000000053, 45.0590200000006], [6.35743, 45.05248000000029], [6.353559999999561, 45.048609999999826], [6.349700000000666, 45.04504000000088], [6.349099999999453, 45.04118000000017], [6.350290000000314, 45.03730999999971], [6.355639999999767, 45.03730999999971], [6.365460000000894, 45.03968999999961], [6.376759999999194, 45.04027999999926], [6.382120000000214, 45.03551999999945]]]}}, {"type": "Feature", "properties": {"OBJECTID": 2339, "FNODE_": 0, "TNODE_": 0, "LPOLY_": 0, "RPOLY_": 0, "LENGTH": 0.0, "PROVINCE10": 0, "PROVINCE_1": 0, "Shape_Leng": 1.227275, "Source": "BAtlas_17", "Major_or_M": "0", "Known_or_a": "0", "Name": null, "timeperiod": null, "pid": null, "en_name": null, "Lat": null, "Lon": null, "featuretyp": null, "awmc_mod": 0, "awmc_impor": 0, "awmc_class": 0, "creator": null, "notes": null, "timeperi_1": null}, "geometry": {"type": "MultiLineString", "coordinates": [[[6.86875, 45.279119999999295], [6.84923, 45.27942000000081], [6.828947744718903, 45.27900452191301], [6.819939999999406, 45.278819999999484], [6.809230000000866, 45.27734000000049], [6.789899999999875, 45.271689999999694], [6.784240000000864, 45.26721999999984], [6.778000000000247, 45.258], [6.773240000000385, 45.25265000000047], [6.767289999999775, 45.24849], [6.764020000000471, 45.24284000000091], [6.762230000000329, 45.23629000000079], [6.752720000000409, 45.229750000000536], [6.737849999999469, 45.219339999999704], [6.720590000000811, 45.2119000000003], [6.703340000000139, 45.20744000000025], [6.691450000000259, 45.20803999999964], [6.671070000000327, 45.203569999999786], [6.657690000000116, 45.20327999999978], [6.641630000000191, 45.19554000000062], [6.630320000000154, 45.19226999999955], [6.61515, 45.18870000000061], [6.600580000000264, 45.190189999999404], [6.574699999999268, 45.19733000000093], [6.56162000000046, 45.19822000000033], [6.54793000000069, 45.20118999999988], [6.526970000000858, 45.202680000000385], [6.499599999999191, 45.20685000000043], [6.479970000000321, 45.211600000000544], [6.463910000000453, 45.22053000000062], [6.45082, 45.22707000000082], [6.42852, 45.23747999999978], [6.41007, 45.24819000000019], [6.386280000000625, 45.25681000000077], [6.374680000000922, 45.25919000000067], [6.352070000000879, 45.258], [6.3372, 45.25771], [6.330659999999682, 45.261870000000386], [6.325010000000475, 45.27347], [6.326049999999668, 45.28448000000026], [6.328729999999325, 45.29340000000059], [6.328729999999325, 45.299349999999436], [6.321889999999371, 45.31094999999908], [6.309989999999743, 45.33028000000013], [6.303149999999732, 45.34276999999935], [6.298689999999681, 45.351699999999255], [6.290059999999357, 45.358239999999626], [6.287089999999807, 45.3698399999995], [6.285, 45.38917000000049], [6.283520000000919, 45.40107], [6.281139999999198, 45.409100000000876], [6.279650000000458, 45.416540000000225], [6.274590000001012, 45.42159], [6.269829999999388, 45.42396999999988], [6.249610000000757, 45.43764999999985], [6.239789999999687, 45.440629999999146], [6.22581, 45.44390000000021], [6.210650000000953, 45.452530000000536], [6.196669999999358, 45.45907000000079], [6.18477, 45.46591000000075], [6.172720000000538, 45.466500000000565], [6.14685, 45.46918], [6.130789999999365, 45.47006999999945], [6.11175, 45.46739999999954], [6.099550000000932, 45.4671], [6.081710000000498, 45.467989999999304], [6.07338, 45.47006999999945], [6.049880000000485, 45.48851], [6.040069999999162, 45.4962500000002], [6.036500000000274, 45.50220000000081]]]}}, {"type": "Feature", "properties": {"OBJECTID": 2340, "FNODE_": 0, "TNODE_": 0, "LPOLY_": 0, "RPOLY_": 0, "LENGTH": 0.0, "PROVINCE10": 0, "PROVINCE_1": 0, "Shape_Leng": 0.340752, "Source": "BAtlas_17", "Major_or_M": "0", "Known_or_a": "1", "Name": null, "timeperiod": "RL", "pid": null, "en_name": null, "Lat": null, "Lon": null, "featuretyp": null, "awmc_mod": 0, "awmc_impor": 0, "awmc_class": 0, "creator": null, "notes": "rbelange", "timeperi_1": null}, "geometry": {"type": "MultiLineString", "coordinates": [[[6.786739999999554, 45.03463000000011], [6.77723, 45.032250000000204], [6.765919999999824, 45.03374000000076], [6.757299999999304, 45.034929999999804], [6.74748, 45.03374000000076], [6.7338, 45.03463000000011], [6.720419999999649, 45.03850000000057], [6.704649999999674, 45.045930000000226], [6.690370000000257, 45.05307], [6.678480000000491, 45.06228999999985], [6.675209999999424, 45.064080000000104], [6.665689999999813, 45.06466999999975], [6.652899999999136, 45.06854000000021], [6.646059999999125, 45.07270000000062], [6.634749999999258, 45.07805999999982], [6.622559999999794, 45.079250000000684], [6.596089999999094, 45.08936], [6.58806, 45.08995], [6.57854000000043, 45.0962], [6.570809999999256, 45.09887999999955], [6.569020000000819, 45.10304], [6.570209999999861, 45.112559999999576], [6.57557000000088, 45.12059000000045], [6.583300000000236, 45.1309999999994], [6.59044, 45.135159999999814], [6.600249999999505, 45.14141000000018], [6.609179999999469, 45.151819999999134], [6.616609999999127, 45.16669], [6.617500000000291, 45.17591], [6.617500000000291, 45.18304999999964], [6.61602, 45.189000000000306]]]}}, {"type": "Feature", "properties": {"OBJECTID": 2341, "FNODE_": 0, "TNODE_": 0, "LPOLY_": 0, "RPOLY_": 0, "LENGTH": 0.0, "PROVINCE10": 0, "PROVINCE_1": 0, "Shape_Leng": 0.111778, "Source": "BAtlas_17", "Major_or_M": "0", "Known_or_a": "1", "Name": null, "timeperiod": null, "pid": null, "en_name": null, "Lat": null, "Lon": null, "featuretyp": null, "awmc_mod": 0, "awmc_impor": 0, "awmc_class": 0, "creator": null, "notes": null, "timeperi_1": null}, "geometry": {"type": "MultiLineString", "coordinates": [[[6.910529999999198, 45.09531000000061], [6.933139999999185, 45.10601999999926], [6.952170000000478, 45.11583000000064], [6.964669999999387, 45.12297000000035], [6.974780000000464, 45.12446000000091], [6.991729999999734, 45.1286199999995], [7.003329999999551, 45.1309999999994], [7.00869000000057, 45.12981000000036], [7.014639999999417, 45.12981000000036]]]}}, {"type": "Feature", "properties": {"OBJECTID": 2342, "FNODE_": 0, "TNODE_": 0, "LPOLY_": 0, "RPOLY_": 0, "LENGTH": 0.0, "PROVINCE10": 0, "PROVINCE_1": 0, "Shape_Leng": 0.270346, "Source": "BAtlas_17", "Major_or_M": "0", "Known_or_a": "1", "Name": null, "timeperiod": "RL", "pid": null, "en_name": null, "Lat": null, "Lon": null, "featuretyp": null, "awmc_mod": 0, "awmc_impor": 0, "awmc_class": 0, "creator": "rbelange", "notes": null, "timeperi_1": null}, "geometry": {"type": "MultiLineString", "coordinates": [[[7.014390000000333, 45.129670000000374], [7.008690000000684, 45.12981000000042], [7.003329999999664, 45.1309999999994], [6.991729999999848, 45.1286199999995], [6.974780000000521, 45.124460000000965], [6.964669999999444, 45.12297000000041], [6.937299999999709, 45.12922000000083], [6.931350000000862, 45.13189000000057], [6.922730000000286, 45.14052000000089], [6.905779999999254, 45.14884999999964], [6.88882000000018, 45.15896000000072], [6.879600000000266, 45.16788000000088], [6.875439999999742, 45.17382999999967], [6.860119999999426, 45.185729999999296], [6.854170000000579, 45.187809999999445], [6.839889999999286, 45.1893], [6.83186000000029, 45.19168], [6.833350000000848, 45.19822000000033], [6.848819999999364, 45.2122], [6.858930000000441, 45.21963999999946], [6.86607, 45.224389999999346], [6.870530000000144, 45.23063999999977], [6.870530000000144, 45.238670000000695], [6.868150000000185, 45.24313000000075], [6.863690000000133, 45.24819000000019], [6.862199999999575, 45.252060000000654], [6.86875, 45.25652000000093], [6.86875, 45.25859999999932], [6.862800000000902, 45.263360000000944], [6.865770000000452, 45.26751999999942], [6.870530000000144, 45.27347], [6.86875, 45.279119999999295], [6.880460000000369, 45.28001000000046], [6.889090000000635, 45.2814999999992], [6.897419999999386, 45.28477000000032], [6.914370000000474, 45.292509999999425], [6.931029999999794, 45.297860000000696], [6.942919999999447, 45.30321000000015], [6.953929999999673, 45.31005000000016], [6.96018, 45.31600000000077], [6.967609999999695, 45.32344000000012], [6.973560000000475, 45.32582], [6.982780000000389, 45.32552000000044], [6.985160000000121, 45.323140000000535], [6.9923, 45.31898], [6.997349999999585, 45.31481], [7.000920000000463, 45.307969999999784], [7.010140000000376, 45.301429999999584], [7.020259999999269, 45.297860000000696], [7.02769000000086, 45.297860000000696], [7.036910000000773, 45.299349999999436], [7.051489999999887, 45.3002400000006]]]}}, {"type": "Feature", "properties": {"OBJECTID": 2343, "FNODE_": 0, "TNODE_": 0, "LPOLY_": 0, "RPOLY_": 0, "LENGTH": 0.0, "PROVINCE10": 0, "PROVINCE_1": 0, "Shape_Leng": 0.118704, "Source": "BAtlas_17", "Major_or_M": "0", "Known_or_a": "1", "Name": null, "timeperiod": null, "pid": null, "en_name": null, "Lat": null, "Lon": null, "featuretyp": null, "awmc_mod": 0, "awmc_impor": 0, "awmc_class": 0, "creator": null, "notes": null, "timeperi_1": null}, "geometry": {"type": "MultiLineString", "coordinates": [[[6.720919999999865, 45.2119000000003], [6.731630000000337, 45.21131000000071], [6.74561, 45.20565999999968], [6.750959999999395, 45.20327999999978], [6.756020000000774, 45.20476000000053], [6.759879999999725, 45.20148999999947], [6.763750000000186, 45.20387], [6.767620000000647, 45.20417000000094], [6.771779999999126, 45.20118999999988], [6.77654000000075, 45.196729999999775], [6.7932, 45.194649999999456], [6.805990000000861, 45.19525000000078], [6.826209999999264, 45.19256999999931], [6.83186000000029, 45.19168]]]}}, {"type": "Feature", "properties": {"OBJECTID": 2344, "FNODE_": 0, "TNODE_": 0, "LPOLY_": 0, "RPOLY_": 0, "LENGTH": 0.0, "PROVINCE10": 0, "PROVINCE_1": 0, "Shape_Leng": 0.303522, "Source": "BAtlas_17", "Major_or_M": "0", "Known_or_a": "0", "Name": null, "timeperiod": "RL", "pid": null, "en_name": null, "Lat": null, "Lon": null, "featuretyp": null, "awmc_mod": 0, "awmc_impor": 0, "awmc_class": 0, "creator": "rbelange", "notes": null, "timeperi_1": null}, "geometry": {"type": "MultiLineString", "coordinates": [[[5.343179999999847, 44.75216999999975], [5.359539999999527, 44.76347], [5.380069999999307, 44.77686], [5.381250000000477, 44.78220999999945], [5.381250000000477, 44.78874999999982], [5.385720000000276, 44.800349999999526], [5.402669999999603, 44.80779000000081], [5.409809999999197, 44.81194999999934], [5.430630000000747, 44.81314000000026], [5.444310000000712, 44.81611999999956], [5.444910000000277, 44.817610000000116], [5.442820000000211, 44.820579999999666], [5.445200000000114, 44.82236000000023], [5.45651, 44.82503999999972], [5.471079999999347, 44.833370000000286], [5.48238, 44.83991000000066], [5.490410000000338, 44.8449700000001], [5.493187421358641, 44.84835886859827]]]}}, {"type": "Feature", "properties": {"OBJECTID": 2349, "FNODE_": 0, "TNODE_": 0, "LPOLY_": 0, "RPOLY_": 0, "LENGTH": 0.0, "PROVINCE10": 0, "PROVINCE_1": 0, "Shape_Leng": 0.508398, "Source": "BAtlas_17", "Major_or_M": "0", "Known_or_a": "1", "Name": null, "timeperiod": null, "pid": null, "en_name": null, "Lat": null, "Lon": null, "featuretyp": null, "awmc_mod": 0, "awmc_impor": 0, "awmc_class": 0, "creator": "rbelange", "notes": null, "timeperi_1": null}, "geometry": {"type": "MultiLineString", "coordinates": [[[4.085779999999431, 45.60850000000028], [4.080780000000232, 45.61528], [4.067220000000816, 45.63883999999962], [4.05616, 45.6559699999998], [4.051869999999326, 45.67952999999943], [4.045809999999619, 45.69737999999961], [4.039380000000165, 45.71200999999928], [4.039020000000164, 45.720219999999244], [4.043659999999363, 45.73985], [4.041880000000674, 45.75413], [4.03867, 45.760550000000876], [4.04081000000042, 45.769469999999274], [4.04117000000042, 45.7858899999992], [4.049730000000636, 45.812299999999595], [4.049730000000636, 45.81873000000087], [4.036169999999402, 45.83300000000054], [4.035099999999147, 45.84014000000025], [4.03867, 45.85620000000017], [4.044739999999365, 45.87154999999984], [4.044739999999365, 45.88083], [4.034379999999146, 45.899390000000494], [4.032960000000458, 45.9108099999994], [4.028669999999693, 45.91617000000042], [4.011179999999513, 45.926869999999326], [4.006900000000314, 45.932590000000346], [4.003329999999551, 45.94650999999976], [4.003689999999551, 45.96542000000045], [4.009040000000823, 45.983980000000884], [4.02046, 45.99647], [4.026529999999184, 46.00825000000077], [4.041880000000674, 46.0246700000007], [4.049380000000383, 46.02752999999939], [4.075430000000779, 46.04965000000084]]]}}, {"type": "Feature", "properties": {"OBJECTID": 2350, "FNODE_": 0, "TNODE_": 0, "LPOLY_": 0, "RPOLY_": 0, "LENGTH": 0.0, "PROVINCE10": 0, "PROVINCE_1": 0, "Shape_Leng": 0.364245, "Source": "BAtlas_17", "Major_or_M": "0", "Known_or_a": "0", "Name": null, "timeperiod": null, "pid": null, "en_name": null, "Lat": null, "Lon": null, "featuretyp": null, "awmc_mod": 0, "awmc_impor": 0, "awmc_class": 0, "creator": null, "notes": null, "timeperi_1": null}, "geometry": {"type": "MultiLineString", "coordinates": [[[4.846050000000105, 45.79925], [4.855330000000322, 45.810670000000755], [4.875319999999192, 45.83422000000064], [4.882449999999153, 45.84101], [4.882809999999154, 45.845289999999295], [4.875319999999192, 45.859920000000784], [4.868179999999484, 45.879549999999654], [4.85426, 45.89560999999958], [4.829630000000179, 45.919879999999466], [4.823920000000726, 45.93131], [4.819639999999708, 45.940230000000156], [4.813930000000255, 45.942730000000665], [4.79465, 45.945229999999356], [4.783939999999347, 45.94772000000012], [4.765740000000733, 45.95879000000059], [4.76289, 45.96949999999924], [4.765030000000479, 45.979489999999714], [4.766100000000733, 45.994479999999385], [4.765030000000479, 46.0391], [4.753609999999753, 46.04802000000018], [4.74611, 46.05122999999912], [4.72041, 46.059800000000905]]]}}, {"type": "Feature", "properties": {"OBJECTID": 2351, "FNODE_": 0, "TNODE_": 0, "LPOLY_": 0, "RPOLY_": 0, "LENGTH": 0.0, "PROVINCE10": 0, "PROVINCE_1": 0, "Shape_Leng": 0.570746, "Source": "BAtlas_17", "Major_or_M": "0", "Known_or_a": "0", "Name": null, "timeperiod": null, "pid": null, "en_name": null, "Lat": null, "Lon": null, "featuretyp": null, "awmc_mod": 0, "awmc_impor": 0, "awmc_class": 0, "creator": null, "notes": null, "timeperi_1": null}, "geometry": {"type": "MultiLineString", "coordinates": [[[5.035040000000663, 45.85885000000053], [5.04432000000088, 45.88632999999936], [5.047529999999824, 45.907390000000305], [5.05681, 45.942730000000665], [5.062879999999495, 45.96379], [5.061809999999241, 45.97127999999975], [5.04682, 45.994479999999385], [5.033610000000408, 46.01518000000033], [5.028609999999389, 46.02160999999978], [5.020399999999427, 46.03017], [5.01148, 46.03659999999945], [5.007910000000265, 46.044449999999415], [5.005059999999503, 46.056580000000395], [5.001130000000558, 46.08335000000079], [4.997559999999794, 46.08763999999974], [4.989709999999832, 46.091560000000754], [4.972579999999653, 46.09656], [4.952230000000782, 46.109049999999115], [4.942590000000564, 46.11583000000064], [4.925279999999475, 46.12118999999984], [4.910289999999804, 46.124760000000606], [4.891379999999117, 46.13189000000057], [4.859969999999521, 46.139030000000275], [4.837840000000142, 46.142250000000786], [4.816779999999198, 46.14331999999922], [4.80357, 46.13796], [4.797150000000329, 46.12760999999955], [4.783939999999347, 46.11012], [4.772880000000441, 46.10013000000072], [4.769309999999678, 46.08727999999974], [4.768949999999677, 46.0690799999993], [4.767169999999169, 46.04695], [4.765030000000479, 46.03838]]]}}, {"type": "Feature", "properties": {"OBJECTID": 2352, "FNODE_": 0, "TNODE_": 0, "LPOLY_": 0, "RPOLY_": 0, "LENGTH": 0.0, "PROVINCE10": 0, "PROVINCE_1": 0, "Shape_Leng": 0.352227, "Source": "BAtlas_17", "Major_or_M": "0", "Known_or_a": "0", "Name": null, "timeperiod": null, "pid": null, "en_name": null, "Lat": null, "Lon": null, "featuretyp": null, "awmc_mod": 0, "awmc_impor": 0, "awmc_class": 0, "creator": null, "notes": null, "timeperi_1": null}, "geometry": {"type": "MultiLineString", "coordinates": [[[5.635200000000623, 45.82459000000017], [5.604139999999461, 45.83530000000064], [5.588079999999536, 45.843150000000605], [5.56453, 45.85243000000082], [5.553459999999177, 45.857420000000275], [5.542400000000271, 45.87205999999969], [5.540259999999762, 45.88348000000042], [5.535260000000562, 45.89703999999983], [5.526340000000346, 45.90632], [5.517410000000382, 45.91417], [5.512419999999111, 45.92274], [5.507600000000821, 45.93558999999914], [5.49475, 45.9463], [5.475119999999151, 45.95593], [5.457990000000791, 45.959860000000845], [5.435859999999593, 45.95593], [5.42015, 45.949870000000374], [5.402309999999488, 45.93665999999939], [5.394099999999526, 45.93309000000045], [5.385169999999562, 45.9348800000007], [5.376969999999346, 45.9463], [5.368399999999383, 45.9659300000003]]]}}, {"type": "Feature", "properties": {"OBJECTID": 2353, "FNODE_": 0, "TNODE_": 0, "LPOLY_": 0, "RPOLY_": 0, "LENGTH": 0.0, "PROVINCE10": 0, "PROVINCE_1": 0, "Shape_Leng": 0.318453, "Source": "BAtlas_17", "Major_or_M": "0", "Known_or_a": "1", "Name": null, "timeperiod": null, "pid": null, "en_name": null, "Lat": null, "Lon": null, "featuretyp": null, "awmc_mod": 0, "awmc_impor": 0, "awmc_class": 0, "creator": null, "notes": null, "timeperi_1": null}, "geometry": {"type": "MultiLineString", "coordinates": [[[5.687309999999343, 45.760340000000724], [5.678379999999436, 45.77104999999938], [5.66768000000053, 45.784970000000556], [5.657680000000369, 45.80282000000079], [5.649470000000349, 45.81137999999925], [5.641260000000329, 45.819589999999266], [5.635910000000877, 45.82423000000017], [5.635550000000933, 45.82816], [5.640910000000133, 45.84742999999986], [5.646969999999897, 45.855279999999766], [5.65697, 45.86742000000061], [5.66161, 45.87954999999971], [5.66446, 45.898830000000146], [5.663039999999398, 45.91167999999931], [5.664109999999823, 45.951650000000996], [5.665530000000274, 45.96306999999979], [5.66518, 45.97271], [5.66982, 46.00876000000068]]]}}, {"type": "Feature", "properties": {"OBJECTID": 2354, "FNODE_": 0, "TNODE_": 0, "LPOLY_": 0, "RPOLY_": 0, "LENGTH": 0.0, "PROVINCE10": 0, "PROVINCE_1": 0, "Shape_Leng": 0.466831, "Source": "BAtlas_19", "Major_or_M": "0", "Known_or_a": "1", "Name": null, "timeperiod": null, "pid": null, "en_name": null, "Lat": null, "Lon": null, "featuretyp": null, "awmc_mod": 0, "awmc_impor": 0, "awmc_class": 0, "creator": null, "notes": null, "timeperi_1": null}, "geometry": {"type": "MultiLineString", "coordinates": [[[5.690699999999197, 45.755699999999706], [5.7089, 45.7535599999992], [5.7271, 45.75641999999971], [5.739949999999226, 45.75677], [5.748159999999189, 45.76177], [5.760650000000169, 45.77712000000065], [5.77671, 45.81852000000072], [5.77707, 45.8470699999998], [5.797420000000784, 45.892760000000635], [5.798489999999219, 45.907390000000305], [5.80206, 45.91667000000052], [5.812760000000708, 45.93131], [5.813480000000709, 45.93665999999939], [5.8113400000002, 45.94844000000012], [5.807769999999437, 45.954859999999826], [5.807769999999437, 45.959860000000845], [5.80134, 45.96771000000081], [5.79349, 45.98698999999942], [5.782779999999548, 46.0134], [5.77743, 46.03339000000051], [5.77886000000035, 46.04695], [5.77671, 46.057300000000396], [5.77779, 46.07336000000032], [5.77886000000035, 46.08727999999974], [5.78528, 46.10620000000017], [5.800629999999728, 46.13474999999926], [5.804910000000746, 46.13832]]]}}, {"type": "Feature", "properties": {"OBJECTID": 2355, "FNODE_": 0, "TNODE_": 0, "LPOLY_": 0, "RPOLY_": 0, "LENGTH": 0.0, "PROVINCE10": 0, "PROVINCE_1": 0, "Shape_Leng": 0.060286, "Source": "BAtlas_17", "Major_or_M": "0", "Known_or_a": "1", "Name": null, "timeperiod": null, "pid": null, "en_name": null, "Lat": null, "Lon": null, "featuretyp": null, "awmc_mod": 0, "awmc_impor": 0, "awmc_class": 0, "creator": null, "notes": null, "timeperi_1": null}, "geometry": {"type": "MultiLineString", "coordinates": [[[5.800629999999728, 45.96913999999924], [5.814549999999144, 45.960220000000845], [5.820620000000417, 45.95682999999917], [5.826329999999871, 45.95326000000023], [5.826680000000124, 45.94896999999946], [5.821690000000672, 45.942909999999756], [5.818470000000161, 45.937550000000556], [5.81776, 45.93290999999954], [5.815619999999399, 45.93113000000085], [5.811690000000453, 45.929700000000594]]]}}, {"type": "Feature", "properties": {"OBJECTID": 2358, "FNODE_": 0, "TNODE_": 0, "LPOLY_": 0, "RPOLY_": 0, "LENGTH": 0.0, "PROVINCE10": 0, "PROVINCE_1": 0, "Shape_Leng": 0.238029, "Source": "BAtlas_17", "Major_or_M": "0", "Known_or_a": "1", "Name": null, "timeperiod": null, "pid": null, "en_name": null, "Lat": null, "Lon": null, "featuretyp": null, "awmc_mod": 0, "awmc_impor": 0, "awmc_class": 0, "creator": null, "notes": null, "timeperi_1": null}, "geometry": {"type": "MultiLineString", "coordinates": [[[6.13256, 45.93433999999979], [6.143630000000485, 45.93934000000081], [6.152550000000701, 45.94612000000052], [6.158980000000156, 45.955400000000736], [6.161120000000665, 45.96538999999939], [6.16219, 45.97574], [6.161120000000665, 45.98823000000084], [6.162899999999354, 45.99750999999924], [6.169680000000881, 46.0060799999992], [6.187529999999242, 46.02107000000069], [6.193240000000515, 46.029280000000654], [6.197519999999713, 46.03141999999934], [6.213229999999385, 46.05640999999923], [6.214649999999892, 46.06283000000076], [6.215009999999893, 46.07317999999941], [6.218220000000656, 46.08281999999963], [6.216080000000147, 46.09102999999959], [6.217870000000403, 46.09994999999981], [6.221439999999347, 46.112090000000535], [6.228929999999309, 46.12956999999915], [6.230359999999564, 46.13529000000017]]]}}, {"type": "Feature", "properties": {"OBJECTID": 2359, "FNODE_": 0, "TNODE_": 0, "LPOLY_": 0, "RPOLY_": 0, "LENGTH": 0.0, "PROVINCE10": 0, "PROVINCE_1": 0, "Shape_Leng": 0.432678, "Source": "BAtlas_17", "Major_or_M": "0", "Known_or_a": "0", "Name": null, "timeperiod": null, "pid": null, "en_name": null, "Lat": null, "Lon": null, "featuretyp": null, "awmc_mod": 0, "awmc_impor": 0, "awmc_class": 0, "creator": null, "notes": null, "timeperi_1": null}, "geometry": {"type": "MultiLineString", "coordinates": [[[6.763769999999568, 45.61418000000049], [6.74093, 45.62882], [6.727010000000519, 45.64631], [6.728080000000773, 45.673790000000736], [6.721299999999246, 45.69270999999935], [6.709880000000339, 45.710189999999784], [6.704170000000886, 45.72661], [6.705599999999322, 45.73410999999942], [6.713809999999285, 45.74767000000065], [6.714159999999538, 45.75659000000087], [6.712740000000849, 45.76765999999952], [6.71702, 45.77837], [6.720590000000811, 45.78122000000076], [6.720590000000811, 45.7855], [6.71666, 45.790139999999155], [6.723799999999756, 45.810849999999846], [6.725940000000264, 45.83654000000024], [6.726300000000265, 45.84582000000046], [6.72523, 45.85153], [6.724159999999756, 45.857959999999366], [6.70881, 45.88116000000082], [6.702030000000377, 45.88544], [6.647779999999329, 45.90935999999965], [6.6335, 45.91755999999987], [6.62243, 45.932559999999285], [6.62529, 45.93541], [6.6335, 45.9372000000003], [6.647059999999328, 45.944330000000264]]]}}, {"type": "Feature", "properties": {"OBJECTID": 2360, "FNODE_": 0, "TNODE_": 0, "LPOLY_": 0, "RPOLY_": 0, "LENGTH": 0.0, "PROVINCE10": 0, "PROVINCE_1": 0, "Shape_Leng": 0.498576, "Source": "BAtlas_17", "Major_or_M": "0", "Known_or_a": "0", "Name": null, "timeperiod": "RL", "pid": null, "en_name": null, "Lat": null, "Lon": null, "featuretyp": null, "awmc_mod": 0, "awmc_impor": 0, "awmc_class": 0, "creator": "rbelange", "notes": null, "timeperi_1": null}, "geometry": {"type": "MultiLineString", "coordinates": [[[6.698819999999614, 45.920060000000376], [6.71024000000034, 45.922920000000886], [6.71702, 45.92648999999983], [6.726660000000265, 45.92899000000034], [6.74272000000019, 45.92613], [6.758780000000115, 45.922560000000885], [6.761630000000878, 45.91328000000067], [6.767340000000331, 45.90649999999914], [6.770560000000842, 45.895080000000235], [6.775550000000294, 45.89043999999922], [6.78947, 45.88687000000027], [6.800890000000436, 45.88830000000053], [6.818380000000616, 45.89651000000049], [6.831949999999779, 45.905430000000706], [6.843370000000505, 45.91613999999936], [6.856219999999666, 45.9414799999995], [6.863709999999628, 45.964679999999134], [6.871919999999591, 45.97324], [6.879240000000209, 45.99144999999953], [6.882809999999154, 46.002150000000256], [6.893519999999626, 46.01535999999942], [6.905290000000605, 46.02320999999938], [6.922430000000531, 46.03141999999934], [6.942769999999655, 46.05248000000029], [6.958469999999579, 46.061760000000504], [6.9699, 46.07496999999967], [6.98917000000074, 46.086740000000646], [6.995590000000448, 46.092459999999846], [7.01951, 46.10923], [7.02736, 46.11708], [7.044850000000224, 46.12992999999915], [7.057699999999386, 46.14278000000013]]]}}, {"type": "Feature", "properties": {"OBJECTID": 2361, "FNODE_": 0, "TNODE_": 0, "LPOLY_": 0, "RPOLY_": 0, "LENGTH": 0.0, "PROVINCE10": 0, "PROVINCE_1": 0, "Shape_Leng": 0.152735, "Source": "BAtlas_17", "Major_or_M": "0", "Known_or_a": "0", "Name": null, "timeperiod": null, "pid": null, "en_name": null, "Lat": null, "Lon": null, "featuretyp": null, "awmc_mod": 0, "awmc_impor": 0, "awmc_class": 0, "creator": null, "notes": null, "timeperi_1": null}, "geometry": {"type": "MultiLineString", "coordinates": [[[6.289790000000721, 45.74767000000065], [6.290499999999156, 45.74124999999913], [6.298709999999119, 45.73481999999967], [6.302990000000136, 45.72732999999971], [6.301559999999881, 45.71875999999975], [6.300849999999627, 45.713050000000294], [6.304780000000392, 45.69520000000011], [6.302990000000136, 45.6866399999999], [6.301919999999882, 45.677], [6.300139999999374, 45.66700999999921], [6.300489999999627, 45.66272000000026], [6.3069200000009, 45.660579999999754], [6.318699999999808, 45.66451000000052], [6.326909999999771, 45.66451000000052], [6.339400000000751, 45.665940000000774], [6.34404, 45.66807999999946], [6.35189, 45.66878999999972], [6.360459999999875, 45.66771999999946]]]}}, {"type": "Feature", "properties": {"OBJECTID": 2362, "FNODE_": 0, "TNODE_": 0, "LPOLY_": 0, "RPOLY_": 0, "LENGTH": 0.0, "PROVINCE10": 0, "PROVINCE_1": 0, "Shape_Leng": 0.534704, "Source": "BAtlas_17", "Major_or_M": "1", "Known_or_a": "0", "Name": null, "timeperiod": "RL", "pid": null, "en_name": null, "Lat": null, "Lon": null, "featuretyp": null, "awmc_mod": 0, "awmc_impor": 0, "awmc_class": 0, "creator": "rbelange", "notes": null, "timeperi_1": null}, "geometry": {"type": "MultiLineString", "coordinates": [[[6.592989999999133, 44.886780000000726], [6.60477, 44.88856999999928], [6.616900000000896, 44.89605999999924], [6.62832, 44.90427000000102], [6.640820000000474, 44.909270000000106], [6.653309999999749, 44.911410000000615], [6.682220000000598, 44.9149799999995], [6.707200000000853, 44.923549999999466], [6.73147000000057, 44.93568000000056], [6.744860000000756, 44.938539999999136], [6.753419999999153, 44.93924999999945], [6.761280000000625, 44.95281000000074], [6.764489999999569, 44.963879999999335], [6.770200000000955, 44.972799999999665], [6.77127, 44.98279], [6.776620000000662, 44.987789999999336], [6.788399999999569, 44.9963599999993], [6.791610000000333, 45.00527999999946], [6.7909, 45.017410000000496], [6.786620000000823, 45.03526000000056], [6.798399999999731, 45.03918999999962], [6.817670000000362, 45.04276000000027], [6.837299999999232, 45.05061000000035], [6.856569999999863, 45.06631000000016], [6.88334000000043, 45.084160000000395], [6.89691, 45.092370000000415], [6.909040000000573, 45.09487000000087], [6.934030000000405, 45.098439999999755], [6.962040000000343, 45.11057000000079], [6.978460000000382, 45.11807000000056], [6.990239999999289, 45.12020999999925], [7.011660000000234, 45.122349999999756], [7.013800000000685, 45.12520000000035], [7.014510000000996, 45.12949]], [[6.26696665739297, 45.02699351372871], [6.278840000000912, 45.02918999999929], [6.29882, 45.03419000000031], [6.31453, 45.03526000000056], [6.325151859658376, 45.03242088611029], [6.338079999999536, 45.02989999999954], [6.354499999999575, 45.02705000000071], [6.36182, 45.028829999999346], [6.373949999999354, 45.03561000000093], [6.381450000000825, 45.03561000000093], [6.392869999999618, 45.02918999999929], [6.406789999999035, 45.01991000000095], [6.419640000000186, 45.009200000000476], [6.42749, 45.000990000000456], [6.431420000000912, 44.9952799999993], [6.441409999999507, 44.98636000000073], [6.456050000000744, 44.97387], [6.475679999999613, 44.96351999999939], [6.500299999999697, 44.95530999999937], [6.52261, 44.9388899999995], [6.563659999999743, 44.912829999999246], [6.589710000000252, 44.89427000000069], [6.59328, 44.88714000000084], [6.58043, 44.90355000000096], [6.547139607595625, 44.92384680777002]]]}}, {"type": "Feature", "properties": {"OBJECTID": 2363, "FNODE_": 0, "TNODE_": 0, "LPOLY_": 0, "RPOLY_": 0, "LENGTH": 0.0, "PROVINCE10": 0, "PROVINCE_1": 0, "Shape_Leng": 0.508244, "Source": "BAtlas_39", "Major_or_M": "1", "Known_or_a": "1", "Name": null, "timeperiod": "RL", "pid": null, "en_name": null, "Lat": null, "Lon": null, "featuretyp": null, "awmc_mod": 0, "awmc_impor": 0, "awmc_class": 0, "creator": "rbelange", "notes": null, "timeperi_1": null}, "geometry": {"type": "MultiLineString", "coordinates": [[[7.514080000000831, 45.08029], [7.488199999999892, 45.0898099999996], [7.46054, 45.09188999999975], [7.439130000000716, 45.099329999999156], [7.428420000000244, 45.101109999999665], [7.401050000000509, 45.10409000000078], [7.382910000000265, 45.111230000000546], [7.371010000000808, 45.115980000000604], [7.34008, 45.122820000000615], [7.33324, 45.12192999999945], [7.317769999999655, 45.120150000000706], [7.30260000000095, 45.12045000000046], [7.28535, 45.12401], [7.265419999999665, 45.12461000000076], [7.249509999999759, 45.130559999999605], [7.240589999999429, 45.129670000000374], [7.20817, 45.129670000000374], [7.181989999999246, 45.12788], [7.14437, 45.1263899999995], [7.122059999999635, 45.12876999999946], [7.097970000000771, 45.13085999999936], [7.072990000000686, 45.129670000000374], [7.036700000000621, 45.12788], [7.023310000000436, 45.12996000000021], [7.014390000000333, 45.129670000000374]], [[7.688630000000501, 45.07453], [7.694810000000984, 45.09214000000071], [7.697669999999562, 45.105939999999464], [7.709090000000344, 45.11689], [7.756199999999865, 45.141159999999275], [7.796650000000227, 45.16257000000047], [7.848529999999357, 45.18874999999946], [7.877560000000869, 45.20302000000083], [7.896590000000344, 45.20682999999917], [7.937519999999552, 45.20682999999917], [7.965120000000752, 45.19779000000028], [7.98891, 45.19446000000062], [8.05221, 45.19730999999962], [8.093129999999405, 45.19827000000089], [8.15119000000061, 45.19541000000032], [8.18546000000066, 45.19303000000042], [8.24828, 45.19541000000032], [8.296340000000782, 45.200170000000185], [8.325370000000532, 45.200170000000185], [8.37915000000072, 45.19636], [8.430070000000342, 45.19636], [8.497639999999649, 45.19684000000052], [8.564270000000818, 45.198739999999816], [8.61233, 45.19922000000048]], [[7.514090000000635, 45.08023999999932], [7.530269999999291, 45.07739000000049], [7.572630000000629, 45.076909999999884], [7.624980000000448, 45.07453], [7.676849999999831, 45.07548999999926], [7.688749999999459, 45.07406000000083]]]}}, {"type": "Feature", "properties": {"OBJECTID": 2818, "FNODE_": 0, "TNODE_": 0, "LPOLY_": 0, "RPOLY_": 0, "LENGTH": 0.0, "PROVINCE10": 0, "PROVINCE_1": 0, "Shape_Leng": 0.788824, "Source": "BAtlas_15", "Major_or_M": "0", "Known_or_a": "0", "Name": null, "timeperiod": null, "pid": null, "en_name": null, "Lat": null, "Lon": null, "featuretyp": null, "awmc_mod": 0, "awmc_impor": 0, "awmc_class": 0, "creator": null, "notes": null, "timeperi_1": null}, "geometry": {"type": "MultiLineString", "coordinates": [[[5.440319999999758, 43.534789999999816], [5.422469999999521, 43.53872000000047], [5.378930000000878, 43.549069999999176], [5.339309999999386, 43.554780000000335], [5.3104000000003, 43.55585000000059], [5.279699999999082, 43.55263999999988], [5.25722, 43.54834999999912], [5.237940000001004, 43.539790000000664], [5.220100000000514, 43.536930000000325], [5.199899999999673, 43.54085999999916]]]}}, {"type": "Feature", "properties": {"OBJECTID": 2819, "FNODE_": 0, "TNODE_": 0, "LPOLY_": 0, "RPOLY_": 0, "LENGTH": 0.0, "PROVINCE10": 0, "PROVINCE_1": 0, "Shape_Leng": 0.312922, "Source": "BAtlas_15", "Major_or_M": "0", "Known_or_a": "0", "Name": null, "timeperiod": "RL?", "pid": null, "en_name": null, "Lat": null, "Lon": null, "featuretyp": null, "awmc_mod": 0, "awmc_impor": 0, "awmc_class": 0, "creator": "rbelange", "notes": null, "timeperi_1": null}, "geometry": {"type": "MultiLineString", "coordinates": [[[4.630799, 43.677616], [4.65795000000072, 43.66922999999952], [4.68412, 43.65781000000076], [4.754559999999437, 43.643529999999366], [4.775970000000568, 43.64401], [4.819600668632684, 43.64567572010498], [4.833549999999508, 43.63865000000083], [4.864610000000627, 43.63116000000086], [4.916719999999203, 43.618669999999874], [4.930280000000478, 43.61367000000076], [4.937060000000329, 43.60189], [4.953120000000234, 43.57905000000026], [4.965969999999423, 43.55977999999968], [4.972400000000661, 43.54156999999954], [4.975609999999636, 43.52621999999984], [4.972750000000847, 43.51622999999933], [4.962040000000361, 43.49660000000043], [4.950979999999723, 43.48338999999935], [4.94456, 43.47269000000068], [4.935279999999745, 43.45663000000069], [4.932059999999288, 43.449130000001], [4.932419999999182, 43.44021000000067]], [[5.183479999999844, 43.40237], [5.215239999999559, 43.4034400000002], [5.25165, 43.40737000000072], [5.28841, 43.414870000000555], [5.310000807360145, 43.41901177464377], [5.323749999999613, 43.41415000000059], [5.338379999999386, 43.406300000000556], [5.347659999999474, 43.39488], [5.353010000000867, 43.38559999999969], [5.353590000000692, 43.35669000000057], [5.35787, 43.340630000000694], [5.36679, 43.32385000000067], [5.368220000000265, 43.314210000000465], [5.363939999999277, 43.30565000000029]], [[4.947550000000849, 43.47768], [4.956120000000791, 43.46591000000083], [4.966829999999537, 43.445560000000185], [4.974679999999458, 43.43306999999918], [4.986100000000123, 43.4241500000007], [4.998589999999252, 43.421290000000184], [5.032139999999426, 43.41986], [5.044640000000205, 43.41807999999949], [5.057489999999193, 43.405940000000626], [5.078900000000592, 43.40452000000013], [5.107449999999559, 43.4038], [5.135290000000288, 43.4034400000002], [5.170990000000581, 43.40129999999968], [5.182409999999571, 43.40237]]]}}, {"type": "Feature", "properties": {"OBJECTID": 2822, "FNODE_": 0, "TNODE_": 0, "LPOLY_": 0, "RPOLY_": 0, "LENGTH": 0.0, "PROVINCE10": 0, "PROVINCE_1": 0, "Shape_Leng": 0.143285, "Source": "BAtlas_15", "Major_or_M": "0", "Known_or_a": "0", "Name": null, "timeperiod": "RL?", "pid": null, "en_name": null, "Lat": null, "Lon": null, "featuretyp": null, "awmc_mod": 0, "awmc_impor": 0, "awmc_class": 0, "creator": "rbelange", "notes": null, "timeperi_1": null}, "geometry": {"type": "MultiLineString", "coordinates": [[[4.630799, 43.677616], [4.65795000000072, 43.66922999999952], [4.68412, 43.65781000000076], [4.754559999999437, 43.643529999999366], [4.775970000000568, 43.64401], [4.819600668632684, 43.64567572010498], [4.833549999999508, 43.63865000000083], [4.864610000000627, 43.63116000000086], [4.916719999999203, 43.618669999999874], [4.930280000000478, 43.61367000000076], [4.937060000000329, 43.60189], [4.963120000000407, 43.59475000000025], [4.999519999999498, 43.586900000000355], [5.015579999999368, 43.57905000000026], [5.032359999999293, 43.557989999999364], [5.044490000000235, 43.546570000000614], [5.056989999999173, 43.53943000000073], [5.06769, 43.536930000000346], [5.085900000000108, 43.53586], [5.113740000000737, 43.53765000000021], [5.136220000000366, 43.54156999999954], [5.166919999999751, 43.5451400000002], [5.180772779211647, 43.543862200538136], [5.199899999999708, 43.54085999999918], [5.208459999999875, 43.52514999999963], [5.214169999999287, 43.5151600000008], [5.224519999999814, 43.49874000000097], [5.23202, 43.47875000000023], [5.235230000000232, 43.45555000000076], [5.244870000000447, 43.44199], [5.25879, 43.43378], [5.270210000000639, 43.427719999999724], [5.294480000000626, 43.4245], [5.323749999999613, 43.41415000000059], [5.338379999999386, 43.406300000000556], [5.347659999999474, 43.39488], [5.353010000000867, 43.38559999999969], [5.353230000000566, 43.37882], [5.353590000000692, 43.35669000000057], [5.35787, 43.340630000000694], [5.36679, 43.32385000000067], [5.368220000000265, 43.314210000000465], [5.363939999999277, 43.30565000000029]]]}}, {"type": "Feature", "properties": {"OBJECTID": 2823, "FNODE_": 0, "TNODE_": 0, "LPOLY_": 0, "RPOLY_": 0, "LENGTH": 0.0, "PROVINCE10": 0, "PROVINCE_1": 0, "Shape_Leng": 0.996105, "Source": "BAtlas_16", "Major_or_M": "1", "Known_or_a": "0", "Name": null, "timeperiod": "RL?", "pid": null, "en_name": null, "Lat": null, "Lon": null, "featuretyp": null, "awmc_mod": 0, "awmc_impor": 0, "awmc_class": 0, "creator": "rbelange", "notes": null, "timeperi_1": null}, "geometry": {"type": "MultiLineString", "coordinates": [[[6.083979999999485, 43.826039999999864], [6.065070000000503, 43.81747], [6.049010000000635, 43.81319000000087], [6.023670000000607, 43.79819999999927], [5.99761000000035, 43.78892000000093], [5.970129999999699, 43.78071000000091], [5.928900000000851, 43.77320999999944], [5.904630000000907, 43.76964000000055], [5.873579999999549, 43.765719999999476], [5.846100000000661, 43.75537000000077], [5.814689999999359, 43.7389500000009], [5.79577000000063, 43.731809999999314], [5.753300000000309, 43.71431999999925], [5.717070000000547, 43.70219], [5.68959, 43.70004], [5.671029999999519, 43.69291], [5.661040000000924, 43.68148], [5.651040000000762, 43.673629999999434], [5.634980000000837, 43.66648999999967], [5.601070000000675, 43.657209999999395], [5.570379999999261, 43.65364000000051], [5.545389999999429, 43.650429999999744], [5.525229999999397, 43.64293999999978], [5.510949999999866, 43.633299999999565], [5.49917, 43.618309999999894], [5.491679999999178, 43.609389999999564], [5.476329999999564, 43.59117999999938], [5.462410000000148, 43.57476999999932], [5.453840000000184, 43.5622700000003], [5.446710000000166, 43.548000000000684], [5.441349999999204, 43.53515]]]}}, {"type": "Feature", "properties": {"OBJECTID": 2824, "FNODE_": 0, "TNODE_": 0, "LPOLY_": 0, "RPOLY_": 0, "LENGTH": 0.0, "PROVINCE10": 0, "PROVINCE_1": 0, "Shape_Leng": 1.546711, "Source": "BAtlas_15", "Major_or_M": "1", "Known_or_a": "1", "Name": null, "timeperiod": null, "pid": null, "en_name": null, "Lat": null, "Lon": null, "featuretyp": null, "awmc_mod": 0, "awmc_impor": 0, "awmc_class": 0, "creator": null, "notes": null, "timeperi_1": null}, "geometry": {"type": "MultiLineString", "coordinates": [[[5.575840503652701, 43.86276996725594], [5.575549999999546, 43.8628000000008], [5.565559999999056, 43.8606600000003], [5.554140000000314, 43.86422999999925], [5.532719999999166, 43.86137000000049], [5.500959999999462, 43.859940000000314], [5.484899999999478, 43.86030000000028], [5.471690000000279, 43.86457999999953], [5.454560000000216, 43.87565], [5.440280000000635, 43.8835], [5.43171000000084, 43.885290000000126], [5.414230000000234, 43.882429999999744], [5.400659999999474, 43.87922000000075], [5.394599999999724, 43.88028999999916], [5.379600000000345, 43.88814], [5.368539999999588, 43.89171], [5.356050000000365, 43.89171], [5.342839999999409, 43.88600000000051], [5.329809999999493, 43.879220000000736], [5.306045257530014, 43.858809769699945], [5.261640000000656, 43.858519999999785], [5.233449999999757, 43.85959], [5.211670000000667, 43.862440000000795], [5.16403, 43.871370000000795], [5.135469999999354, 43.87708000000019], [5.109420000000894, 43.87850000000069], [5.0919300000006, 43.87493], [5.077649999999239, 43.87029000000074], [5.03946, 43.85959], [5.035889999999246, 43.844950000000665], [5.034166000000218, 43.829885]]]}}, {"type": "Feature", "properties": {"OBJECTID": 2826, "FNODE_": 0, "TNODE_": 0, "LPOLY_": 0, "RPOLY_": 0, "LENGTH": 0.0, "PROVINCE10": 0, "PROVINCE_1": 0, "Shape_Leng": 1.521061, "Source": "BAtlas_16", "Major_or_M": "1", "Known_or_a": "0", "Name": "Via Aurelia", "timeperiod": null, "pid": null, "en_name": null, "Lat": null, "Lon": null, "featuretyp": null, "awmc_mod": 0, "awmc_impor": 0, "awmc_class": 0, "creator": null, "notes": null, "timeperi_1": null}, "geometry": {"type": "MultiLineString", "coordinates": [[[5.906740000000354, 43.42405999999937], [5.922920000000886, 43.42120000000068], [5.947669999999562, 43.41786999999931], [5.972889999999097, 43.416919999999664], [6.004769999999553, 43.412640000000465], [6.034750000000713, 43.41453999999976], [6.04903000000013, 43.416440000000875], [6.089480000000549, 43.41359000000011], [6.128029999999853, 43.412640000000465], [6.177999999999884, 43.413109999999506], [6.232009999999718, 43.41786999999931], [6.250570000000153, 43.42072999999982], [6.258659999999509, 43.41597], [6.264370000000781, 43.41167999999925], [6.293879999999263, 43.40978], [6.329089999999269, 43.4040700000005], [6.349560000000565, 43.403120000000854], [6.397150000000693, 43.412640000000465], [6.421889999999621, 43.42072999999982], [6.474480000000767, 43.4445199999991], [6.524919999999838, 43.463079999999536], [6.574420000000828, 43.48115999999936], [6.59726000000046, 43.47878], [6.61629, 43.47498000000087], [6.625809999999547, 43.47212000000036], [6.639139999999315, 43.47212000000036], [6.677209999999832, 43.46450999999979], [6.70838, 43.446900000000824], [6.726459999999861, 43.44166000000041], [6.741219999999885, 43.4445199999991], [6.76311, 43.4445199999991], [6.779759999999442, 43.44737999999961], [6.79594, 43.45356], [6.803560000000289, 43.45356], [6.814500000000407, 43.44594999999936], [6.820209999999861, 43.44547000000057], [6.831159999999727, 43.453090000000884], [6.846859999999651, 43.453090000000884], [6.863999999999578, 43.45450999999957], [6.885889999999563, 43.46498000000065], [6.900879999999233, 43.487349999999424], [6.904210000000603, 43.50115], [6.911350000000311, 43.50828999999976], [6.91563, 43.51637999999912], [6.930379999999786, 43.53161], [6.951320000000123, 43.54922000000079], [6.973690000000715, 43.55493000000024], [7.00367, 43.55825999999979], [7.037930000000415, 43.56254000000081], [7.076479999999719, 43.573490000000675], [7.095989999999802, 43.581099999999424], [7.111220000000685, 43.586339999999836], [7.120740000000296, 43.58490999999958], [7.115030000000843, 43.601559999999154], [7.124550000000454, 43.630590000000666], [7.131209999999555, 43.64773000000059], [7.145490000000791, 43.663909999999305], [7.167380000000776, 43.676760000000286], [7.189739999999802, 43.68389000000025], [7.20021000000088, 43.68627000000015], [7.210680000000139, 43.68484999999964], [7.22948, 43.694359999999506], [7.243280000000595, 43.70341], [7.258990000000267, 43.70864000000074], [7.270409999999174, 43.70959000000039]]]}}, {"type": "Feature", "properties": {"OBJECTID": 2827, "FNODE_": 0, "TNODE_": 0, "LPOLY_": 0, "RPOLY_": 0, "LENGTH": 0.0, "PROVINCE10": 0, "PROVINCE_1": 0, "Shape_Leng": 0.212383, "Source": "BAtlas_16", "Major_or_M": "1", "Known_or_a": "1", "Name": null, "timeperiod": null, "pid": null, "en_name": null, "Lat": null, "Lon": null, "featuretyp": null, "awmc_mod": 0, "awmc_impor": 0, "awmc_class": 0, "creator": null, "notes": null, "timeperi_1": null}, "geometry": {"type": "MultiLineString", "coordinates": [[[6.74026000000049, 43.44499999999971], [6.76025, 43.46594], [6.778809999999794, 43.48972999999933], [6.788800000000265, 43.497339999999895], [6.805940000000192, 43.506390000000465], [6.814029999999548, 43.51590000000033], [6.822589999999764, 43.51637999999912], [6.831640000000334, 43.51780999999937], [6.858280000000377, 43.523989999999685], [6.866850000000341, 43.52160999999978], [6.876840000000811, 43.51876000000084], [6.887790000000678, 43.520660000000134], [6.893500000000131, 43.52304], [6.920630000000529, 43.52160999999978]]]}}, {"type": "Feature", "properties": {"OBJECTID": 2829, "FNODE_": 0, "TNODE_": 0, "LPOLY_": 0, "RPOLY_": 0, "LENGTH": 0.0, "PROVINCE10": 0, "PROVINCE_1": 0, "Shape_Leng": 0.394981, "Source": "BAtlas_16", "Major_or_M": "0", "Known_or_a": "0", "Name": null, "timeperiod": "RL?", "pid": null, "en_name": null, "Lat": null, "Lon": null, "featuretyp": null, "awmc_mod": 0, "awmc_impor": 0, "awmc_class": 0, "creator": "rbelange", "notes": null, "timeperi_1": null}, "geometry": {"type": "MultiLineString", "coordinates": [[[6.231584571929545, 44.0996598803531], [6.250089999999602, 44.08792999999969], [6.271989999999391, 44.06984000000023], [6.287689999999202, 44.057950000000346], [6.295299999999827, 44.04509999999942], [6.297679999999787, 44.0327199999993], [6.293400000000531, 44.01416000000074], [6.293400000000531, 44.007019999999216], [6.303389999999183, 43.9941799999998], [6.316720000000771, 43.97419000000082], [6.327670000000637, 43.97133000000025], [6.337659999999232, 43.97133000000025], [6.346219999999448, 43.96705], [6.352409999999509, 43.954680000000735], [6.370020000000295, 43.945630000000165], [6.380970000000161, 43.93469], [6.396189999999535, 43.91518], [6.414280000000986, 43.898520000000644], [6.435219999999447, 43.885200000000566], [6.444729999999197, 43.87901000000056], [6.480429999999672, 43.86521], [6.506359999999461, 43.85474000000079]]]}}, {"type": "Feature", "properties": {"OBJECTID": 2830, "FNODE_": 0, "TNODE_": 0, "LPOLY_": 0, "RPOLY_": 0, "LENGTH": 0.0, "PROVINCE10": 0, "PROVINCE_1": 0, "Shape_Leng": 0.741504, "Source": "BAtlas_16", "Major_or_M": "0", "Known_or_a": "1", "Name": null, "timeperiod": "RL?", "pid": null, "en_name": null, "Lat": null, "Lon": null, "featuretyp": null, "awmc_mod": 0, "awmc_impor": 0, "awmc_class": 0, "creator": "rbelange", "notes": null, "timeperi_1": null}, "geometry": {"type": "MultiLineString", "coordinates": [[[6.505890000000363, 43.854499999999575], [6.517309999999384, 43.844150000000866], [6.534079999999392, 43.83951], [6.563710000000356, 43.83022999999963], [6.571920000000375, 43.82952], [6.582270000000904, 43.82595000000043], [6.591549999999188, 43.81810000000053], [6.620810000000404, 43.809530000000564], [6.630810000000565, 43.80061000000023], [6.641690000000381, 43.78276], [6.652400000000796, 43.7756200000004], [6.668820000000835, 43.774550000000204], [6.712009999999339, 43.78205], [6.73164, 43.789539999999874], [6.750200000000461, 43.79097], [6.769109999999387, 43.78455000000031], [6.784460000000763, 43.780619999999544], [6.803019999999378, 43.781329999999855], [6.83443000000085, 43.78775999999931], [6.864410000000191, 43.79524999999927], [6.87476000000072, 43.79774999999967], [6.89511, 43.79882], [6.912770000000819, 43.79454000000089], [6.939899999999511, 43.79347000000064], [6.949539999999729, 43.793820000000835], [6.970240000000558, 43.79418000000078], [6.98452, 43.792400000000214], [7.00093000000021, 43.788109999999506], [7.024388424581389, 43.78904286382209], [7.029130000000805, 43.78847], [7.049610290788166, 43.78446617024866], [7.063920764973545, 43.77686555660034], [7.069110000000478, 43.774550000000204], [7.08374, 43.76205999999917], [7.099260000000925, 43.74064], [7.10765, 43.728150000000824]]]}}, {"type": "Feature", "properties": {"OBJECTID": 2831, "FNODE_": 0, "TNODE_": 0, "LPOLY_": 0, "RPOLY_": 0, "LENGTH": 0.0, "PROVINCE10": 0, "PROVINCE_1": 0, "Shape_Leng": 0.219129, "Source": "BAtlas_16", "Major_or_M": "0", "Known_or_a": "0", "Name": null, "timeperiod": "RL?", "pid": null, "en_name": null, "Lat": null, "Lon": null, "featuretyp": null, "awmc_mod": 0, "awmc_impor": 0, "awmc_class": 0, "creator": "rbelange", "notes": null, "timeperi_1": null}, "geometry": {"type": "MultiLineString", "coordinates": [[[6.728779999999517, 43.788109999999506], [6.734140000000536, 43.79918], [6.73128, 43.80559999999974], [6.726640000000828, 43.80882000000025], [6.727000000000771, 43.81237999999939], [6.735559999999168, 43.81881000000067], [6.738059999999791, 43.83416000000045], [6.7477, 43.845579999999245], [6.753049999999462, 43.85413999999946], [6.750200000000461, 43.86021000000079], [6.750200000000461, 43.86485], [6.751449999999807, 43.868780000000754]]]}}, {"type": "Feature", "properties": {"OBJECTID": 2832, "FNODE_": 0, "TNODE_": 0, "LPOLY_": 0, "RPOLY_": 0, "LENGTH": 0.0, "PROVINCE10": 0, "PROVINCE_1": 0, "Shape_Leng": 0.300685, "Source": "BAtlas_16", "Major_or_M": "0", "Known_or_a": "0", "Name": null, "timeperiod": "RL?", "pid": null, "en_name": null, "Lat": null, "Lon": null, "featuretyp": null, "awmc_mod": 0, "awmc_impor": 0, "awmc_class": 0, "creator": null, "notes": "rbelange", "timeperi_1": null}, "geometry": {"type": "MultiLineString", "coordinates": [[[6.751449999999807, 43.868780000000754], [6.773929999999382, 43.8719899999997], [6.79035, 43.87377000000026], [6.816409999999507, 43.869489999999246], [6.84282, 43.8677100000005], [6.866729999999791, 43.8677100000005], [6.88922, 43.869489999999246], [6.902780000000405, 43.863419999999735], [6.919910000000584, 43.85272000000083], [6.931329999999548, 43.84485999999936], [6.93383, 43.83915], [6.929550000000802, 43.83237000000014], [6.91777, 43.827730000001], [6.901350000000207, 43.8202399999991], [6.896000000000754, 43.816310000000215], [6.896710000000894, 43.81167], [6.904570000000717, 43.80632], [6.922769999999161, 43.802030000000855], [6.935970000000509, 43.8009600000006], [6.945970000000671, 43.79667999999947], [6.949539999999729, 43.793820000000835], [6.970240000000558, 43.79418000000078], [6.98452, 43.792400000000214], [7.00093000000021, 43.788109999999506], [7.029130000000805, 43.78847], [7.049119999999732, 43.78347000000031], [7.063920764973545, 43.77686555660034], [7.069110000000478, 43.774550000000204], [7.08374, 43.76205999999917], [7.099260000000925, 43.74064], [7.10765, 43.728150000000824]]]}}, {"type": "Feature", "properties": {"OBJECTID": 2833, "FNODE_": 0, "TNODE_": 0, "LPOLY_": 0, "RPOLY_": 0, "LENGTH": 0.0, "PROVINCE10": 0, "PROVINCE_1": 0, "Shape_Leng": 0.168131, "Source": "BAtlas_16", "Major_or_M": "0", "Known_or_a": "0", "Name": null, "timeperiod": "RL?", "pid": null, "en_name": null, "Lat": null, "Lon": null, "featuretyp": null, "awmc_mod": 0, "awmc_impor": 0, "awmc_class": 0, "creator": "rbelange", "notes": null, "timeperi_1": null}, "geometry": {"type": "MultiLineString", "coordinates": [[[7.10765, 43.728150000000824], [7.128350000000864, 43.73028999999951], [7.148339999999735, 43.73921999999948], [7.174399999999878, 43.74421000000075], [7.19189, 43.74457000000075], [7.222219999999652, 43.738499999999476], [7.252200000000812, 43.73171999999977], [7.258630000000267, 43.72708000000057], [7.263979999999719, 43.72672000000057], [7.270049999999173, 43.728870000000825]]]}}, {"type": "Feature", "properties": {"OBJECTID": 2834, "FNODE_": 0, "TNODE_": 0, "LPOLY_": 0, "RPOLY_": 0, "LENGTH": 0.0, "PROVINCE10": 0, "PROVINCE_1": 0, "Shape_Leng": 1.541336, "Source": "BAtlas_16", "Major_or_M": "1", "Known_or_a": "1", "Name": "Via Iulia Augusta", "timeperiod": null, "pid": null, "en_name": null, "Lat": null, "Lon": null, "featuretyp": null, "awmc_mod": 0, "awmc_impor": 0, "awmc_class": 0, "creator": null, "notes": null, "timeperi_1": null}, "geometry": {"type": "MultiLineString", "coordinates": [[[7.271479999999428, 43.706019999999626], [7.269340000000739, 43.71529999999984], [7.270759999999427, 43.73171999999977], [7.279329999999391, 43.74457000000075], [7.287539999999353, 43.7499200000002], [7.30753, 43.7545599999994], [7.324300000000221, 43.75314000000071], [7.339649999999892, 43.750990000000456], [7.367130000000543, 43.75348999999915], [7.391760000000431, 43.7545599999994], [7.417820000000575, 43.755989999999656], [7.435299999999188, 43.760990000000675], [7.44601, 43.768480000000636], [7.454760000000533, 43.77097999999933], [7.467609999999695, 43.76777000000038], [7.477600000000166, 43.76777000000038], [7.491159999999581, 43.77455], [7.512220000000525, 43.78953999999976], [7.530070000000705, 43.793470000000525], [7.550409999999829, 43.795249999999214], [7.576820000000225, 43.80239000000074], [7.593600000000151, 43.80275000000074], [7.61787, 43.798109999999724], [7.649460000000545, 43.79418000000078], [7.661949999999706, 43.79204000000027], [7.676579999999376, 43.795609999999215], [7.69764000000032, 43.807740000000194], [7.70478, 43.810240000000704], [7.717269999999189, 43.810240000000704], [7.731900000000678, 43.808460000000196], [7.744039999999586, 43.81167], [7.757600000000821, 43.8202399999991], [7.774729999999181, 43.82666000000063], [7.79722000000038, 43.83093999999983], [7.813640000000305, 43.82986999999957], [7.82863, 43.828090000000884], [7.845230000000811, 43.83165999999983], [7.867350000000442, 43.8420100000003], [7.88199, 43.845579999999245], [7.894120000000839, 43.842720000000554], [7.910900000000765, 43.84379000000081], [7.945519999999306, 43.85236000000077], [7.958370000000286, 43.85592999999972], [7.970149999999194, 43.86628000000019], [7.974790000000212, 43.87162999999964], [7.987639999999374, 43.875920000000406], [8.005129999999554, 43.87913], [8.033139999999548, 43.89091], [8.0517, 43.893410000000586], [8.067769999999655, 43.898049999999785], [8.078120000000126, 43.90625], [8.086320000000342, 43.91625000000022], [8.09882, 43.92195999999967], [8.112380000000485, 43.92837999999938], [8.129870000000665, 43.93445000000065], [8.137720000000627, 43.94159000000036], [8.139510000000882, 43.94908000000032], [8.145220000000336, 43.95550999999978], [8.16092000000026, 43.958010000000286], [8.1677, 43.96158], [8.1677, 43.96586000000025], [8.161990000000515, 43.974780000000464], [8.16092000000026, 43.98834999999963], [8.16342000000077, 44.00048000000061], [8.169840000000477, 44.009760000000824], [8.184830000000147, 44.02261], [8.209639999999126, 44.04117000000042], [8.219629999999597, 44.05009000000064], [8.222490000000107, 44.059370000000854], [8.223560000000361, 44.075080000000526], [8.226420000000871, 44.08792999999969], [8.236769999999524, 44.108980000000884], [8.246049999999741, 44.1232600000003], [8.26354, 44.139680000000226], [8.2803100000001, 44.15610000000015], [8.308689999999842, 44.16858999999931], [8.339379999999437, 44.17501000000084], [8.36758, 44.18144000000029], [8.39470000000074, 44.18822], [8.411120000000665, 44.19572], [8.415759999999864, 44.20607000000018], [8.41468999999961, 44.22069999999985], [8.41755000000012, 44.23212000000058], [8.43217999999979, 44.241760000000795], [8.446459999999206, 44.25031999999919], [8.451450000000477, 44.25782000000072], [8.450380000000223, 44.26317000000017], [8.446099999999205, 44.26603000000068], [8.437180000000808, 44.271740000000136], [8.433960000000297, 44.278519999999844], [8.442890000000261, 44.288870000000315], [8.458590000000186, 44.30064999999922], [8.475720000000365, 44.309219999999186], [8.47737000000052, 44.314940000000206]]]}}, {"type": "Feature", "properties": {"OBJECTID": 2835, "FNODE_": 0, "TNODE_": 0, "LPOLY_": 0, "RPOLY_": 0, "LENGTH": 0.0, "PROVINCE10": 0, "PROVINCE_1": 0, "Shape_Leng": 0.640057, "Source": "BAtlas_16", "Major_or_M": "1", "Known_or_a": "0", "Name": null, "timeperiod": "RL?", "pid": null, "en_name": null, "Lat": null, "Lon": null, "featuretyp": null, "awmc_mod": 0, "awmc_impor": 0, "awmc_class": 0, "creator": "rbelange", "notes": null, "timeperi_1": null}, "geometry": {"type": "MultiLineString", "coordinates": [[[6.730121435478679, 43.44236946514036], [6.72646, 43.44166000000041], [6.70838, 43.44690000000088], [6.67721, 43.46451], [6.639139999999315, 43.47212000000036], [6.625809999999547, 43.47212000000036], [6.61629, 43.474980000000926], [6.597260000000574, 43.47877999999952], [6.574420000000828, 43.48116], [6.571659999999611, 43.4807], [6.54738, 43.47927], [6.526920000000302, 43.48356000000064], [6.504549999999654, 43.50545000000068], [6.478859999999258, 43.52972000000045], [6.458870000000502, 43.543990000000235], [6.445069999999816, 43.55161000000044], [6.425080000000889, 43.571599999999364], [6.408900000000415, 43.58254], [6.365589999999486, 43.59728999999976], [6.348459999999363, 43.60538000000088], [6.319429999999556, 43.62965000000082], [6.274219999999332, 43.65868000000057], [6.235440000000381, 43.67201000000023], [6.202600000000643, 43.70104], [6.181660000000193, 43.72006999999945], [6.176429999999641, 43.730540000000474], [6.171669999999779, 43.73339999999928], [6.151200000000188, 43.73339999999928], [6.147870000000751, 43.73387000000014], [6.145490000000791, 43.74863000000016], [6.14026, 43.75671999999946], [6.117889999999591, 43.766709999999875], [6.091239999999743, 43.77908000000036], [6.084100000000149, 43.789080000000524], [6.089340000000448, 43.804780000000505], [6.089340000000448, 43.81335000000047], [6.084580000000642, 43.82619999999963]]]}}, {"type": "Feature", "properties": {"OBJECTID": 0, "FNODE_": 0, "TNODE_": 0, "LPOLY_": 0, "RPOLY_": 0, "LENGTH": 0.0, "PROVINCE10": 0, "PROVINCE_1": 0, "Shape_Leng": 0.0, "Source": "BAtlas_14", "Major_or_M": "1", "Known_or_a": "1", "Name": null, "timeperiod": "RL", "pid": null, "en_name": null, "Lat": null, "Lon": null, "featuretyp": null, "awmc_mod": 0, "awmc_impor": 0, "awmc_class": 0, "creator": "rbelange", "notes": null, "timeperi_1": null}, "geometry": {"type": "MultiLineString", "coordinates": [[[-0.581210000000283, 44.85823999999957], [-0.556230000000141, 44.85895999999963], [-0.536239999999395, 44.86680999999953], [-0.521249999999725, 44.88465], [-0.517610000000786, 44.901799999999696], [-0.481920000000173, 44.91251000000017], [-0.441950000000361, 44.92179000000044], [-0.408400000000256, 44.923930000000894], [-0.374850000000151, 44.92108000000013], [-0.34487000000081, 44.91536000000093], [-0.322019999999611, 44.91608000000082], [-0.27991, 44.937490000000196], [-0.218160000000296, 44.97604], [-0.188179999999193, 45.00173999999981], [-0.122509999999238, 45.048849999999334], [-0.056829999999422, 45.05385000000018], [0.00313, 45.06099], [0.055239999999628, 45.064560000000824], [0.137329999999565, 45.06740999999971], [0.209790000000794, 45.07241000000073], [0.245479999999702, 45.078120000000126], [0.328279999999722, 45.08669], [0.381110000000376, 45.097390000000814], [0.436789999999803, 45.11381000000085], [0.567419999999402, 45.143079999999884], [0.659149999999556, 45.17448999999942], [0.688420000000519, 45.1837699999997], [0.715770000000759, 45.18844999999965], [0.755740000000458, 45.19558999999941], [0.775019999999131, 45.204159999999376], [0.79857000000095, 45.222719999999754], [0.817129999999509, 45.23913], [0.831410000000687, 45.26268999999968], [0.841399999999282, 45.29695], [0.84354, 45.32408000000032], [0.847830000000727, 45.3412100000005], [0.868529999999794, 45.37118999999984], [0.89565000000033, 45.410459999999205], [0.932059999999183, 45.483980000000884], [0.962040000000457, 45.5617899999998], [0.97346, 45.60034000000087], [0.986670000000345, 45.62674999999956], [1.011650000000373, 45.669579999999826], [1.042349999999828, 45.71526000000091], [1.088030000000913, 45.760239999999726], [1.118730000000141, 45.785219999999754], [1.162270000000717, 45.80735], [1.189399999999239, 45.814490000000774], [1.23437000000024, 45.828760000000386], [1.256499999999505, 45.83590000000015], [1.2843400000001, 45.8494699999992], [1.317890000000318, 45.86587999999949], [1.365719999999897, 45.88229999999936], [1.387849999999162, 45.88443999999981], [1.446379999999408, 45.88730000000038], [1.511339999999166, 45.88730000000038], [1.558810000000562, 45.896580000000654], [1.615920000000244, 45.90586000000076], [1.692300000000728, 45.92942000000039], [1.78795, 45.9651099999993], [1.852348389194674, 45.99503806663688], [1.889320000000225, 46.01222000000058], [1.96962, 46.0522], [1.996750000000361, 46.06362000000087], [2.024079999999287, 46.08035000000024], [2.074559999999053, 46.04648000000094], [2.091689999999403, 46.03148999999945], [2.12453, 46.01151000000027], [2.199839999999369, 45.957969999999534], [2.289070000000834, 45.90085999999968], [2.398999999999432, 45.844470000000115], [2.461820000000444, 45.82305000000099], [2.520839999999339, 45.811229999999455], [2.617790000000184, 45.79235999999952], [2.722009999999557, 45.77380000000096], [2.799820000000238, 45.765230000001], [2.849070000000268, 45.76380000000063], [2.90975000000077, 45.768799999999885], [2.963289999999745, 45.76808999999963], [3.017540000000793, 45.77237000000059], [3.055365451958437, 45.774204810339086], [3.075489999999263, 45.7734], [3.184219999999243, 45.76665999999943], [3.215630000000544, 45.76094999999981], [3.27131, 45.74238999999949], [3.339840000000663, 45.73168000000078], [3.389059999999574, 45.735129999999174], [3.421899999999482, 45.74511999999959], [3.439819999999656, 45.75043999999974], [3.47686000000067, 45.751550000000805], [3.52398, 45.75797000000051], [3.555389999999647, 45.76867999999922], [3.582510000000184, 45.77153999999979], [3.6232, 45.78509999999926], [3.642470000000628, 45.78938000000022], [3.688159999999755, 45.78509999999926], [3.737059999999531, 45.7736800000003], [3.764180000000124, 45.762259999999515], [3.8013, 45.76153999999963], [3.820579999999666, 45.760829999999316], [3.858410000000845, 45.767970000000844], [3.882680000000619, 45.7644], [3.92908, 45.77082], [3.980480000000227, 45.762259999999515], [4.006170000000623, 45.751550000000805], [4.055430000000342, 45.748690000000465], [4.10326, 45.748690000000465], [4.132519999999204, 45.75368999999955], [4.162679999999398, 45.76147], [4.188060000000405, 45.75841000000037], [4.223638415225366, 45.749270405110906]]]}}, {"type": "Feature", "properties": {"OBJECTID": 0, "FNODE_": 0, "TNODE_": 0, "LPOLY_": 0, "RPOLY_": 0, "LENGTH": 0.0, "PROVINCE10": 0, "PROVINCE_1": 0, "Shape_Leng": 0.0, "Source": "BAtlas_15", "Major_or_M": "1", "Known_or_a": "1", "Name": null, "timeperiod": "RL?", "pid": null, "en_name": null, "Lat": null, "Lon": null, "featuretyp": null, "awmc_mod": 0, "awmc_impor": 0, "awmc_class": 0, "creator": "rbelange", "notes": null, "timeperi_1": null}, "geometry": {"type": "MultiLineString", "coordinates": [[[4.148490834568171, 43.72692073365272], [4.16007, 43.73085], [4.230859999999706, 43.745419999999456], [4.242309999999694, 43.74929], [4.263730000000633, 43.76743], [4.291090000000657, 43.78974000000026], [4.316670000000266, 43.80967000000059], [4.33987, 43.82662], [4.35623351176001, 43.83777295290005]]]}}, {"type": "Feature", "properties": {"OBJECTID": 2818, "FNODE_": 0, "TNODE_": 0, "LPOLY_": 0, "RPOLY_": 0, "LENGTH": 0.0, "PROVINCE10": 0, "PROVINCE_1": 0, "Shape_Leng": 0.788824, "Source": "BAtlas_15", "Major_or_M": "0", "Known_or_a": "0", "Name": null, "timeperiod": "RL?", "pid": null, "en_name": null, "Lat": null, "Lon": null, "featuretyp": null, "awmc_mod": 0, "awmc_impor": 0, "awmc_class": 0, "creator": "rbelange", "notes": null, "timeperi_1": null}, "geometry": {"type": "MultiLineString", "coordinates": [[[5.363939999999275, 43.3056500000003], [5.368220000000235, 43.31421000000046], [5.36679, 43.323850000000675], [5.35787, 43.34063000000066], [5.353590000000679, 43.35669000000058], [5.353230000000565, 43.37882], [5.352510000000677, 43.38631], [5.363219999999387, 43.407730000000925], [5.372859999999605, 43.4291400000003], [5.377500000000509, 43.44163], [5.383920000000217, 43.44877000000088], [5.389629999999613, 43.45413], [5.395699999999124, 43.47090000000031], [5.411050000000728, 43.48696000000024], [5.427110000000653, 43.50944999999962], [5.434960000000558, 43.52550999999954], [5.440319999999758, 43.534789999999816]]]}}, {"type": "Feature", "properties": {"OBJECTID": 2364, "FNODE_": 0, "TNODE_": 0, "LPOLY_": 0, "RPOLY_": 0, "LENGTH": 0.0, "PROVINCE10": 0, "PROVINCE_1": 0, "Shape_Leng": 1.449636, "Source": "BAtlas_15", "Major_or_M": "1", "Known_or_a": "1", "Name": null, "timeperiod": "RL?", "pid": null, "en_name": null, "Lat": null, "Lon": null, "featuretyp": null, "awmc_mod": 0, "awmc_impor": 0, "awmc_class": 0, "creator": "rbelange", "notes": null, "timeperi_1": null}, "geometry": {"type": "MultiLineString", "coordinates": [[[4.630799, 43.677616], [4.653179999999386, 43.721460000000796], [4.681020000000116, 43.75465000000085], [4.701719999999194, 43.779280000000774], [4.70565, 43.78856000000087], [4.71921, 43.80998], [4.740270000000343, 43.84102999999954], [4.760619999999202, 43.86851000000023], [4.771319999999847, 43.88386], [4.78417000000081, 43.90777], [4.793809999999318, 43.923829999999775], [4.806300000000253, 43.95417000000105], [4.827719999999385, 43.956669999999704], [4.83842, 43.95881000000011], [4.84735, 43.96380999999925], [4.851629999999244, 43.96952000000061], [4.865369999999547, 43.99450000000076], [4.87608, 44.014849999999605], [4.87537, 44.022339999999524], [4.856809999999379, 44.03840999999928], [4.848239999999403, 44.04625999999932], [4.836460000000486, 44.05696999999976], [4.831819999999539, 44.071959999999414], [4.829320000000875, 44.084450000000416], [4.825039999999754, 44.10229000000075], [4.806839999999306, 44.14263000000038]]]}}, {"type": "Feature", "properties": {"OBJECTID": 0, "FNODE_": 0, "TNODE_": 0, "LPOLY_": 0, "RPOLY_": 0, "LENGTH": 0.0, "PROVINCE10": 0, "PROVINCE_1": 0, "Shape_Leng": 0.0, "Source": "BAtlas_15", "Major_or_M": "1", "Known_or_a": "1", "Name": null, "timeperiod": "RL?", "pid": null, "en_name": null, "Lat": null, "Lon": null, "featuretyp": null, "awmc_mod": 0, "awmc_impor": 0, "awmc_class": 0, "creator": "rbelange", "notes": null, "timeperi_1": null}, "geometry": {"type": "MultiLineString", "coordinates": [[[5.033986886902886, 43.84047595982084], [5.035889999999246, 43.844950000000665], [5.039460000000231, 43.85959], [5.07765, 43.870290000000814], [5.0919300000006, 43.87493], [5.109420000000918, 43.87850000000086], [5.135469999999354, 43.87708000000019], [5.16403, 43.871370000000795], [5.211670000000693, 43.86244000000095], [5.233449999999757, 43.85959], [5.261640000000668, 43.85851999999985], [5.306045257530014, 43.858809769699945], [5.329809999999493, 43.879220000000736], [5.34284, 43.88600000000057], [5.356050000000374, 43.89171], [5.368539999999597, 43.89171], [5.379600000000366, 43.88814], [5.394599999999724, 43.88028999999916], [5.400659999999474, 43.87922000000075], [5.414230000000511, 43.88242999999971], [5.431710000000856, 43.88529000000023], [5.440280000000635, 43.8835], [5.454560000000225, 43.87565], [5.471690000000566, 43.86458], [5.484899999999503, 43.86030000000046], [5.500959999999462, 43.859940000000314], [5.53272, 43.86137000000063], [5.554140000000314, 43.86422999999925], [5.565559999999068, 43.86066000000037], [5.575549999999546, 43.8628000000008], [5.585900000000126, 43.861730000000584], [5.599109999999426, 43.86600999999977], [5.61017, 43.86744], [5.62463000000038, 43.87278999999945], [5.64533, 43.87956999999926], [5.65711000000023, 43.87992999999919], [5.678519999999531, 43.87636000000035], [5.696009999999792, 43.88278999999985], [5.698510000000204, 43.88777999999913], [5.715640000000405, 43.896710000001036], [5.740630000000385, 43.906339999999624], [5.774890000000751, 43.9181200000004], [5.803620000000693, 43.92953999999919], [5.848599999999391, 43.94453000000076], [5.87251, 43.95487999999945]]]}}, {"type": "Feature", "properties": {"OBJECTID": 2318, "FNODE_": 0, "TNODE_": 0, "LPOLY_": 0, "RPOLY_": 0, "LENGTH": 0.0, "PROVINCE10": 0, "PROVINCE_1": 0, "Shape_Leng": 1.980845, "Source": "BAtlas_15", "Major_or_M": "0", "Known_or_a": "0", "Name": null, "timeperiod": "RL?", "pid": null, "en_name": null, "Lat": null, "Lon": null, "featuretyp": null, "awmc_mod": 0, "awmc_impor": 0, "awmc_class": 0, "creator": "rbelange", "notes": null, "timeperi_1": null}, "geometry": {"type": "MultiLineString", "coordinates": [[[4.35623351176001, 43.83777295290005], [4.343553772217351, 43.85658649820327], [4.33166, 43.87029000000081], [4.320719999999771, 43.88076], [4.31477000000091, 43.887179999999766], [4.298829999999744, 43.90145999999908], [4.28384, 43.914549999999515], [4.274079999999351, 43.93311], [4.261590000000123, 43.94786000000032], [4.253259999999596, 43.95594999999957], [4.23922, 43.96904], [4.223990000000341, 43.97855], [4.209000000000675, 43.98712], [4.190919999999231, 43.99568999999988], [4.177120000000315, 44.00829999999959], [4.161889999999392, 44.03066000000046], [4.129880000000553, 44.065640000000734], [4.119650000000505, 44.07897000000053], [4.110370000000485, 44.09515], [4.093720000000712, 44.12084999999948], [4.081109999999198, 44.13416999999936], [4.073019999999894, 44.14155000000037], [4.066829999999843, 44.15035], [4.061120000000398, 44.166059999999675], [4.05969, 44.18771000000022], [4.058259999999835, 44.20032], [4.05112, 44.21198], [4.037259999999212, 44.229170000000536], [4.018529999999418, 44.25087999999974], [4.01287000000052, 44.263380000000296], [4.00306, 44.27169999999943], [3.99158, 44.290380000000305], [3.972250000000699, 44.320130000000226], [3.956630000000593, 44.34541], [3.939679999999542, 44.373369999999376], [3.931940000000323, 44.39448000000101], [3.925989999999756, 44.41054000000085], [3.921829999999279, 44.416489999999705], [3.921829999999279, 44.42154999999917], [3.923020000000262, 44.42749999999975], [3.920519999999826, 44.44044000000032]]]}}, {"type": "Feature", "properties": {"OBJECTID": 0, "FNODE_": 0, "TNODE_": 0, "LPOLY_": 0, "RPOLY_": 0, "LENGTH": 0.0, "PROVINCE10": 0, "PROVINCE_1": 0, "Shape_Leng": 0.0, "Source": "BAtlas_15", "Major_or_M": "1", "Known_or_a": "1", "Name": null, "timeperiod": "RL?", "pid": null, "en_name": null, "Lat": null, "Lon": null, "featuretyp": null, "awmc_mod": 0, "awmc_impor": 0, "awmc_class": 0, "creator": "rbelange", "notes": null, "timeperi_1": null}, "geometry": {"type": "MultiLineString", "coordinates": [[[4.630799, 43.677616], [4.608930000000374, 43.69874], [4.591319999999526, 43.707300000000146], [4.558010000000775, 43.7153899999995], [4.539450000000233, 43.72538999999964], [4.519469999999267, 43.75299000000082], [4.514470000000133, 43.76251000000052], [4.498530000000773, 43.79058000000082], [4.476160000000275, 43.81343000000016], [4.441419999999351, 43.83437000000062], [4.432380000000286, 43.8396], [4.394309999999842, 43.84246], [4.35623351176001, 43.83777295290011]]]}}, {"type": "Feature", "properties": {"OBJECTID": 0, "FNODE_": 0, "TNODE_": 0, "LPOLY_": 0, "RPOLY_": 0, "LENGTH": 0.0, "PROVINCE10": 0, "PROVINCE_1": 0, "Shape_Leng": 0.0, "Source": "BAtlas_15", "Major_or_M": "1", "Known_or_a": "1", "Name": null, "timeperiod": "RL?", "pid": null, "en_name": null, "Lat": null, "Lon": null, "featuretyp": null, "awmc_mod": 0, "awmc_impor": 0, "awmc_class": 0, "creator": "rbelange", "notes": null, "timeperi_1": null}, "geometry": {"type": "MultiLineString", "coordinates": [[[4.35623351176001, 43.83777295290005], [4.381254077812029, 43.8408529152711], [4.394309999999842, 43.84246], [4.432380000000286, 43.8396], [4.44166000000054, 43.8385300000009], [4.467710000000843, 43.83389], [4.515540000000372, 43.829610000000756], [4.594419999999572, 43.82174999999915], [4.605480000000211, 43.82353999999952], [4.61333, 43.820680000000884], [4.632610000000694, 43.81569], [4.641838146374913, 43.813557979975386]]]}}, {"type": "Feature", "properties": {"OBJECTID": 2191, "FNODE_": 0, "TNODE_": 0, "LPOLY_": 0, "RPOLY_": 0, "LENGTH": 0.0, "PROVINCE10": 0, "PROVINCE_1": 0, "Shape_Leng": 4.574983, "Source": "BAtlas_18", "Major_or_M": "1", "Known_or_a": "1", "Name": null, "timeperiod": "R", "pid": null, "en_name": null, "Lat": null, "Lon": null, "featuretyp": null, "awmc_mod": 0, "awmc_impor": 0, "awmc_class": 0, "creator": null, "notes": null, "timeperi_1": null}, "geometry": {"type": "MultiLineString", "coordinates": [[[5.014160000000685, 43.65039000000076], [4.91398, 43.64590999999933], [4.838309999999225, 43.64639], [4.775970000000568, 43.64401], [4.754559999999437, 43.643529999999366], [4.68412, 43.65781000000076], [4.65795000000072, 43.66922999999952], [4.630799, 43.677616], [4.608930000000374, 43.69874], [4.591319999999526, 43.707300000000146], [4.558010000000775, 43.7153899999995], [4.539450000000233, 43.72538999999964], [4.519469999999267, 43.75299000000082], [4.498530000000773, 43.79058000000082], [4.476160000000275, 43.81343000000016], [4.441419999999351, 43.83437000000062], [4.432380000000286, 43.8396], [4.394309999999842, 43.84246], [4.35623351176001, 43.83777295290011]]]}}, {"type": "Feature", "properties": {"OBJECTID": 0, "FNODE_": 0, "TNODE_": 0, "LPOLY_": 0, "RPOLY_": 0, "LENGTH": 0.0, "PROVINCE10": 0, "PROVINCE_1": 0, "Shape_Leng": 0.0, "Source": "BAtlas_15", "Major_or_M": "1", "Known_or_a": "1", "Name": null, "timeperiod": "RL?", "pid": null, "en_name": null, "Lat": null, "Lon": null, "featuretyp": null, "awmc_mod": 0, "awmc_impor": 0, "awmc_class": 0, "creator": "rbelange", "notes": null, "timeperi_1": null}, "geometry": {"type": "MultiLineString", "coordinates": [[[4.655810000000201, 43.810330000000306], [4.667939999999305, 43.80462000000091], [4.689000000000306, 43.78571000000022], [4.69828000000058, 43.77535], [4.72041, 43.75430000000051], [4.736119999999573, 43.74287000000015], [4.775019999999245, 43.727530000000115], [4.826059999999529, 43.708969999999795], [4.891019999999116, 43.689340000000925], [4.949909999999477, 43.66971000000018], [4.989170000000854, 43.65935999999965], [5.023789999999337, 43.647580000000744], [5.064479999999151, 43.63651000000033], [5.098389999999313, 43.62687999999986], [5.129800000000614, 43.616879999999696], [5.148709999999539, 43.614030000000696], [5.205459999999277, 43.604030000000535], [5.253290000000618, 43.59725000000071], [5.308259999999791, 43.58833000000055], [5.338589999999499, 43.58048000000065], [5.3568, 43.57370000000083], [5.377190804290933, 43.56366018113516], [5.419260000000577, 43.542999999999665], [5.440319999999758, 43.534789999999816]]]}}, {"type": "Feature", "properties": {"OBJECTID": 0, "FNODE_": 0, "TNODE_": 0, "LPOLY_": 0, "RPOLY_": 0, "LENGTH": 0.0, "PROVINCE10": 0, "PROVINCE_1": 0, "Shape_Leng": 0.0, "Source": "BAtlas_15", "Major_or_M": "1", "Known_or_a": "1", "Name": null, "timeperiod": "RL?", "pid": null, "en_name": null, "Lat": null, "Lon": null, "featuretyp": null, "awmc_mod": 0, "awmc_impor": 0, "awmc_class": 0, "creator": "rbelange", "notes": null, "timeperi_1": null}, "geometry": {"type": "MultiLineString", "coordinates": [[[4.812140000000114, 43.79213], [4.809069999999394, 43.79284], [4.769449999999836, 43.791059999999675], [4.748040000000458, 43.788560000000814], [4.713589999999328, 43.78141999999946], [4.70039, 43.77678000000015], [4.698280000000578, 43.77535], [4.689000000000304, 43.785710000000215], [4.667939999999303, 43.8046200000009], [4.655810000000201, 43.81033000000031]]]}}, {"type": "Feature", "properties": {"OBJECTID": 0, "FNODE_": 0, "TNODE_": 0, "LPOLY_": 0, "RPOLY_": 0, "LENGTH": 0.0, "PROVINCE10": 0, "PROVINCE_1": 0, "Shape_Leng": 0.0, "Source": "BAtlas_16", "Major_or_M": "1", "Known_or_a": "0", "Name": null, "timeperiod": "RL?", "pid": null, "en_name": null, "Lat": null, "Lon": null, "featuretyp": null, "awmc_mod": 0, "awmc_impor": 0, "awmc_class": 0, "creator": "rbelange", "notes": null, "timeperi_1": null}, "geometry": {"type": "MultiLineString", "coordinates": [[[5.880416653162797, 43.766583113700165], [5.904630000000907, 43.76964000000055], [5.928900000000851, 43.77320999999944], [5.970129999999699, 43.78071000000091], [5.99761000000035, 43.78892000000093], [6.023670000000607, 43.79819999999927], [6.049010000000635, 43.81319000000087], [6.065070000000503, 43.81747], [6.084580000000642, 43.82619999999963]]]}}, {"type": "Feature", "properties": {"OBJECTID": 2335, "FNODE_": 0, "TNODE_": 0, "LPOLY_": 0, "RPOLY_": 0, "LENGTH": 0.0, "PROVINCE10": 0, "PROVINCE_1": 0, "Shape_Leng": 0.674915, "Source": "BAtlas_17", "Major_or_M": "0", "Known_or_a": "0", "Name": null, "timeperiod": "RL?", "pid": null, "en_name": null, "Lat": null, "Lon": null, "featuretyp": null, "awmc_mod": 0, "awmc_impor": 0, "awmc_class": 0, "creator": "rbelange", "notes": null, "timeperi_1": null}, "geometry": {"type": "MultiLineString", "coordinates": [[[6.084580000000642, 43.82619999999963], [6.092189999999505, 43.83924], [6.11504000000059, 43.85851999999983], [6.122170000000608, 43.86744], [6.122890000000666, 43.87565], [6.121100000000354, 43.897059999999385], [6.118249999999534, 43.9081299999998], [6.121820000000412, 43.91777], [6.121820000000412, 43.924189999999726], [6.11917, 43.92806000000019], [6.146240000000148, 43.93966], [6.164979999999616, 43.949780000000885], [6.182230000000459, 43.96315999999928], [6.19175, 43.97654999999946], [6.19621, 43.98755], [6.195910000000424, 43.9914200000004], [6.192339999999604, 44.00093000000015], [6.192639999999358, 44.009260000000666], [6.19859, 44.016999999999825], [6.20126, 44.02354000000025], [6.20335, 44.03394999999915], [6.207809999999881, 44.038710000000776], [6.206620000000896, 44.04257999999942], [6.201859999999272, 44.05031000000059], [6.20126, 44.05654999999945], [6.208109999999692, 44.06934], [6.217919999999197, 44.08184000000085], [6.231584571929545, 44.0996598803531]]]}}, {"type": "Feature", "properties": {"OBJECTID": 2333, "FNODE_": 0, "TNODE_": 0, "LPOLY_": 0, "RPOLY_": 0, "LENGTH": 0.0, "PROVINCE10": 0, "PROVINCE_1": 0, "Shape_Leng": 2.806519, "Source": "BAtlas_16", "Major_or_M": "1", "Known_or_a": "0", "Name": null, "timeperiod": "RL?", "pid": null, "en_name": null, "Lat": null, "Lon": null, "featuretyp": null, "awmc_mod": 0, "awmc_impor": 0, "awmc_class": 0, "creator": "rbelange", "notes": null, "timeperi_1": null}, "geometry": {"type": "MultiLineString", "coordinates": [[[5.93212, 44.210080000000744], [5.946239999999364, 44.2078500000008], [5.952419999999677, 44.203569999999786], [5.952900000000284, 44.193100000000356], [5.954700000000173, 44.17754000000059], [5.965270000000601, 44.16359000000011], [5.991449999999588, 44.14360999999917], [6.015960000000746, 44.12075999999985], [6.02214, 44.107910000000686], [6.018340000000478, 44.08268999999939], [6.019000000000233, 44.065199999999095], [6.021189999999535, 44.06175000000087], [6.032139999999401, 44.058419999999444], [6.063070000000266, 44.05509], [6.077919999999722, 44.04839999999979], [6.079250000000684, 44.047479999999325], [6.098760000000766, 44.047950000000185], [6.135399999999265, 44.05984999999964], [6.15539, 44.07270000000062], [6.173950000000332, 44.085549999999785], [6.200600000000179, 44.09554000000037], [6.231584571929545, 44.0996598803531]]]}}, {"type": "Feature", "properties": {"OBJECTID": 0, "FNODE_": 0, "TNODE_": 0, "LPOLY_": 0, "RPOLY_": 0, "LENGTH": 0.0, "PROVINCE10": 0, "PROVINCE_1": 0, "Shape_Leng": 0.0, "Source": "BAtlas_16", "Major_or_M": "1", "Known_or_a": "0", "Name": null, "timeperiod": "RL?", "pid": null, "en_name": null, "Lat": null, "Lon": null, "featuretyp": null, "awmc_mod": 0, "awmc_impor": 0, "awmc_class": 0, "creator": "rbelange", "notes": null, "timeperi_1": null}, "geometry": {"type": "MultiLineString", "coordinates": [[[5.93212, 44.210080000000744], [5.946239999999364, 44.2078500000008], [5.952419999999677, 44.203569999999786], [5.952900000000284, 44.193100000000356], [5.954700000000173, 44.17754000000059], [5.965270000000601, 44.16359000000011], [5.991449999999588, 44.14360999999917], [6.015960000000746, 44.12075999999985], [6.02214, 44.107910000000686], [6.020710000000633, 44.09840000000071], [6.018340000000478, 44.08268999999939], [6.019000000000233, 44.065199999999095], [6.021189999999535, 44.06175000000087], [6.032139999999401, 44.058419999999444], [6.063070000000266, 44.05509], [6.077919999999722, 44.04839999999979], [6.084699999999543, 44.04054999999971], [6.0872, 44.02984], [6.096480000000213, 44.01877000000064], [6.100759999999468, 44.00664], [6.115750000000901, 43.9995], [6.121460000000297, 43.99236000000019], [6.12039, 43.97916000000083], [6.114320000000703, 43.962020000000905], [6.111109999999769, 43.94988999999981], [6.11182, 43.93810999999914], [6.121820000000412, 43.924189999999726], [6.121820000000412, 43.91777], [6.118249999999534, 43.9081299999998], [6.121100000000354, 43.897059999999385], [6.122890000000666, 43.87565], [6.122170000000608, 43.86744], [6.11504000000059, 43.85851999999983], [6.092189999999505, 43.83924], [6.083979999999485, 43.826039999999864]]]}}, {"type": "Feature", "properties": {"OBJECTID": 0, "FNODE_": 0, "TNODE_": 0, "LPOLY_": 0, "RPOLY_": 0, "LENGTH": 0.0, "PROVINCE10": 0, "PROVINCE_1": 0, "Shape_Leng": 0.0, "Source": "BAtlas_16", "Major_or_M": "1", "Known_or_a": "0", "Name": null, "timeperiod": "RL?", "pid": null, "en_name": null, "Lat": null, "Lon": null, "featuretyp": null, "awmc_mod": 0, "awmc_impor": 0, "awmc_class": 0, "creator": "rbelange", "notes": null, "timeperi_1": null}, "geometry": {"type": "MultiLineString", "coordinates": [[[7.12074000000041, 43.584909999999695], [7.115030000000786, 43.60155999999921], [7.124550000000511, 43.63059000000078], [7.131209999999669, 43.647730000000706], [7.14388, 43.662480000000926], [7.167380000000776, 43.676760000000286], [7.18974, 43.683890000000304]]]}}, {"type": "Feature", "properties": {"OBJECTID": 2831, "FNODE_": 0, "TNODE_": 0, "LPOLY_": 0, "RPOLY_": 0, "LENGTH": 0.0, "PROVINCE10": 0, "PROVINCE_1": 0, "Shape_Leng": 0.219129, "Source": "BAtlas_16", "Major_or_M": "0", "Known_or_a": "0", "Name": null, "timeperiod": "RL?", "pid": null, "en_name": null, "Lat": null, "Lon": null, "featuretyp": null, "awmc_mod": 0, "awmc_impor": 0, "awmc_class": 0, "creator": "rbelange", "notes": null, "timeperi_1": null}, "geometry": {"type": "MultiLineString", "coordinates": [[[6.751449999999807, 43.868780000000754], [6.756980000000112, 43.87520000000046], [6.761775531783485, 43.878797581821175], [6.769829999999274, 43.88484000000062], [6.786959999999453, 43.89912], [6.791960000000472, 43.904829999999606], [6.793030000000726, 43.913039999999455], [6.78982, 43.921599999999614], [6.7866, 43.92446000000018], [6.788389999999822, 43.9326700000002], [6.798740000000123, 43.94088000000022], [6.811939999999709, 43.95051000000069], [6.818010000000982, 43.958360000000596]]]}}, {"type": "Feature", "properties": {"OBJECTID": 2830, "FNODE_": 0, "TNODE_": 0, "LPOLY_": 0, "RPOLY_": 0, "LENGTH": 0.0, "PROVINCE10": 0, "PROVINCE_1": 0, "Shape_Leng": 0.741504, "Source": "BAtlas_16", "Major_or_M": "0", "Known_or_a": "1", "Name": null, "timeperiod": null, "pid": null, "en_name": null, "Lat": null, "Lon": null, "featuretyp": null, "awmc_mod": 0, "awmc_impor": 0, "awmc_class": 0, "creator": null, "notes": null, "timeperi_1": null}, "geometry": {"type": "MultiLineString", "coordinates": [[[7.10765, 43.728150000000824], [7.110968867543136, 43.72430043062235], [7.119609999999795, 43.71816000000041], [7.124250000000757, 43.70924000000025], [7.12853, 43.704949999999315], [7.12853, 43.69709999999941], [7.126749999999561, 43.6853200000005], [7.12853, 43.6760400000004], [7.13496, 43.66890000000063], [7.14388, 43.662480000000926]]]}}, {"type": "Feature", "properties": {"OBJECTID": 2824, "FNODE_": 0, "TNODE_": 0, "LPOLY_": 0, "RPOLY_": 0, "LENGTH": 0.0, "PROVINCE10": 0, "PROVINCE_1": 0, "Shape_Leng": 1.546711, "Source": "BAtlas_16", "Major_or_M": "1", "Known_or_a": "1", "Name": null, "timeperiod": "RL?", "pid": null, "en_name": null, "Lat": null, "Lon": null, "featuretyp": null, "awmc_mod": 0, "awmc_impor": 0, "awmc_class": 0, "creator": "rbelange", "notes": null, "timeperi_1": null}, "geometry": {"type": "MultiLineString", "coordinates": [[[5.932119999999661, 44.21008000000075], [5.939609999999509, 44.203659999999275], [5.94175, 44.19402000000084], [5.940679999999695, 44.1768900000007], [5.932469999999801, 44.17295999999988], [5.93354, 44.170459999999366], [5.944960000000759, 44.1611799999992], [5.947459999999532, 44.15511999999944], [5.952100000000596, 44.15155000000051], [5.95032, 44.14334000000056], [5.946040000000758, 44.13049], [5.944610000000471, 44.10265000000077], [5.936040000000601, 44.079089999999255], [5.93747000000087, 44.07266999999958], [5.943540000000204, 44.06196000000093], [5.943890000000529, 44.05197000000046], [5.934970000000369, 44.03519000000052], [5.923688384857487, 44.01212317214257], [5.914990858010587, 43.993599028783756], [5.908046000000109, 43.97987650000001], [5.887140000000702, 43.96415999999953], [5.872509999999294, 43.95487999999935], [5.8486, 43.9445300000007], [5.803620000000693, 43.92953999999919], [5.774890000000735, 43.9181200000003], [5.740630000000373, 43.90633999999955], [5.71564000000039, 43.89671000000093], [5.698510000000204, 43.88777999999913], [5.696009999999767, 43.88279], [5.678519999999509, 43.876360000000226], [5.65711000000023, 43.87992999999919], [5.645329999999406, 43.879569999999156], [5.62463000000038, 43.87278999999945], [5.61017, 43.86744], [5.599109999999415, 43.866009999999704], [5.585900000000115, 43.86173000000052], [5.575840503652701, 43.86276996725594]]]}}, {"type": "Feature", "properties": {"OBJECTID": 2333, "FNODE_": 0, "TNODE_": 0, "LPOLY_": 0, "RPOLY_": 0, "LENGTH": 0.0, "PROVINCE10": 0, "PROVINCE_1": 0, "Shape_Leng": 2.806519, "Source": "BAtlas_16", "Major_or_M": "1", "Known_or_a": "0", "Name": null, "timeperiod": "RL?", "pid": null, "en_name": null, "Lat": null, "Lon": null, "featuretyp": null, "awmc_mod": 0, "awmc_impor": 0, "awmc_class": 0, "creator": "rbelange", "notes": null, "timeperi_1": null}, "geometry": {"type": "MultiLineString", "coordinates": [[[5.908686147115866, 44.39029649455475], [5.901750000001016, 44.38530999999966], [5.896399999999574, 44.37924000000032], [5.886759999999356, 44.36602999999923], [5.878909999999507, 44.35426], [5.868580000000293, 44.33749999999958], [5.855729999999312, 44.32430000000022], [5.853390000000218, 44.3110699999998], [5.850889999999765, 44.30035999999939], [5.848749999999256, 44.29180000000093], [5.853030000000274, 44.275739999999246], [5.867870000000153, 44.26361999999972], [5.88836000000083, 44.253249999999866], [5.902850000000342, 44.24292000000065], [5.911920000000464, 44.23396999999943], [5.93196, 44.210230000000706]]]}}, {"type": "Feature", "properties": {"OBJECTID": 2204, "FNODE_": 0, "TNODE_": 0, "LPOLY_": 0, "RPOLY_": 0, "LENGTH": 0.0, "PROVINCE10": 0, "PROVINCE_1": 0, "Shape_Leng": 2.417528, "Source": "BAtlas_17", "Major_or_M": "1", "Known_or_a": "1", "Name": null, "timeperiod": "RL", "pid": null, "en_name": null, "Lat": null, "Lon": null, "featuretyp": null, "awmc_mod": 0, "awmc_impor": 0, "awmc_class": 0, "creator": "rbelange", "notes": null, "timeperi_1": null}, "geometry": {"type": "MultiLineString", "coordinates": [[[5.93224, 45.57397], [5.92974, 45.568970000000206], [5.920459999999366, 45.564689999999246], [5.911539999999263, 45.560760000000414], [5.904759999999385, 45.54648000000083], [5.900830000000553, 45.53792000000067], [5.880489999999668, 45.529350000000704], [5.862289999999234, 45.519720000000234], [5.853010000000722, 45.512220000000525], [5.845509999999251, 45.49901], [5.834450000000402, 45.48152999999911], [5.810180000000457, 45.45867999999979], [5.789829999999768, 45.44762000000088], [5.765919999999767, 45.44512000000026], [5.750570000000153, 45.44190999999955], [5.738079999999172, 45.44154999999961], [5.73344, 45.45011999999957], [5.732369999999776, 45.4693900000002], [5.71916000000067, 45.482599999999366], [5.704879999999321, 45.50972], [5.694530000000782, 45.52470999999974], [5.685970000000566, 45.531489999999394], [5.676330000000348, 45.53399], [5.663119999999253, 45.54256], [5.656339999999602, 45.544340000000375], [5.649919999999895, 45.54756000000083], [5.631, 45.55969000000016], [5.60887, 45.57468], [5.601020000000119, 45.581819999999425], [5.573634539861928, 45.5794601704298], [5.538493248268651, 45.582672836871836], [5.507803248268999, 45.57910283687096], [5.462989603090818, 45.57618841154675], [5.434391616982566, 45.56850797161951], [5.387280000000942, 45.57130999999936], [5.341599999999858, 45.57488000000018], [5.314469999999346, 45.58273], [5.264499999999259, 45.58416000000045], [5.231669999999326, 45.59272000000067], [5.216309999999794, 45.60466000000093], [5.179899999999179, 45.59644999999915], [5.09353, 45.57754000000017], [5.054620000000796, 45.56968000000052], [5.014649999999108, 45.55684], [4.966459999999643, 45.54897999999969], [4.907419036242345, 45.536040239135104], [4.888300000000527, 45.53184999999951], [4.879100000000108, 45.52685000000025]]]}}, {"type": "Feature", "properties": {"OBJECTID": 2204, "FNODE_": 0, "TNODE_": 0, "LPOLY_": 0, "RPOLY_": 0, "LENGTH": 0.0, "PROVINCE10": 0, "PROVINCE_1": 0, "Shape_Leng": 2.417528, "Source": "BAtlas_17", "Major_or_M": "1", "Known_or_a": "1", "Name": null, "timeperiod": "RL", "pid": null, "en_name": null, "Lat": null, "Lon": null, "featuretyp": null, "awmc_mod": 0, "awmc_impor": 0, "awmc_class": 0, "creator": "rbelange", "notes": null, "timeperi_1": null}, "geometry": {"type": "MultiLineString", "coordinates": [[[4.806839999999283, 44.14263000000034], [4.803270000000396, 44.1569], [4.802200000000141, 44.17618000000033], [4.794340000000489, 44.19866], [4.782919999999706, 44.21865000000071], [4.7765, 44.23078], [4.774709999999686, 44.243280000000595], [4.7765, 44.252200000000926], [4.77686, 44.2572], [4.771500000000742, 44.261119999999266], [4.738670000000752, 44.2761100000007], [4.734379999999817, 44.2803999999997], [4.725819999999601, 44.29645999999963], [4.723319999999205, 44.304669999999646], [4.72439, 44.316450000000316], [4.725099999999713, 44.3457099999996], [4.727240000000222, 44.3710499999998], [4.72867000000042, 44.39389999999912], [4.728310000000477, 44.408890000000554], [4.738670000000752, 44.44030000000026], [4.747950000000856, 44.46742000000086], [4.747950000000856, 44.4717099999998], [4.730460000000733, 44.485269999999275], [4.72796000000011, 44.49312], [4.72867000000042, 44.510609999999474], [4.729740000000675, 44.51988999999958], [4.729030000000535, 44.54166000000083], [4.727240000000222, 44.54809000000034], [4.736170000000129, 44.565220000000465], [4.752590000000168, 44.58448999999939], [4.770070000000544, 44.60841000000073], [4.775429999999744, 44.616609999999184], [4.7765, 44.62233000000015], [4.774709999999686, 44.63409999999931], [4.770790000000602, 44.649450000000854], [4.770790000000602, 44.660159999999564], [4.780779999999197, 44.69263999999936], [4.786850000000527, 44.71119999999968], [4.794340000000489, 44.72904000000017], [4.80105, 44.7437100000007], [4.816119999999557, 44.75760000000088], [4.830040000000736, 44.78544], [4.847169999999153, 44.82042], [4.863939999999332, 44.8653900000009], [4.885720000000219, 44.92892000000023]], [[4.885669999999607, 44.929249999999286], [4.88602, 44.95210000000043], [4.893869999999879, 44.988499999999476], [4.907080000000974, 45.00206000000071], [4.918499999999767, 45.016700000000185], [4.915999999999315, 45.02098], [4.900659999999277, 45.03132999999974], [4.86175, 45.056319999999744], [4.85676000000052, 45.06524], [4.842479999999398, 45.07380000000012], [4.835699999999747, 45.08664999999928], [4.831410000000744, 45.09950000000026], [4.82392000000084, 45.11806000000075], [4.818209999999453, 45.12912999999941], [4.818569999999568, 45.136270000000934], [4.82892, 45.15374999999949], [4.830340000000547, 45.15982000000082], [4.82856, 45.16589000000033], [4.819279999999708, 45.178019999999435], [4.816070000000764, 45.18945], [4.813210000000367, 45.204439999999636], [4.815000000000509, 45.21479], [4.816419999999312, 45.237269999999626], [4.82071, 45.26583000000028], [4.818209999999453, 45.284390000000826], [4.815000000000509, 45.29902000000038], [4.80393, 45.32971999999978], [4.78573, 45.382900000000575], [4.799290000000951, 45.399310000000696], [4.805000000000348, 45.41395000000017], [4.811069999999859, 45.42109], [4.808209999999292, 45.43108000000035], [4.81571000000082, 45.46035], [4.81785, 45.47105999999985], [4.816070000000764, 45.477119999999616], [4.816779999999255, 45.484619999999325], [4.829270000000292, 45.49140000000091], [4.855680000000518, 45.50782000000078], [4.866040000000794, 45.517449999999485], [4.879100000000108, 45.52685000000025]]]}}, {"type": "Feature", "properties": {"OBJECTID": 2188, "FNODE_": 0, "TNODE_": 0, "LPOLY_": 0, "RPOLY_": 0, "LENGTH": 0.0, "PROVINCE10": 0, "PROVINCE_1": 0, "Shape_Leng": 1.823712, "Source": "BAtlas_17", "Major_or_M": "1", "Known_or_a": "0", "Name": null, "timeperiod": "RL", "pid": null, "en_name": null, "Lat": null, "Lon": null, "featuretyp": null, "awmc_mod": 0, "awmc_impor": 0, "awmc_class": 0, "creator": "rbelange", "notes": null, "timeperi_1": null}, "geometry": {"type": "MultiLineString", "coordinates": [[[4.880320000000154, 45.52828000000045], [4.897450000000504, 45.50542999999931], [4.91547, 45.48366], [4.936890000000972, 45.461890000000494], [4.955089999999416, 45.441189999999665], [4.976860000000727, 45.415849999999466], [4.987929999999324, 45.4044300000005], [5.00792, 45.39157999999952], [5.02291, 45.385870000000125], [5.038609999999721, 45.38016000000073], [5.052890000000843, 45.381939999999304], [5.082150000000297, 45.385870000000125], [5.11499, 45.38836000000083], [5.151040000000648, 45.39050999999927], [5.194579999999519, 45.39300000000014], [5.228849999999568, 45.39622000000065]], [[6.26696665739297, 45.02699351372871], [6.249920000000316, 45.02384], [6.209590000000446, 45.01848000000075], [6.181039999999541, 45.02027000000089], [6.16587000000078, 45.02311999999989], [6.145529999999837, 45.02598000000046], [6.115540000000749, 45.028829999999346], [6.099480000000824, 45.028829999999346], [6.089490000000239, 45.02776000000085], [6.077349999999626, 45.0252600000004], [6.058080000000757, 45.01920000000064], [6.04559, 45.01705000000038], [6.035239999999192, 45.018120000000636], [6.026669999999228, 45.02168999999952], [6.021319999999776, 45.026330000000655], [6.015250000000435, 45.03917999999982], [6.011319999999614, 45.04311000000064], [5.999550000000454, 45.04704], [5.993660000000204, 45.049530000000345], [5.989729999999383, 45.056319999999744], [5.98402, 45.07702000000063], [5.981519999999364, 45.09165000000036], [5.976520000000278, 45.099860000000376], [5.966529999999693, 45.10378999999921], [5.956889999999476, 45.10378999999921], [5.944040000000314, 45.10093000000063], [5.930840000000956, 45.09735999999975], [5.912280000000408, 45.0920100000003], [5.896220000000483, 45.08879], [5.885870000000182, 45.084870000000706], [5.871950000000766, 45.070589999999356], [5.86410000000069, 45.06524], [5.858739999999671, 45.06488], [5.850179999999455, 45.07022999999941], [5.844820000000254, 45.069879999999046], [5.836610000000405, 45.06488], [5.824119999999425, 45.05239000000074], [5.817339999999547, 45.05132000000049], [5.798779999999226, 45.05345999999918], [5.787000000000262, 45.05381999999912], [5.772720000000902, 45.05132000000049], [5.763090000000489, 45.05025000000023], [5.75559000000078, 45.054889999999375], [5.750949999999648, 45.06203], [5.750589999999704, 45.074160000000234], [5.746670000000449, 45.07916], [5.734529999999779, 45.087719999999536], [5.7174, 45.10520999999983], [5.70919, 45.11377999999979], [5.703840000000127, 45.13305000000042], [5.701699999999619, 45.1555399999998], [5.70241, 45.17088999999942], [5.707759999999382, 45.18088], [5.715969999999231, 45.18445000000071], [5.710460000000239, 45.199609999999666], [5.698270000000775, 45.20080000000064], [5.688449999999705, 45.20823000000024], [5.683689999999842, 45.212990000000104], [5.677750000000799, 45.21566999999959], [5.666740000000573, 45.218349999999305], [5.656629999999438, 45.22667], [5.65157, 45.236189999999624], [5.646520000000351, 45.248680000000604], [5.639380000000585, 45.25761000000068], [5.620940000000701, 45.27367000000061], [5.616470000000902, 45.28228999999919], [5.610230000000286, 45.29865000000069], [5.599519999999814, 45.30906], [5.581819999999539, 45.3158999999996], [5.560110000000407, 45.31977], [5.547319999999786, 45.32364000000052], [5.533040000000256, 45.33374999999978], [5.518169999999486, 45.345349999999655], [5.508659999999566, 45.352189999999666], [5.500330000000815, 45.354269999999815], [5.494380000000206, 45.354269999999815], [5.47207, 45.34654000000057], [5.449469999999565, 45.34178000000077], [5.34893, 45.34118999999919], [5.336890000000608, 45.34267000000011], [5.314280000000508, 45.3480299999992], [5.302390000000798, 45.35398], [5.284840000000372, 45.37152000000066], [5.265499999999577, 45.38759000000033], [5.256579999999303, 45.39531999999974], [5.25093000000021, 45.396810000000244], [5.243790000000445, 45.39710000000025], [5.22862, 45.39651000000049]]]}}, {"type": "Feature", "properties": {"OBJECTID": 2188, "FNODE_": 0, "TNODE_": 0, "LPOLY_": 0, "RPOLY_": 0, "LENGTH": 0.0, "PROVINCE10": 0, "PROVINCE_1": 0, "Shape_Leng": 1.823712, "Source": "BAtlas_17", "Major_or_M": "1", "Known_or_a": "0", "Name": null, "timeperiod": "RL", "pid": null, "en_name": null, "Lat": null, "Lon": null, "featuretyp": null, "awmc_mod": 0, "awmc_impor": 0, "awmc_class": 0, "creator": "rbelange", "notes": null, "timeperi_1": null}, "geometry": {"type": "MultiLineString", "coordinates": [[[4.822274293552584, 45.76863131349655], [4.825709999999162, 45.768480000000636], [4.850689999999418, 45.76027000000079], [4.854980000000182, 45.71816000000035], [4.861039999999775, 45.70530999999943], [4.86283, 45.69638999999927], [4.860689999999579, 45.687819999999306], [4.850340000000813, 45.664619999999616], [4.839270000000454, 45.63927999999942], [4.83713, 45.62072000000086], [4.840340000000651, 45.59965999999986], [4.851409999999305, 45.58503000000013], [4.864610000000596, 45.57324999999946], [4.867109999999286, 45.56754], [4.866749999999342, 45.55969000000016], [4.876029999999446, 45.54754999999932], [4.880320000000154, 45.52828000000045]]]}}, {"type": "Feature", "properties": {"OBJECTID": 2313, "FNODE_": 0, "TNODE_": 0, "LPOLY_": 0, "RPOLY_": 0, "LENGTH": 0.0, "PROVINCE10": 0, "PROVINCE_1": 0, "Shape_Leng": 1.010833, "Source": "BAtlas_17", "Major_or_M": "0", "Known_or_a": "0", "Name": null, "timeperiod": "RL", "pid": null, "en_name": null, "Lat": null, "Lon": null, "featuretyp": null, "awmc_mod": 0, "awmc_impor": 0, "awmc_class": 0, "creator": "rbelange", "notes": null, "timeperi_1": null}, "geometry": {"type": "MultiLineString", "coordinates": [[[5.556467010674567, 45.32087229622323], [5.566119999999557, 45.3252], [5.573851944293835, 45.327462337402096], [5.597050000000422, 45.33425], [5.61038, 45.34091000000086], [5.63893, 45.359940000000336], [5.662720000000263, 45.37565], [5.683189999999684, 45.39326000000085], [5.70651, 45.411819999999466], [5.722690000000512, 45.42609000000084], [5.737440000000731, 45.44226999999967]]]}}, {"type": "Feature", "properties": {"OBJECTID": 2125, "FNODE_": 0, "TNODE_": 0, "LPOLY_": 0, "RPOLY_": 0, "LENGTH": 0.0, "PROVINCE10": 0, "PROVINCE_1": 0, "Shape_Leng": 3.617831, "Source": "BAtlas_18", "Major_or_M": "1", "Known_or_a": "1", "Name": null, "timeperiod": "RL", "pid": null, "en_name": null, "Lat": null, "Lon": null, "featuretyp": null, "awmc_mod": 0, "awmc_impor": 0, "awmc_class": 0, "creator": "rbelange", "notes": null, "timeperi_1": null}, "geometry": {"type": "MultiLineString", "coordinates": [[[5.216309999999794, 45.60466000000093], [5.198829999999418, 45.6219899999997], [5.144220000000189, 45.63270000000017], [5.125659999999641, 45.64696999999978], [5.089363231340371, 45.66904904538109], [5.072840000000781, 45.6791], [5.054280000000404, 45.693370000000925], [5.037150000000224, 45.69980000000038], [4.850689999999418, 45.76027000000079], [4.825140000000886, 45.76833000000079]]]}}, {"type": "Feature", "properties": {"OBJECTID": 2326, "FNODE_": 0, "TNODE_": 0, "LPOLY_": 0, "RPOLY_": 0, "LENGTH": 0.0, "PROVINCE10": 0, "PROVINCE_1": 0, "Shape_Leng": 0.773742, "Source": "BAtlas_17", "Major_or_M": "0", "Known_or_a": "0", "Name": null, "timeperiod": "RL", "pid": null, "en_name": null, "Lat": null, "Lon": null, "featuretyp": null, "awmc_mod": 0, "awmc_impor": 0, "awmc_class": 0, "creator": "rbelange", "notes": null, "timeperi_1": null}, "geometry": {"type": "MultiLineString", "coordinates": [[[5.037990000000832, 44.23449000000073], [5.029360000000509, 44.23567999999989], [5.014789999999323, 44.23985], [5.002300000000105, 44.245199999999386], [4.996349999999495, 44.2469899999997], [4.988620000000139, 44.24580000000071], [4.977020000000266, 44.23955000000035], [4.96006, 44.22587000000033], [4.948169999999777, 44.217539999999644], [4.927789999999789, 44.207130000000745], [4.890310000000738, 44.18453000000039], [4.868839999999238, 44.17215000000033], [4.846949999999254, 44.162399999999366], [4.828149999999425, 44.154070000000615], [4.817440000000772, 44.148119999999835], [4.806500000000653, 44.14264999999983]]]}}, {"type": "Feature", "properties": {"OBJECTID": 2326, "FNODE_": 0, "TNODE_": 0, "LPOLY_": 0, "RPOLY_": 0, "LENGTH": 0.0, "PROVINCE10": 0, "PROVINCE_1": 0, "Shape_Leng": 0.773742, "Source": "BAtlas_17", "Major_or_M": "0", "Known_or_a": "0", "Name": null, "timeperiod": null, "pid": null, "en_name": null, "Lat": null, "Lon": null, "featuretyp": null, "awmc_mod": 0, "awmc_impor": 0, "awmc_class": 0, "creator": null, "notes": null, "timeperi_1": null}, "geometry": {"type": "MultiLineString", "coordinates": [[[5.106100000000936, 44.35139], [5.10491, 44.34751999999946], [5.09688, 44.33919000000071], [5.08350000000064, 44.326699999999676], [5.078439999999432, 44.31718], [5.074570000000733, 44.30825999999985], [5.074570000000733, 44.29606000000064], [5.075469999999882, 44.28178999999909], [5.076059999999472, 44.269889999999634], [5.073979999999324, 44.26216000000022], [5.069519999999102, 44.25412999999946], [5.06387, 44.24877000000026], [5.052560000000199, 44.242229999999836], [5.037990000000832, 44.23449000000073]]]}}, {"type": "Feature", "properties": {"OBJECTID": 2328, "FNODE_": 0, "TNODE_": 0, "LPOLY_": 0, "RPOLY_": 0, "LENGTH": 0.0, "PROVINCE10": 0, "PROVINCE_1": 0, "Shape_Leng": 0.802237, "Source": "BAtlas_17", "Major_or_M": "0", "Known_or_a": "0", "Name": null, "timeperiod": "RL", "pid": null, "en_name": null, "Lat": null, "Lon": null, "featuretyp": null, "awmc_mod": 0, "awmc_impor": 0, "awmc_class": 0, "creator": "rbelange", "notes": null, "timeperi_1": null}, "geometry": {"type": "MultiLineString", "coordinates": [[[5.493187421358641, 44.84835886859827], [5.495769999999538, 44.85151000000053], [5.50677, 44.858350000000485], [5.521049999999377, 44.8601400000008], [5.533840000000168, 44.86370999999974], [5.542760000000328, 44.8717400000005], [5.560610000000565, 44.87233000000026], [5.577859999999475, 44.87679000000037], [5.594180000000108, 44.88296000000088], [5.59299, 44.88980000000083], [5.595670000000666, 44.89723000000049], [5.605190000000334, 44.90616000000057], [5.610839999999371, 44.92222000000049], [5.615599999999233, 44.94333999999981], [5.618270000000962, 44.95552999999927], [5.635819999999626, 45.00103999999931], [5.636420000000783, 45.01056000000074], [5.64534, 45.032859999999346], [5.649509999999395, 45.04356999999982], [5.652780000000291, 45.06261000000097], [5.659019999999146, 45.07122999999956], [5.667349999999658, 45.09680999999915], [5.67389, 45.11139], [5.681930000000591, 45.12387999999913], [5.688169999999445, 45.14113], [5.696799999999769, 45.158970000000465], [5.701559999999631, 45.161350000000425]]]}}, {"type": "Feature", "properties": {"OBJECTID": 2125, "FNODE_": 0, "TNODE_": 0, "LPOLY_": 0, "RPOLY_": 0, "LENGTH": 0.0, "PROVINCE10": 0, "PROVINCE_1": 0, "Shape_Leng": 3.617831, "Source": "BAtlas_18", "Major_or_M": "1", "Known_or_a": "1", "Name": null, "timeperiod": "RL", "pid": null, "en_name": null, "Lat": null, "Lon": null, "featuretyp": null, "awmc_mod": 0, "awmc_impor": 0, "awmc_class": 0, "creator": "rbelange", "notes": null, "timeperi_1": null}, "geometry": {"type": "MultiLineString", "coordinates": [[[4.825140000000886, 45.76833000000079], [4.821850000000268, 45.76865], [4.804267355409138, 45.77026768850453], [4.794439999999668, 45.771179999999845], [4.765530000000581, 45.77618000000069], [4.730550000000164, 45.79401999999942], [4.71342, 45.81257999999974], [4.691290000000777, 45.82971999999967], [4.668449999999211, 45.83542999999929], [4.584930000000895, 45.848990000000526], [4.56423, 45.85684000000043], [4.54424, 45.8732600000003], [4.519259999999122, 45.87896999999987], [4.484280000000638, 45.882540000000574], [4.464649999999892, 45.8961], [4.438239999999439, 45.90681000000046], [4.417530000000625, 45.90894999999921], [4.368990000000906, 45.90824000000066], [4.326160000000641, 45.915380000000425], [4.308320000000151, 45.91324], [4.291900000000282, 45.92252], [4.275480000000243, 45.92252], [4.245500000000902, 45.92607999999939], [4.2248, 45.927509999999586], [4.1991, 45.935359999999434], [4.178400000000693, 45.95320999999967], [4.174141572898691, 45.95507648388019], [4.12629, 45.97604999999942], [4.099879999999871, 45.994609999999795], [4.089879999999539, 46.00746000000072], [4.074889999999868, 46.05100999999934]]]}}, {"type": "Feature", "properties": {"OBJECTID": 0, "FNODE_": 0, "TNODE_": 0, "LPOLY_": 0, "RPOLY_": 0, "LENGTH": 0.0, "PROVINCE10": 0, "PROVINCE_1": 0, "Shape_Leng": 0.0, "Source": "BAtlas_17", "Major_or_M": "1", "Known_or_a": "1", "Name": null, "timeperiod": "RL", "pid": null, "en_name": null, "Lat": null, "Lon": null, "featuretyp": null, "awmc_mod": 0, "awmc_impor": 0, "awmc_class": 0, "creator": "rbelange", "notes": null, "timeperi_1": null}, "geometry": {"type": "MultiLineString", "coordinates": [[[4.21818, 45.748690000000465], [4.195540000000619, 45.741229999999575], [4.16842, 45.73123999999922], [4.13796, 45.70506000000023], [4.12464, 45.66414000000077], [4.113209999999526, 45.64985999999959], [4.086090000000695, 45.62607000000031], [4.08561, 45.59228000000087], [4.099410000000773, 45.57277000000079], [4.100370000000112, 45.56313000000057], [4.092870000000346, 45.55314], [4.090729999999894, 45.54385999999988], [4.07395, 45.52494], [4.056109999999592, 45.51459000000068], [4.05218000000059, 45.51066], [4.037549999999044, 45.50281], [4.033260000000269, 45.49532], [4.03291, 45.48247000000083], [4.020420000000854, 45.476039999999614], [4.010060000000578, 45.45605000000063], [4.011490000000776, 45.45176999999967], [4.010239999999669, 45.44677000000058], [4.000609999999199, 45.44356], [3.998470000000509, 45.43857000000031], [3.997750000000451, 45.42893], [3.998470000000509, 45.42179000000033], [3.996320000000253, 45.41965], [3.980620000000272, 45.41893], [3.968839999999545, 45.416440000000875], [3.959199999999328, 45.410369999999716], [3.950639999999169, 45.40287], [3.944929999999772, 45.393239999999366]]]}}, {"type": "Feature", "properties": {"OBJECTID": 0, "FNODE_": 0, "TNODE_": 0, "LPOLY_": 0, "RPOLY_": 0, "LENGTH": 0.0, "PROVINCE10": 0, "PROVINCE_1": 0, "Shape_Leng": 0.0, "Source": "BAtlas_17", "Major_or_M": "1", "Known_or_a": "1", "Name": null, "timeperiod": "RL", "pid": null, "en_name": null, "Lat": null, "Lon": null, "featuretyp": null, "awmc_mod": 0, "awmc_impor": 0, "awmc_class": 0, "creator": "rbelange", "notes": null, "timeperi_1": null}, "geometry": {"type": "MultiLineString", "coordinates": [[[4.223638415225366, 45.749270405110906], [4.235833152880446, 45.74629607885362], [4.263240000000224, 45.74314000000061], [4.303210000000149, 45.73600000000084], [4.346040000000414, 45.73171], [4.364600000000792, 45.733860000000334], [4.39459, 45.746709999999496], [4.413150000000428, 45.75526999999971], [4.434559999999806, 45.75813000000028], [4.468820000000107, 45.7545599999994], [4.48596, 45.75526999999971], [4.505939999999043, 45.76240999999948], [4.523080000000959, 45.76526999999987], [4.560910000000149, 45.75741000000022], [4.592319999999688, 45.763839999999675], [4.61802, 45.76240999999948], [4.635510000000124, 45.76311999999962], [4.670480000000737, 45.76311999999962], [4.72188, 45.76311999999962], [4.778270000000759, 45.765980000000184], [4.818250000000262, 45.76812000000069]]]}}, {"type": "Feature", "properties": {"OBJECTID": 2365, "FNODE_": 0, "TNODE_": 0, "LPOLY_": 0, "RPOLY_": 0, "LENGTH": 0.0, "PROVINCE10": 0, "PROVINCE_1": 0, "Shape_Leng": 1.353865, "Source": "BAtlas_17", "Major_or_M": "0", "Known_or_a": "0", "Name": null, "timeperiod": null, "pid": null, "en_name": null, "Lat": null, "Lon": null, "featuretyp": null, "awmc_mod": 0, "awmc_impor": 0, "awmc_class": 0, "creator": null, "notes": null, "timeperi_1": null}, "geometry": {"type": "MultiLineString", "coordinates": [[[4.223638415225366, 45.749270405110906], [4.224700000000666, 45.74052999999924], [4.23481, 45.695910000000424], [4.243140000000494, 45.67240999999933], [4.252660000000219, 45.6498100000008], [4.26217, 45.6230400000004], [4.269309999999734, 45.59865], [4.281800000000771, 45.5647399999998], [4.292219999999418, 45.54480999999947], [4.297269999999116, 45.533219999999346], [4.3053, 45.51298999999938], [4.308870000000695, 45.506740000000775], [4.312739999999394, 45.49604000000011], [4.316600000000108, 45.49068000000085], [4.330879999999638, 45.479079999999215], [4.370440000000656, 45.46033999999963], [4.379070000000922, 45.45795999999967], [4.415349999999307, 45.45440000000053], [4.423829999999782, 45.45231000000064], [4.437509999999804, 45.44904], [4.448220000000276, 45.44964000000073], [4.473200000000304, 45.461830000000134], [4.485689999999579, 45.470160000000874], [4.500570000000266, 45.47610999999972], [4.514839999999879, 45.48414000000048], [4.541610000000219, 45.50376999999946], [4.557670000000144, 45.515069999999525], [4.56675, 45.51982999999939], [4.61077, 45.540349999999364], [4.634860000000174, 45.552250000000754], [4.650030000000697, 45.55671000000086], [4.66014, 45.56177000000031], [4.670550000000674, 45.56861000000026]]]}}, {"type": "Feature", "properties": {"OBJECTID": 0, "FNODE_": 0, "TNODE_": 0, "LPOLY_": 0, "RPOLY_": 0, "LENGTH": 0.0, "PROVINCE10": 0, "PROVINCE_1": 0, "Shape_Leng": 0.0, "Source": "BAtlas_17", "Major_or_M": "1", "Known_or_a": "1", "Name": null, "timeperiod": "RL", "pid": null, "en_name": null, "Lat": null, "Lon": null, "featuretyp": null, "awmc_mod": 0, "awmc_impor": 0, "awmc_class": 0, "creator": "rbelange", "notes": null, "timeperi_1": null}, "geometry": {"type": "MultiLineString", "coordinates": [[[6.874509999999759, 45.684569999999496], [6.893550000000744, 45.69409000000098], [6.935900000000402, 45.717409999999404], [6.948749999999563, 45.7385900000009], [6.963739999999234, 45.755010000000766], [6.98445, 45.77284999999944], [7.005150000000867, 45.77571], [7.034410000000321, 45.76643], [7.048262294088659, 45.759027168119246], [7.07582, 45.744300000000294], [7.096519999999259, 45.73215999999968], [7.097949999999457, 45.72146000000072], [7.120790000000966, 45.7150299999995], [7.123272744464272, 45.7146851207103]]]}}, {"type": "Feature", "properties": {"OBJECTID": 2200, "FNODE_": 0, "TNODE_": 0, "LPOLY_": 0, "RPOLY_": 0, "LENGTH": 0.0, "PROVINCE10": 0, "PROVINCE_1": 0, "Shape_Leng": 1.875914, "Source": "BAtlas_18", "Major_or_M": "1", "Known_or_a": "1", "Name": null, "timeperiod": null, "pid": null, "en_name": null, "Lat": null, "Lon": null, "featuretyp": null, "awmc_mod": 0, "awmc_impor": 0, "awmc_class": 0, "creator": null, "notes": null, "timeperi_1": null}, "geometry": {"type": "MultiLineString", "coordinates": [[[6.375077655751227, 45.67204103239834], [6.387569826031836, 45.66787697563814], [6.40148000000039, 45.66316000000012], [6.419089999999414, 45.656970000000115], [6.425750000000335, 45.647929999999235], [6.439549999999258, 45.61129000000079], [6.437169999999355, 45.59035000000051], [6.45097, 45.570359999999766], [6.454780000000142, 45.55989000000051], [6.455729999999676, 45.53562000000056], [6.459539999999834, 45.52658], [6.467150000000458, 45.51754000000085], [6.470960000000559, 45.51039999999932], [6.488090000000739, 45.505160000000615], [6.495230000000504, 45.49468999999959], [6.510459999999625, 45.48327000000057], [6.518550000000687, 45.48089000000084], [6.525209999999845, 45.48992999999973], [6.534729999999342, 45.50564], [6.551859999999522, 45.522290000000794], [6.57661000000013, 45.53989999999982], [6.60088, 45.54703999999958], [6.635140000000376, 45.55322999999959], [6.663220000000422, 45.5617899999998], [6.682249999999897, 45.56227000000047], [6.706519999999841, 45.56892999999957], [6.71033, 45.57416999999987], [6.7189, 45.5913], [6.74079, 45.59891000000073], [6.763629999999466, 45.61413999999979], [6.788850000000934, 45.62032999999985], [6.81027, 45.62127999999939], [6.838350000000105, 45.62032999999985], [6.843580000000657, 45.62223000000091], [6.843109999999797, 45.62604], [6.835020000000441, 45.63032000000021], [6.835020000000441, 45.636029999999664], [6.841200000000754, 45.64173999999923], [6.855949999999211, 45.64459999999963], [6.8640400000005, 45.65791999999965], [6.874509999999759, 45.684569999999496]]]}}, {"type": "Feature", "properties": {"OBJECTID": 2189, "FNODE_": 0, "TNODE_": 0, "LPOLY_": 0, "RPOLY_": 0, "LENGTH": 0.0, "PROVINCE10": 0, "PROVINCE_1": 0, "Shape_Leng": 2.560029, "Source": "BAtlas_17", "Major_or_M": "1", "Known_or_a": "1", "Name": null, "timeperiod": "RL", "pid": null, "en_name": null, "Lat": null, "Lon": null, "featuretyp": null, "awmc_mod": 0, "awmc_impor": 0, "awmc_class": 0, "creator": "rbelange", "notes": null, "timeperi_1": null}, "geometry": {"type": "MultiLineString", "coordinates": [[[6.375077655751227, 45.67204103239834], [6.385050000000774, 45.69118999999961], [6.394329999999286, 45.69690000000077], [6.402899999999249, 45.724029999999516], [6.417890000000682, 45.746160000000714], [6.415030000000115, 45.75544000000082], [6.3757700000005, 45.77043000000049], [6.356499999999869, 45.7711400000008], [6.32580000000064, 45.76685999999978], [6.309390000000349, 45.75972], [6.293680000000791, 45.7483], [6.280829999999696, 45.746160000000714], [6.259420000000318, 45.75401000000062], [6.208730000000344, 45.78184999999945], [6.1966, 45.803270000000396], [6.198739999999759, 45.81326000000075], [6.193740000000673, 45.82467999999977], [6.18304, 45.82754000000034], [6.161620000000823, 45.83109999999948], [6.139489999999626, 45.84610000000066], [6.128779999999153, 45.860370000000444], [6.126640000000464, 45.89249000000029], [6.121649999999136, 45.91105000000067]]]}}, {"type": "Feature", "properties": {"OBJECTID": 2190, "FNODE_": 0, "TNODE_": 0, "LPOLY_": 0, "RPOLY_": 0, "LENGTH": 0.0, "PROVINCE10": 0, "PROVINCE_1": 0, "Shape_Leng": 1.335073, "Source": "BAtlas_17", "Major_or_M": "1", "Known_or_a": "0", "Name": null, "timeperiod": "RL", "pid": null, "en_name": null, "Lat": null, "Lon": null, "featuretyp": null, "awmc_mod": 0, "awmc_impor": 0, "awmc_class": 0, "creator": "rbelange", "notes": null, "timeperi_1": null}, "geometry": {"type": "MultiLineString", "coordinates": [[[6.121649999999136, 45.91105000000067], [6.105939999999578, 45.89962999999989], [6.085950000000651, 45.88393], [6.06668, 45.871789999999294], [6.056689999999435, 45.84680999999921], [6.05811, 45.83109999999948], [6.05033, 45.78471], [6.044620000000634, 45.77971000000076], [6.03463, 45.773999999999376], [6.026780000000201, 45.76258000000058], [6.012500000000784, 45.756149999999366], [5.990369999999587, 45.75401000000062], [5.981089999999313, 45.75115], [5.965389999999331, 45.73616000000038], [5.921840000000941, 45.72617], [5.916699999999878, 45.69181000000026], [5.906000000000915, 45.67182], [5.908139999999662, 45.63755999999921], [5.916349999999511, 45.60901000000024], [5.919850000000224, 45.59473000000071], [5.929389999999273, 45.58930999999939], [5.93224, 45.57397]]]}}, {"type": "Feature", "properties": {"OBJECTID": 0, "FNODE_": 0, "TNODE_": 0, "LPOLY_": 0, "RPOLY_": 0, "LENGTH": 0.0, "PROVINCE10": 0, "PROVINCE_1": 0, "Shape_Leng": 0.0, "Source": "BAtlas_17", "Major_or_M": "1", "Known_or_a": "1", "Name": null, "timeperiod": "RL", "pid": null, "en_name": null, "Lat": null, "Lon": null, "featuretyp": null, "awmc_mod": 0, "awmc_impor": 0, "awmc_class": 0, "creator": "rbelange", "notes": null, "timeperi_1": null}, "geometry": {"type": "MultiLineString", "coordinates": [[[6.121649999999136, 45.91105000000067], [6.129499999999211, 45.92461999999989], [6.13256, 45.93433999999979], [6.135920000000681, 45.94816999999978], [6.138059999999427, 45.9753], [6.127360000000522, 46.001710000000514], [6.128779999999153, 46.015989999999874], [6.115219999999681, 46.02598000000046], [6.112370000000851, 46.03882999999962], [6.098089999999502, 46.052390000000685], [6.083810000000142, 46.07309999999973], [6.089519999999538, 46.08166], [6.104509999999209, 46.095230000000925], [6.113789999999483, 46.113779999999736], [6.113789999999483, 46.127350000000774], [6.119500000000642, 46.13805999999926], [6.125305948656035, 46.14333611887548], [6.143060000000276, 46.159470000000624], [6.147339999999531, 46.174460000000295], [6.144420000000537, 46.19578]]]}}, {"type": "Feature", "properties": {"OBJECTID": 2189, "FNODE_": 0, "TNODE_": 0, "LPOLY_": 0, "RPOLY_": 0, "LENGTH": 0.0, "PROVINCE10": 0, "PROVINCE_1": 0, "Shape_Leng": 2.560029, "Source": "BAtlas_18", "Major_or_M": "1", "Known_or_a": "0", "Name": null, "timeperiod": "RL", "pid": null, "en_name": null, "Lat": null, "Lon": null, "featuretyp": null, "awmc_mod": 0, "awmc_impor": 0, "awmc_class": 0, "creator": "rbelange", "notes": null, "timeperi_1": null}, "geometry": {"type": "MultiLineString", "coordinates": [[[5.710460000000239, 45.199609999999666], [5.75448, 45.204659999999535], [5.764740000000586, 45.207039999999324], [5.798950000000332, 45.22132000000062], [5.816800000000569, 45.23262000000068], [5.829579999999623, 45.23738000000054], [5.845939999999302, 45.24928], [5.861709999999221, 45.262960000000135], [5.871520000000714, 45.269210000000385], [5.89264, 45.28735000000063], [5.92893000000015, 45.324230000000284], [5.95644, 45.359920000000784], [5.974879999999757, 45.39590999999933], [5.97696, 45.404539999999656], [5.9838, 45.41941000000037], [5.986779999999385, 45.43160999999964], [5.988559999999779, 45.44737], [6.00403, 45.470869999999195], [6.01325, 45.48247000000083], [6.037270000000717, 45.501689999999144], [6.062490000000196, 45.51454], [6.105799999999363, 45.54024000000038], [6.140540000000328, 45.56308], [6.16243000000037, 45.564510000000155], [6.19146, 45.57546], [6.219440000000816, 45.5819800000009], [6.236569999999176, 45.59411], [6.271549999999593, 45.61052999999987], [6.280119999999556, 45.61981000000014], [6.308670000000461, 45.63193999999925], [6.32438, 45.649789999999484], [6.36046, 45.667719999999406], [6.375077655751227, 45.67204103239834]]]}}, {"type": "Feature", "properties": {"OBJECTID": 2189, "FNODE_": 0, "TNODE_": 0, "LPOLY_": 0, "RPOLY_": 0, "LENGTH": 0.0, "PROVINCE10": 0, "PROVINCE_1": 0, "Shape_Leng": 2.560029, "Source": "BAtlas_17", "Major_or_M": "1", "Known_or_a": "1", "Name": null, "timeperiod": "RL", "pid": null, "en_name": null, "Lat": null, "Lon": null, "featuretyp": null, "awmc_mod": 0, "awmc_impor": 0, "awmc_class": 0, "creator": "rbelange", "notes": null, "timeperi_1": null}, "geometry": {"type": "MultiLineString", "coordinates": [[[5.824289597838799, 45.9460670266331], [5.840720000000147, 45.94065000000052], [5.848809999999617, 45.94136000000083], [5.866787024302425, 45.93969229173973], [5.879580000000715, 45.94023000000021], [5.916699999999878, 45.920949999999834], [5.932409999999436, 45.91453000000013], [5.933839999999805, 45.89954000000046], [5.940969999999595, 45.886689999999476], [5.9424, 45.86670000000055], [5.958109999999522, 45.841720000000464], [5.957389999999634, 45.82243999999986], [5.945970000000671, 45.79032], [5.946679999999219, 45.762479999999414], [5.923839999999473, 45.73677999999927], [5.921840000000941, 45.72617], [5.916699999999878, 45.69181000000026], [5.906000000000915, 45.67182], [5.908139999999662, 45.63755999999921], [5.916349999999511, 45.60901000000024], [5.919850000000224, 45.59473000000071], [5.929389999999273, 45.58930999999939], [5.93224, 45.574319999999716], [5.92974, 45.568970000000206], [5.920459999999366, 45.564689999999246], [5.911539999999263, 45.560760000000414]]]}}, {"type": "Feature", "properties": {"OBJECTID": 2202, "FNODE_": 0, "TNODE_": 0, "LPOLY_": 0, "RPOLY_": 0, "LENGTH": 0.0, "PROVINCE10": 0, "PROVINCE_1": 0, "Shape_Leng": 0.997021, "Source": "BAtlas_17", "Major_or_M": "1", "Known_or_a": "0", "Name": null, "timeperiod": "RL", "pid": null, "en_name": null, "Lat": null, "Lon": null, "featuretyp": null, "awmc_mod": 0, "awmc_impor": 0, "awmc_class": 0, "creator": "rbelange", "notes": null, "timeperi_1": null}, "geometry": {"type": "MultiLineString", "coordinates": [[[5.70634000000075, 45.722830000000556], [5.713480000000345, 45.71688], [5.717230000000313, 45.70673999999963], [5.715449999999748, 45.6996], [5.710810000000606, 45.68210999999974], [5.705599999999379, 45.66891000000038], [5.695599999999047, 45.65392000000071], [5.69204, 45.64357000000018], [5.684180000000254, 45.638569999999106], [5.66741, 45.63035999999926], [5.656339999999602, 45.6210800000008], [5.636293047709785, 45.60309804073535], [5.632069999999715, 45.59930999999972], [5.615649999999846, 45.59038999999939], [5.604950000000883, 45.58432], [5.601020000000119, 45.581819999999425]], [[5.70622, 45.72250999999966], [5.70658, 45.72786000000093], [5.702300000000776, 45.73963999999984], [5.687309999999343, 45.760340000000724]]]}}, {"type": "Feature", "properties": {"OBJECTID": 0, "FNODE_": 0, "TNODE_": 0, "LPOLY_": 0, "RPOLY_": 0, "LENGTH": 0.0, "PROVINCE10": 0, "PROVINCE_1": 0, "Shape_Leng": 0.0, "Source": "BAtlas_17", "Major_or_M": "1", "Known_or_a": "0", "Name": null, "timeperiod": "RL", "pid": null, "en_name": null, "Lat": null, "Lon": null, "featuretyp": null, "awmc_mod": 0, "awmc_impor": 0, "awmc_class": 0, "creator": "rbelange", "notes": null, "timeperi_1": null}, "geometry": {"type": "MultiLineString", "coordinates": [[[6.293680000000791, 45.7483], [6.309390000000349, 45.75972], [6.32580000000064, 45.76685999999978], [6.356499999999869, 45.7711400000008], [6.3757700000005, 45.77043000000049], [6.415030000000115, 45.75544000000082], [6.417890000000682, 45.746160000000714], [6.402899999999249, 45.724029999999516], [6.394329999999286, 45.69690000000077], [6.385050000000774, 45.69118999999961], [6.375077655751227, 45.67204103239834]]]}}, {"type": "Feature", "properties": {"OBJECTID": 2189, "FNODE_": 0, "TNODE_": 0, "LPOLY_": 0, "RPOLY_": 0, "LENGTH": 0.0, "PROVINCE10": 0, "PROVINCE_1": 0, "Shape_Leng": 2.560029, "Source": "BAtlas_18", "Major_or_M": "1", "Known_or_a": "1", "Name": null, "timeperiod": "R", "pid": null, "en_name": null, "Lat": null, "Lon": null, "featuretyp": null, "awmc_mod": 0, "awmc_impor": 0, "awmc_class": 0, "creator": null, "notes": null, "timeperi_1": null}, "geometry": {"type": "MultiLineString", "coordinates": [[[5.93224, 45.574319999999716], [5.954470000000697, 45.56546], [5.975399999999468, 45.54547], [5.996339999999748, 45.53405000000021], [6.005390000000318, 45.526439999999695], [6.006810000000769, 45.51786999999973], [6.022039999999834, 45.50740000000047], [6.036749999999245, 45.5018]]]}}, {"type": "Feature", "properties": {"OBJECTID": 2334, "FNODE_": 0, "TNODE_": 0, "LPOLY_": 0, "RPOLY_": 0, "LENGTH": 0.0, "PROVINCE10": 0, "PROVINCE_1": 0, "Shape_Leng": 0.525821, "Source": "BAtlas_17", "Major_or_M": "1", "Known_or_a": "0", "Name": null, "timeperiod": null, "pid": null, "en_name": null, "Lat": null, "Lon": null, "featuretyp": null, "awmc_mod": 0, "awmc_impor": 0, "awmc_class": 0, "creator": null, "notes": null, "timeperi_1": null}, "geometry": {"type": "MultiLineString", "coordinates": [[[5.718000000000757, 44.44563000000022], [5.715500000000304, 44.455620000000636], [5.717290000000446, 44.46169000000015], [5.723710000000153, 44.465969999999345], [5.728709999999467, 44.47667999999982], [5.728349999999523, 44.48345999999947], [5.727279999999269, 44.49095999999918], [5.726210000000776, 44.49667000000056], [5.727999999999156, 44.49915999999945], [5.73977, 44.49951999999939], [5.75655, 44.5113], [5.77225, 44.51808], [5.785137296379958, 44.524335144267184]]]}}, {"type": "Feature", "properties": {"OBJECTID": 2333, "FNODE_": 0, "TNODE_": 0, "LPOLY_": 0, "RPOLY_": 0, "LENGTH": 0.0, "PROVINCE10": 0, "PROVINCE_1": 0, "Shape_Leng": 2.806519, "Source": "BAtlas_17", "Major_or_M": "1", "Known_or_a": "0", "Name": null, "timeperiod": null, "pid": null, "en_name": null, "Lat": null, "Lon": null, "featuretyp": null, "awmc_mod": 0, "awmc_impor": 0, "awmc_class": 0, "creator": null, "notes": null, "timeperi_1": null}, "geometry": {"type": "MultiLineString", "coordinates": [[[6.30935, 44.50843999999972], [6.302390000000798, 44.504880000000355], [6.280932428080632, 44.50099925075381], [6.273839999999893, 44.498089999999195], [6.260990000000675, 44.48596], [6.251710000000458, 44.47631999999987], [6.236720000000787, 44.46632999999929], [6.228549999999814, 44.461540000000355]]]}}, {"type": "Feature", "properties": {"OBJECTID": 0, "FNODE_": 0, "TNODE_": 0, "LPOLY_": 0, "RPOLY_": 0, "LENGTH": 0.0, "PROVINCE10": 0, "PROVINCE_1": 0, "Shape_Leng": 0.0, "Source": "BAtlas_17", "Major_or_M": "0", "Known_or_a": "0", "Name": null, "timeperiod": "RL", "pid": null, "en_name": null, "Lat": null, "Lon": null, "featuretyp": null, "awmc_mod": 0, "awmc_impor": 0, "awmc_class": 0, "creator": "rbelange", "notes": null, "timeperi_1": null}, "geometry": {"type": "MultiLineString", "coordinates": [[[5.911539999999263, 45.560760000000414], [5.905036945775407, 45.562947702491385], [5.886893555605752, 45.56265026986563], [5.881242335717104, 45.560865674111255], [5.86993989593941, 45.55878364573118], [5.849714477389853, 45.55908107835688], [5.841088931243519, 45.558486213105425], [5.837222307109244, 45.55759391522827], [5.832760817723113, 45.55164526271369], [5.827407030459995, 45.54718377332773], [5.823242973699791, 45.54420944707044], [5.820566080068431, 45.54212741869037], [5.817294321185216, 45.54212741869037], [5.816104590682301, 45.545696610199116], [5.814617427553856, 45.55253756059085], [5.812535399173555, 45.55491702159668], [5.810453370793653, 45.55491702159668], [5.80866877503928, 45.55224012796515], [5.807479044536365, 45.54391201444474], [5.805991881407522, 45.5406402555617], [5.803017555150234, 45.53766592930441], [5.799150931015959, 45.53677363142725], [5.789633086992637, 45.53766592930441], [5.782197271349219, 45.53766592930441], [5.76970510106861, 45.538558227181625], [5.761376987548203, 45.536476198801495], [5.75453603715664, 45.53350187254421], [5.748884817267594, 45.531717276789834], [5.743828462630404, 45.52963524840976], [5.739366973244273, 45.52755322002963], [5.736392646986985, 45.52576862427526], [5.733120888104168, 45.5251737590238], [5.729551696595422, 45.52576862427526], [5.726874802963664, 45.52785065265539], [5.727469668215122, 45.53588133355004], [5.726577370338134, 45.54391201444474], [5.726577370338134, 45.545994042824816], [5.723900476706376, 45.54956323433356], [5.716464661063355, 45.55164526271369], [5.709921143297322, 45.553429858468064], [5.701890462402446, 45.55551188684814], [5.692223902066473, 45.55878364573118], [5.68568038430044, 45.560568241485555], [5.679434299159936, 45.560568241485555], [5.672890781393903, 45.56384000036854], [5.665752398376412, 45.56443486562], [5.656829419604549, 45.56354256774284], [5.6490961713356, 45.56651689400013], [5.643742384072482, 45.56889635500596], [5.638091164183834, 45.570086085508876], [5.632142511669258, 45.570978383386034], [5.623814398148852, 45.57276297914041], [5.616378582505433, 45.57484500752054], [5.611024795242315, 45.57692703590061], [5.601020000000119, 45.581819999999425]]]}}, {"type": "Feature", "properties": {"OBJECTID": 2202, "FNODE_": 0, "TNODE_": 0, "LPOLY_": 0, "RPOLY_": 0, "LENGTH": 0.0, "PROVINCE10": 0, "PROVINCE_1": 0, "Shape_Leng": 0.997021, "Source": "BAtlas_17", "Major_or_M": "1", "Known_or_a": "0", "Name": null, "timeperiod": null, "pid": null, "en_name": null, "Lat": null, "Lon": null, "featuretyp": null, "awmc_mod": 0, "awmc_impor": 0, "awmc_class": 0, "creator": null, "notes": null, "timeperi_1": null}, "geometry": {"type": "MultiLineString", "coordinates": [[[5.753395273020146, 45.70345270342705], [5.752930000000561, 45.70317000000068], [5.7415, 45.70246000000037], [5.721416580203879, 45.70600169908215], [5.717230000000313, 45.70673999999963]]]}}, {"type": "Feature", "properties": {"OBJECTID": 0, "FNODE_": 0, "TNODE_": 0, "LPOLY_": 0, "RPOLY_": 0, "LENGTH": 0.0, "PROVINCE10": 0, "PROVINCE_1": 0, "Shape_Leng": 0.0, "Source": "BAtlas_17", "Major_or_M": "1", "Known_or_a": "0", "Name": null, "timeperiod": "RL", "pid": null, "en_name": null, "Lat": null, "Lon": null, "featuretyp": null, "awmc_mod": 0, "awmc_impor": 0, "awmc_class": 0, "creator": "rbelange", "notes": null, "timeperi_1": null}, "geometry": {"type": "MultiLineString", "coordinates": [[[5.601020000000119, 45.581819999999425], [5.604950000000883, 45.58432], [5.615649999999846, 45.59038999999939], [5.632069999999715, 45.59930999999972], [5.636293047709785, 45.60309804073535], [5.656339999999602, 45.6210800000008], [5.66741, 45.63035999999926], [5.684180000000254, 45.638569999999106], [5.69204, 45.64357000000018], [5.695599999999047, 45.65392000000071], [5.705599999999379, 45.66891000000038], [5.710810000000606, 45.68210999999974], [5.715449999999748, 45.6996], [5.717230000000313, 45.70673999999963], [5.7415, 45.70246000000037], [5.752930000000561, 45.70317000000068]]]}}, {"type": "Feature", "properties": {"OBJECTID": 0, "FNODE_": 0, "TNODE_": 0, "LPOLY_": 0, "RPOLY_": 0, "LENGTH": 0.0, "PROVINCE10": 0, "PROVINCE_1": 0, "Shape_Leng": 0.0, "Source": "BAtlas_18", "Major_or_M": "1", "Known_or_a": "1", "Name": null, "timeperiod": "RL", "pid": null, "en_name": null, "Lat": null, "Lon": null, "featuretyp": null, "awmc_mod": 0, "awmc_impor": 0, "awmc_class": 0, "creator": "rbelange", "notes": null, "timeperi_1": null}, "geometry": {"type": "MultiLineString", "coordinates": [[[3.075489999999263, 45.7734], [3.184219999999243, 45.76665999999943], [3.223089999999445, 45.759190000000785], [3.27131, 45.74238999999949], [3.339840000000663, 45.73168000000078], [3.389059999999574, 45.735129999999174], [3.421899999999482, 45.74511999999959], [3.439819999999656, 45.75043999999974], [3.47686000000067, 45.751550000000805], [3.52398, 45.75797000000051], [3.555389999999647, 45.76867999999922], [3.582510000000184, 45.77153999999979], [3.6232, 45.78509999999926], [3.642690000000584, 45.78969999999936], [3.65268, 45.8018400000002], [3.676949999999124, 45.80826], [3.700510000000691, 45.81897000000038], [3.735489999999118, 45.820400000000575], [3.777599999999552, 45.82181999999921], [3.802589999999384, 45.82825000000042], [3.818289999999365, 45.83039], [3.831560000000593, 45.838299999999435], [3.845419999999649, 45.84253], [3.857550000000742, 45.84324], [3.881110000000376, 45.83181999999954], [3.901809999999443, 45.83109999999948], [3.918939999999623, 45.81754], [3.956060000000491, 45.803270000000396], [3.97177000000022, 45.806119999999396], [3.982480000000692, 45.803980000000706], [3.991749999999229, 45.79470000000043], [4.022450000000447, 45.79470000000043], [4.059569999999553, 45.79754999999943], [4.078840000000184, 45.79541000000074], [4.10097, 45.788989999999046], [4.124529999999083, 45.78255999999976], [4.134519999999668, 45.77256999999918], [4.162679999999398, 45.76147], [4.18820000000062, 45.75869000000063], [4.223638415225366, 45.749270405110906], [4.235833152880446, 45.74629607885362], [4.263240000000224, 45.74314000000061], [4.303210000000149, 45.73600000000084], [4.346040000000414, 45.73171], [4.364600000000792, 45.733860000000334], [4.39459, 45.746709999999496], [4.413150000000428, 45.75526999999971], [4.434559999999806, 45.75813000000028], [4.468820000000107, 45.7545599999994], [4.48596, 45.75526999999971], [4.505939999999043, 45.76240999999948], [4.523080000000959, 45.76526999999987], [4.545920000000478, 45.76027000000079], [4.560910000000149, 45.75741000000022], [4.592319999999688, 45.763839999999675], [4.61802, 45.76240999999948], [4.72188, 45.76311999999962], [4.745440000000656, 45.76311999999962], [4.818250000000262, 45.76812000000069]]]}}, {"type": "Feature", "properties": {"OBJECTID": 0, "FNODE_": 0, "TNODE_": 0, "LPOLY_": 0, "RPOLY_": 0, "LENGTH": 0.0, "PROVINCE10": 0, "PROVINCE_1": 0, "Shape_Leng": 0.0, "Source": "BAtlas_18", "Major_or_M": "1", "Known_or_a": "1", "Name": null, "timeperiod": "RL", "pid": null, "en_name": null, "Lat": null, "Lon": null, "featuretyp": null, "awmc_mod": 0, "awmc_impor": 0, "awmc_class": 0, "creator": "rbelange", "notes": null, "timeperi_1": null}, "geometry": {"type": "MultiLineString", "coordinates": [[[4.08561, 45.59228000000087], [4.086090000000695, 45.62607000000031], [4.113209999999526, 45.64985999999959], [4.12464, 45.66414000000077], [4.13796, 45.70506000000023], [4.16842, 45.73123999999922], [4.195540000000619, 45.741229999999575], [4.21818, 45.748690000000465]]]}}, {"type": "Feature", "properties": {"OBJECTID": 2859, "FNODE_": 0, "TNODE_": 0, "LPOLY_": 0, "RPOLY_": 0, "LENGTH": 0.0, "PROVINCE10": 0, "PROVINCE_1": 0, "Shape_Leng": 1.23234, "Source": "BAtlas_39", "Major_or_M": "1", "Known_or_a": "1", "Name": null, "timeperiod": "RL", "pid": null, "en_name": null, "Lat": null, "Lon": null, "featuretyp": null, "awmc_mod": 0, "awmc_impor": 0, "awmc_class": 0, "creator": null, "notes": null, "timeperi_1": null}, "geometry": {"type": "MultiLineString", "coordinates": [[[7.689029999999491, 45.07406000000083], [7.70997, 45.070250000000726], [7.741379999999481, 45.059779999999705], [7.776589999999544, 45.05121999999949], [7.79515, 45.04121999999916], [7.824179999999728, 45.01980999999978], [7.84655000000015, 45.008390000000986], [7.874149999999759, 44.98459000000014], [7.9050900000002, 44.96840999999955], [7.937449999999444, 44.94889999999941], [7.971709999999803, 44.92796000000095], [7.99551000000065, 44.92557999999923], [8.039759999999774, 44.91797000000054], [8.07165, 44.90940000000057], [8.112100000000282, 44.90987999999925], [8.131900000000428, 44.9055900000003], [8.161879999999769, 44.90702000000067], [8.18282, 44.90845000000087], [8.199950000000172, 44.904160000000104]]]}}, {"type": "Feature", "properties": {"OBJECTID": 2853, "FNODE_": 0, "TNODE_": 0, "LPOLY_": 0, "RPOLY_": 0, "LENGTH": 0.0, "PROVINCE10": 0, "PROVINCE_1": 0, "Shape_Leng": 1.13165, "Source": "BAtlas_39", "Major_or_M": "1", "Known_or_a": "0", "Name": null, "timeperiod": "RL", "pid": null, "en_name": null, "Lat": null, "Lon": null, "featuretyp": null, "awmc_mod": 0, "awmc_impor": 0, "awmc_class": 0, "creator": "rbelange", "notes": null, "timeperi_1": null}, "geometry": {"type": "MultiLineString", "coordinates": [[[7.895759999999541, 44.682870000000605], [7.921809999999823, 44.684779999999705], [8.006520000000876, 44.69239000000016], [8.028889999999592, 44.69953], [8.04507000000018, 44.71760999999981], [8.055060000000594, 44.74046000000095], [8.074570000000676, 44.75901999999951], [8.109790000000487, 44.788520000000176], [8.12169, 44.80660999999964], [8.145959999999889, 44.84039999999908], [8.157380000000614, 44.85467000000068], [8.167369999999266, 44.863240000000644], [8.177840000000288, 44.878940000000625], [8.183549999999855, 44.88656000000083], [8.199259999999413, 44.89465000000018], [8.200689999999781, 44.89941], [8.199259999999413, 44.903689999999244]], [[8.199950000000172, 44.904160000000104], [8.2128, 44.91035000000011], [8.242780000000494, 44.91462999999936], [8.274190000000203, 44.915590000000634], [8.288940000000423, 44.91273], [8.29846, 44.90179], [8.313210000000367, 44.89322], [8.327489999999727, 44.89084], [8.349379999999769, 44.89132000000069], [8.3884, 44.90321000000034], [8.428379999999436, 44.90940000000057], [8.463120000000401, 44.90940000000057], [8.47977, 44.911780000000306], [8.510710000000529, 44.90226000000081], [8.530689999999709, 44.89035999999942], [8.550680000000284, 44.88751000000059], [8.59970000000078, 44.88608000000022], [8.647290000000908, 44.88227], [8.67584, 44.88370000000043], [8.74151, 44.89178999999979], [8.798150000000476, 44.89703], [8.838120000000401, 44.899880000000906], [8.86096, 44.901309999999285]]]}}, {"type": "Feature", "properties": {"OBJECTID": 2052, "FNODE_": 0, "TNODE_": 0, "LPOLY_": 0, "RPOLY_": 0, "LENGTH": 0.0, "PROVINCE10": 0, "PROVINCE_1": 0, "Shape_Leng": 5.971601, "Source": "BAtlas_39", "Major_or_M": "1", "Known_or_a": "1", "Name": null, "timeperiod": "RL", "pid": null, "en_name": null, "Lat": null, "Lon": null, "featuretyp": null, "awmc_mod": 0, "awmc_impor": 0, "awmc_class": 0, "creator": "rbelange", "notes": null, "timeperi_1": null}, "geometry": {"type": "MultiLineString", "coordinates": [[[7.314239999999813, 45.744300000000294], [7.306384646793674, 45.76071232339734], [7.302814646792797, 45.77428232339656], [7.28836569634376, 45.782934246023615], [7.281941151628132, 45.79578333545521], [7.271410808491453, 45.80176540424628], [7.259268485094026, 45.805329242546804], [7.243568485094102, 45.80960924254782], [7.227155353206854, 45.81996697018923], [7.217155353206692, 45.82781697018913], [7.205560453340865, 45.828976816486545], [7.187889999999243, 45.829601565943506], [7.178791517025275, 45.83254600799529], [7.174865406365768, 45.83789979525841], [7.172366972309533, 45.85146272299153], [7.160945559481547, 45.85895802515995], [7.157733287123733, 45.86609640817744], [7.153450257313295, 45.869665599686186], [7.153263889340508, 45.87706919150844], [7.160760000000721, 45.88135], [7.171175435589191, 45.88542863890518], [7.175038485095456, 45.887779999999054], [7.179318485094655, 45.89705999999933], [7.194139040512937, 45.908569787131455], [7.198065151172614, 45.92570190637343], [7.202348180983051, 45.93355412769267], [7.206988129944477, 45.94854473202952], [7.203775857586493, 45.960679983159196], [7.203953080848521, 45.97915232339602], [7.195383080848558, 45.988432323396296], [7.187714495797138, 45.99208886843621], [7.175936163818278, 46.00279644296245], [7.168970051038457, 46.01591308084937], [7.15969005103824, 46.02376308084928], [7.146668793446565, 46.030993055881424], [7.137388895523941, 46.037774519748154], [7.13631813807126, 46.04312830701127], [7.14309960193782, 46.050266690028764], [7.14309960193782, 46.05704815389532], [7.139887329580006, 46.06275886030937], [7.141133080849272, 46.072659293585446], [7.132392027411584, 46.077749464646104], [7.11294000000089, 46.08337000000034], [7.09937, 46.08480000000054], [7.082959999999787, 46.07623000000058], [7.061540000000662, 46.07979999999952], [7.04584000000068, 46.08194], [7.040119999999717, 46.09194000000031], [7.04798, 46.10122000000058], [7.052970000000698, 46.108360000000175], [7.07201, 46.116570000000195]]]}}, {"type": "Feature", "properties": {"OBJECTID": 2824, "FNODE_": 0, "TNODE_": 0, "LPOLY_": 0, "RPOLY_": 0, "LENGTH": 0.0, "PROVINCE10": 0, "PROVINCE_1": 0, "Shape_Leng": 1.546711, "Source": "BAtlas_15", "Major_or_M": "1", "Known_or_a": "1", "Name": null, "timeperiod": null, "pid": null, "en_name": null, "Lat": null, "Lon": null, "featuretyp": null, "awmc_mod": 0, "awmc_impor": 0, "awmc_class": 0, "creator": null, "notes": null, "timeperi_1": null}, "geometry": {"type": "MultiLineString", "coordinates": [[[4.976090093315038, 43.80716202085809], [4.963970000000811, 43.8021200000003], [4.94149, 43.795700000000586], [4.898660000000836, 43.785710000000115], [4.879740000000184, 43.7864200000004], [4.849759999999172, 43.79212999999982], [4.832630000000901, 43.7932], [4.809069999999474, 43.79284], [4.780160000000468, 43.79105999999958], [4.769449999999851, 43.79106], [4.74804000000039, 43.78856000000089], [4.73358, 43.78571000000017], [4.71359, 43.78141999999929], [4.70039, 43.77678000000021]]]}}, {"type": "Feature", "properties": {"OBJECTID": 2824, "FNODE_": 0, "TNODE_": 0, "LPOLY_": 0, "RPOLY_": 0, "LENGTH": 0.0, "PROVINCE10": 0, "PROVINCE_1": 0, "Shape_Leng": 1.546711, "Source": "BAtlas_15", "Major_or_M": "1", "Known_or_a": "0", "Name": null, "timeperiod": null, "pid": null, "en_name": null, "Lat": null, "Lon": null, "featuretyp": null, "awmc_mod": 0, "awmc_impor": 0, "awmc_class": 0, "creator": null, "notes": null, "timeperi_1": null}, "geometry": {"type": "MultiLineString", "coordinates": [[[5.034166000000218, 43.829885], [5.009480000000703, 43.821040000000735], [4.976090093315034, 43.80716202085807]]]}}]}