{
 "type": "FeatureCollection",
 "bbox": [
  4.0,
  43.5,
  8.0,
  46.0
 ],
 "features": [
  {
   "type": "Feature",
   "geometry": {
    "type": "MultiLineString",
    "coordinates": [
     [
      [
       4.15575173512837,
       45.32309148123053
      ],
      [
       4.154400538993514,
       45.32781594324064
      ],
      [
       4.151900538994823,
       45.33138594323958
      ],
      [
       4.153690538995079,
       45.3349459432406
      ],
      [
       4.1597505389947855,
       45.3353059432406
      ],
      [
       4.169390538995003,
       45.33387594324034
      ],
      [
       4.179740538993656,
       45.3356659432406
      ],
      [
       4.187590538993618,
       45.34101594324005
      ],
      [
       4.191160538994382,
       45.34744594323951
      ],
      [
       4.189380538993873,
       45.35315594323896
      ],
      [
       4.193780538993678,
       45.35506594323982
      ],
      [
       4.193780538993678,
       45.36541594324029
      ],
      [
       4.196160538993581,
       45.373375943239296
      ],
      [
       4.202220538993288,
       45.375875943239805
      ],
      [
       4.2132905389937605,
       45.379205943239356
      ],
      [
       4.218290538994779,
       45.384565943240375
      ],
      [
       4.224710538994486,
       45.39027594323983
      ],
      [
       4.224589999999807,
       45.40049999999974
      ],
      [
       4.2238799999995535,
       45.40372000000025
      ],
      [
       4.226380000000063,
       45.40656999999919
      ],
      [
       4.232570538994196,
       45.40503026949784
      ],
      [
       4.238990538993903,
       45.40824026949679
      ],
      [
       4.243630538994921,
       45.41181026949755
      ],
      [
       4.241850538994413,
       45.415020269496495
      ],
      [
       4.244340538993356,
       45.42037026949777
      ],
      [
       4.248980538994374,
       45.42287026949646
      ],
      [
       4.246490538993612,
       45.43572026949744
      ],
      [
       4.247560538993866,
       45.44072026949664
      ],
      [
       4.251840538994884,
       45.44643026949791
      ],
      [
       4.252550538993319,
       45.45178026949736
      ],
      [
       4.254690538993827,
       45.45642026949656
      ],
      [
       4.250050538994628,
       45.462850269497835
      ],
      [
       4.249700538994375,
       45.467490269497034
      ],
      [
       4.247789999999441,
       45.47331999999915
      ],
      [
       4.245300000000498,
       45.47796000000017
      ],
      [
       4.2520800000002055,
       45.48795000000064
      ],
      [
       4.259930000000168,
       45.499729999999545
      ],
      [
       4.261000000000422,
       45.504720000000816
      ],
      [
       4.257789999999659,
       45.50900999999976
      ],
      [
       4.251360000000204,
       45.514719999999215
      ],
      [
       4.249939999999697,
       45.53649000000041
      ],
      [
       4.243510000000242,
       45.54255999999987
      ],
      [
       4.243150000000242,
       45.549339999999575
      ],
      [
       4.248869999999442,
       45.55327000000034
      ],
      [
       4.264569999999367,
       45.55861999999979
      ],
      [
       4.273849999999584,
       45.55825999999979
      ],
      [
       4.276350000000093,
       45.5607600000003
      ],
      [
       4.274209999999584,
       45.5657599999995
      ],
      [
       4.259570000000167,
       45.58074999999917
      ],
      [
       4.247079999999187,
       45.58646000000044
      ],
      [
       4.234950000000026,
       45.59324000000015
      ],
      [
       4.232449999999517,
       45.599309999999605
      ],
      [
       4.236020000000281,
       45.61109000000033
      ],
      [
       4.245300000000498,
       45.61751000000004
      ],
      [
       4.2445800000004965,
       45.619300000000294
      ],
      [
       4.23566000000028,
       45.62250999999924
      ],
      [
       4.230310000000827,
       45.62536
      ],
      [
       4.2313799999992625,
       45.63500000000022
      ],
      [
       4.227450000000317,
       45.64034999999967
      ],
      [
       4.229590000000826,
       45.646059999999125
      ],
      [
       4.227810000000318,
       45.65070000000014
      ],
      [
       4.217099999999846,
       45.66070000000036
      ],
      [
       4.204250000000684,
       45.661770000000615
      ],
      [
       4.196400000000722,
       45.664269999999306
      ],
      [
       4.198179999999411,
       45.67105000000083
      ],
      [
       4.206029999999373,
       45.67819000000054
      ],
      [
       4.210320000000138,
       45.684259999999995
      ],
      [
       4.208529999999882,
       45.69959999999992
      ],
      [
       4.208889999999883,
       45.70495999999912
      ],
      [
       4.212820000000647,
       45.7131700000009
      ],
      [
       4.2131700000009005,
       45.71852000000035
      ],
      [
       4.206029999999373,
       45.7224499999993
      ],
      [
       4.204250000000684,
       45.728510000000824
      ],
      [
       4.208889999999883,
       45.73243999999977
      ],
      [
       4.21530999999959,
       45.73529000000053
      ],
      [
       4.217099999999846,
       45.73957999999948
      ],
      [
       4.212820000000647,
       45.751360000000204
      ],
      [
       4.204959999999119,
       45.76028000000042
      ],
      [
       4.1985399999994115,
       45.764209999999366
      ],
      [
       4.198179999999411,
       45.77169999999933
      ],
      [
       4.1924699999999575,
       45.7777700000006
      ],
      [
       4.188899999999194,
       45.79240000000027
      ],
      [
       4.187480000000505,
       45.80488999999943
      ],
      [
       4.184619999999995,
       45.80953000000045
      ],
      [
       4.1878300000007584,
       45.815959999999905
      ],
      [
       4.184619999999995,
       45.82130999999936
      ],
      [
       4.176410000000033,
       45.82202999999936
      ],
      [
       4.170340000000579,
       45.81810000000041
      ],
      [
       4.166059999999561,
       45.81810000000041
      ],
      [
       4.163560000000871,
       45.82202999999936
      ],
      [
       4.169270000000324,
       45.82524000000012
      ],
      [
       4.16856000000007,
       45.828450000000885
      ],
      [
       4.160350000000108,
       45.83201999999983
      ],
      [
       4.1471408084911445,
       45.838800808491555
      ],
      [
       4.1364308084906725,
       45.856290808491735
      ],
      [
       4.130720808491219,
       45.86700080849039
      ],
      [
       4.125370808491766,
       45.8695008084909
      ],
      [
       4.113830808490434,
       45.86497080849074
      ],
      [
       4.106700000000274,
       45.868539999999484
      ],
      [
       4.101220000000467,
       45.87533000000076
      ],
      [
       4.104429999999411,
       45.879249999999956
      ],
      [
       4.112049999999726,
       45.88247000000047
      ],
      [
       4.112049999999726,
       45.88817999999992
      ],
      [
       4.103950000000623,
       45.895909999999276
      ],
      [
       4.095390000000407,
       45.89769999999953
      ],
      [
       4.088369999999486,
       45.907929999999396
      ],
      [
       4.075880000000325,
       45.91505999999936
      ],
      [
       4.0651099999995495,
       45.915250000000015
      ],
      [
       4.061250000000655,
       45.912570000000414
      ],
      [
       4.057679999999891,
       45.912570000000414
      ],
      [
       4.055050000000847,
       45.918030000000726
      ],
      [
       4.04613000000063,
       45.92588000000069
      ],
      [
       4.041849999999613,
       45.926840000000084
      ],
      [
       4.039349999999104,
       45.932199999999284
      ],
      [
       4.029899999999543,
       45.9347600000001
      ],
      [
       4.0251399999997375,
       45.9347600000001
      ],
      [
       4.023230000000694,
       45.94000000000051
      ],
      [
       4.029479999999239,
       45.9427799999994
      ],
      [
       4.030909999999494,
       45.94671000000017
      ],
      [
       4.026030000000901,
       45.95123000000058
      ],
      [
       4.026379999999335,
       45.95730000000003
      ],
      [
       4.022100000000137,
       45.96169999999984
      ],
      [
       4.022100000000137,
       45.966340000000855
      ],
      [
       4.019959999999628,
       45.9663500000006
      ],
      [
       4.01317999999992,
       45.96812999999929
      ],
      [
       4.014730000000782,
       45.97942999999941
      ],
      [
       4.017050000000381,
       45.98548999999912
      ],
      [
       4.02132999999958,
       45.98584999999912
      ],
      [
       4.026330000000598,
       45.980859999999666
      ],
      [
       4.033110000000306,
       45.98371000000043
      ],
      [
       4.044529999999213,
       45.990130000000136
      ],
      [
       4.049170000000231,
       45.993350000000646
      ],
      [
       4.049409999999625,
       45.9987000000001
      ],
      [
       4.043690000000424,
       46.00619000000006
      ],
      [
       4.047269999999116,
       46.01107000000047
      ],
      [
       4.057259999999587,
       46.02071000000069
      ],
      [
       4.067970000000059,
       46.02320999999938
      ],
      [
       4.078670000000784,
       46.02963000000091
      ],
      [
       4.085580000000846,
       46.03951000000052
      ],
      [
       4.0937900000008085,
       46.045930000000226
      ],
      [
       4.102829999999813,
       46.05283000000054
      ],
      [
       4.107470000000831,
       46.06033000000025
      ],
      [
       4.110919999999169,
       46.07115999999951
      ],
      [
       4.110559999999168,
       46.075440000000526
      ],
      [
       4.106630000000223,
       46.07828999999947
      ],
      [
       4.0948499999994965,
       46.07828999999947
      ],
      [
       4.092000000000553,
       46.08150999999998
      ],
      [
       4.093430000000808,
       46.08614999999918
      ],
      [
       4.0994900000005146,
       46.095069999999396
      ],
      [
       4.095569999999498,
       46.10577999999987
      ],
      [
       4.091640000000552,
       46.11326999999983
      ],
      [
       4.093070000000807,
       46.1286199999995
      ],
      [
       4.098210000000108,
       46.132620000000315
      ],
      [
       4.09726000000046,
       46.14880000000085
      ],
      [
       4.091549999999188,
       46.17069000000083
      ],
      [
       4.084880000000339,
       46.18448999999964
      ],
      [
       4.0748899999998685,
       46.20210000000043
      ],
      [
       4.057759999999689,
       46.216850000000704
      ],
      [
       4.038249999999607,
       46.22780000000057
      ],
      [
       4.029679999999644,
       46.23588999999993
      ],
      [
       4.031109999999899,
       46.246830000000045
      ],
      [
       4.0215900000002875,
       46.26205999999911
      ],
      [
       4.020160000000033,
       46.27776000000085
      ],
      [
       4.015400000000227,
       46.287280000000464
      ],
      [
       4.02397000000019,
       46.29585000000043
      ],
      [
       4.018739999999525,
       46.30488999999943
      ],
      [
       4.015880000000834,
       46.31774000000041
      ],
      [
       4.004460000000108,
       46.32393000000047
      ],
      [
       4.0020800000002055,
       46.331060000000434
      ],
      [
       3.986849999999322,
       46.33487000000059
      ],
      [
       3.9816200000004756,
       46.340580000000045
      ],
      [
       3.987329999999929,
       46.35009999999966
      ],
      [
       3.984950000000026,
       46.36533000000054
      ],
      [
       3.995419999999285,
       46.37293999999929
      ],
      [
       3.9916099999991275,
       46.37960999999996
      ],
      [
       3.9806599999992613,
       46.39149999999972
      ],
      [
       3.975909999999203,
       46.40673000000061
      ],
      [
       3.977810000000318,
       46.40911000000051
      ],
      [
       3.988279999999577,
       46.413870000000315
      ],
      [
       3.984950000000026,
       46.41909999999916
      ],
      [
       3.9806599999992613,
       46.42671999999948
      ],
      [
       3.9863700000005338,
       46.43243000000075
      ],
      [
       3.986849999999322,
       46.44100000000071
      ],
      [
       3.995419999999285,
       46.44575000000077
      ],
      [
       3.9992199999996956,
       46.44955999999911
      ],
      [
       3.9887500000004366,
       46.457179999999425
      ],
      [
       3.9922000000005937,
       46.46537999999964
      ],
      [
       3.988869999999224,
       46.47110000000066
      ],
      [
       3.9817299999995157,
       46.47489999999925
      ],
      [
       3.9745999999995547,
       46.48251999999957
      ],
      [
       3.968409999999494,
       46.483940000000075
      ],
      [
       3.9550799999997253,
       46.480139999999665
      ],
      [
       3.946990000000369,
       46.48299000000043
      ],
      [
       3.946990000000369,
       46.48631999999998
      ],
      [
       3.951759999999922,
       46.48823000000084
      ],
      [
       3.948899999999412,
       46.492990000000646
      ],
      [
       3.9374800000005052,
       46.49156000000039
      ],
      [
       3.9208199999993667,
       46.494409999999334
      ],
      [
       3.9132100000006176,
       46.497740000000704
      ],
      [
       3.9041699999997945,
       46.497740000000704
      ],
      [
       3.893690000000788,
       46.49251000000004
      ],
      [
       3.8822700000000623,
       46.490130000000136
      ],
      [
       3.8713299999999435,
       46.49394000000029
      ],
      [
       3.8589499999998225,
       46.500599999999395
      ],
      [
       3.86275999999998,
       46.51202000000012
      ],
      [
       3.8594300000004296,
       46.51726000000053
      ],
      [
       3.853719999999157,
       46.51821000000018
      ],
      [
       3.843249999999898,
       46.512979999999516
      ],
      [
       3.8370599999998376,
       46.52010999999948
      ],
      [
       3.8408699999999953,
       46.52390999999989
      ],
      [
       3.8413500000006024,
       46.53009999999995
      ],
      [
       3.8356299999995827,
       46.53247999999985
      ],
      [
       3.8251600000003236,
       46.53009999999995
      ],
      [
       3.8087500000001455,
       46.52486999999928
      ],
      [
       3.800180000000182,
       46.52534999999989
      ],
      [
       3.7868600000001607,
       46.5324899999996
      ],
      [
       3.771150000000489,
       46.53201000000081
      ],
      [
       3.7644899999995687,
       46.54153000000042
      ],
      [
       3.7578300000004674,
       46.54199999999946
      ],
      [
       3.750690000000759,
       46.541049999999814
      ],
      [
       3.738789999999426,
       46.54485999999997
      ],
      [
       3.728800000000774,
       46.55294999999933
      ],
      [
       3.729750000000422,
       46.5586600000006
      ],
      [
       3.741649999999936,
       46.57150999999976
      ],
      [
       3.740700000000288,
       46.58198000000084
      ],
      [
       3.731180000000677,
       46.59196999999949
      ],
      [
       3.731180000000677,
       46.601010000000315
      ],
      [
       3.7335600000005797,
       46.60958000000028
      ],
      [
       3.7316499999997177,
       46.614340000000084
      ],
      [
       3.7264200000008714,
       46.613390000000436
      ],
      [
       3.7173800000000483,
       46.60958000000028
      ],
      [
       3.71024000000034,
       46.60863000000063
      ],
      [
       3.707860000000437,
       46.61385999999948
      ],
      [
       3.7135699999998906,
       46.62814000000071
      ],
      [
       3.707860000000437,
       46.63574999999946
      ],
      [
       3.6940599999998085,
       46.65288999999939
      ],
      [
       3.6859700000004523,
       46.6590699999997
      ],
      [
       3.676450000000841,
       46.66382999999951
      ],
      [
       3.677879999999277,
       46.67192000000068
      ],
      [
       3.6716899999992165,
       46.67619999999988
      ],
      [
       3.6650300000001153,
       46.6862000000001
      ],
      [
       3.6621699999996054,
       46.694289999999455
      ],
      [
       3.6536099999993894,
       46.69952000000012
      ],
      [
       3.6417099999998754,
       46.70190000000002
      ],
      [
       3.63647999999921,
       46.703810000000885
      ],
      [
       3.645990000000893,
       46.70998999999938
      ],
      [
       3.645039999999426,
       46.714749999999185
      ],
      [
       3.634570000000167,
       46.718080000000555
      ],
      [
       3.6317199999994045,
       46.72189000000071
      ],
      [
       3.6321900000002643,
       46.73284000000058
      ],
      [
       3.6298100000003615,
       46.73902000000089
      ],
      [
       3.6193399999992835,
       46.747590000000855
      ],
      [
       3.6236300000000483,
       46.75614999999925
      ],
      [
       3.6207699999995384,
       46.75995999999941
      ],
      [
       3.603399999999965,
       46.75900999999976
      ],
      [
       3.5910299999995914,
       46.76281999999992
      ],
      [
       3.582459999999628,
       46.7756700000009
      ],
      [
       3.5681800000002113,
       46.78280000000086
      ],
      [
       3.55199999999968,
       46.785180000000764
      ],
      [
       3.5362999999997555,
       46.791839999999866
      ],
      [
       3.527729999999792,
       46.7889899999991
      ],
      [
       3.529160000000047,
       46.795179999999164
      ],
      [
       3.5167899999996735,
       46.80040999999983
      ],
      [
       3.502039999999397,
       46.80992999999944
      ],
      [
       3.488709999999628,
       46.8137399999996
      ],
      [
       3.479190000000017,
       46.81088000000091
      ],
      [
       3.4644399999997404,
       46.82325999999921
      ],
      [
       3.4520699999993667,
       46.827540000000226
      ],
      [
       3.4425499999997555,
       46.83516000000054
      ],
      [
       3.4409639640710825,
       46.835746277873056
      ]
     ]
    ]
   },
   "properties": {
    "pid": "138420",
    "origin": "BAtlas14",
    "notes": null,
    "strabo_name": "Liger"
   }
  },
  {
   "type": "Feature",
   "geometry": {
    "type": "MultiLineString",
    "coordinates": [
     [
      [
       4.15575173512837,
       45.32309148123053
      ],
      [
       4.156419999999343,
       45.32341000000088
      ],
      [
       4.155830538993769,
       45.32281594323962
      ],
      [
       4.15575173512837,
       45.32309148123053
      ]
     ]
    ]
   },
   "properties": {
    "pid": "138420",
    "origin": "BAtlas14",
    "notes": null,
    "strabo_name": "Liger"
   }
  },
  {
   "type": "Feature",
   "geometry": {
    "type": "MultiLineString",
    "coordinates": [
     [
      [
       4.193960000000516,
       44.867990000000646
      ],
      [
       4.195390000000771,
       44.85942000000068
      ],
      [
       4.195869999999559,
       44.8388900000009
      ],
      [
       4.194079999999303,
       44.82711999999992
      ],
      [
       4.194729999999254,
       44.8174199999994
      ],
      [
       4.1893700000000536,
       44.808499999999185
      ],
      [
       4.183610000000044,
       44.80450999999994
      ],
      [
       4.182179999999789,
       44.793799999999464
      ],
      [
       4.184680000000299,
       44.78571000000011
      ],
      [
       4.183259999999791,
       44.781779999999344
      ],
      [
       4.1737300000004325,
       44.77946999999949
      ],
      [
       4.171589999999924,
       44.77340000000004
      ],
      [
       4.162609999999404,
       44.76941000000079
      ],
      [
       4.158680000000459,
       44.76405999999952
      ],
      [
       4.148569999999381,
       44.771199999999226
      ],
      [
       4.136790000000474,
       44.771199999999226
      ],
      [
       4.12358999999924,
       44.779819999999745
      ],
      [
       4.113950000000841,
       44.779819999999745
      ],
      [
       4.105740000000878,
       44.7769700000008
      ],
      [
       4.092179999999644,
       44.781960000000254
      ],
      [
       4.0868200000004435,
       44.78945999999996
      ],
      [
       4.085399999999936,
       44.79874000000018
      ],
      [
       4.076119999999719,
       44.80659000000014
      ],
      [
       4.063799999999901,
       44.810520000000906
      ],
      [
       4.058810000000449,
       44.809800000000905
      ],
      [
       4.052379999999175,
       44.812299999999595
      ],
      [
       4.050600000000486,
       44.8190799999993
      ],
      [
       4.045239999999467,
       44.82265000000007
      ],
      [
       4.038459999999759,
       44.825150000000576
      ],
      [
       4.034890000000814,
       44.831930000000284
      ],
      [
       4.025970000000598,
       44.839780000000246
      ],
      [
       4.02168999999958,
       44.846919999999955
      ],
      [
       4.006040000000212,
       44.85151000000042
      ],
      [
       3.9924800000007963,
       44.84864999999991
      ],
      [
       3.987059999999474,
       44.85512999999992
      ],
      [
       3.979059999999663,
       44.85924999999952
      ],
      [
       3.969279999999344,
       44.86018999999942
      ],
      [
       3.9607099999993807,
       44.860899999999674
      ],
      [
       3.9563099999995757,
       44.865780000000086
      ],
      [
       3.942030000000159,
       44.86650000000009
      ],
      [
       3.9324500000002445,
       44.86470999999983
      ],
      [
       3.923530000000028,
       44.868280000000595
      ],
      [
       3.9221099999995204,
       44.87487999999939
      ],
      [
       3.918180000000575,
       44.87809000000016
      ],
      [
       3.9156800000000658,
       44.891890000000785
      ],
      [
       3.9178200000005745,
       44.89331999999922
      ],
      [
       3.921389999999519,
       44.89367999999922
      ],
      [
       3.920319999999265,
       44.897609999999986
      ],
      [
       3.916979999999967,
       44.90116999999918
      ],
      [
       3.9127000000007683,
       44.90223999999944
      ],
      [
       3.9138999999995576,
       44.9042100000006
      ],
      [
       3.9210299999995186,
       44.90528000000086
      ],
      [
       3.9228500000008353,
       44.91100000000006
      ],
      [
       3.920319999999265,
       44.91865999999936
      ],
      [
       3.915740000000369,
       44.92164000000048
      ],
      [
       3.9061000000001513,
       44.923430000000735
      ],
      [
       3.9027100000002974,
       44.93109999999979
      ],
      [
       3.9034300000002986,
       44.93680999999924
      ],
      [
       3.9041400000005524,
       44.93894
      ],
      [
       3.91092000000026,
       44.942510000000766
      ],
      [
       3.9162799999994604,
       44.94162999999935
      ],
      [
       3.9180599999999686,
       44.948050000000876
      ],
      [
       3.9200199999995675,
       44.955840000000535
      ],
      [
       3.9253800000005867,
       44.956969999999274
      ],
      [
       3.922819999999774,
       44.96548000000075
      ],
      [
       3.9194299999999203,
       44.96797999999944
      ],
      [
       3.915499999999156,
       44.96975999999995
      ],
      [
       3.9138999999995576,
       44.97409999999945
      ],
      [
       3.908900000000358,
       44.97516999999971
      ],
      [
       3.9030099999999948,
       44.9734499999995
      ],
      [
       3.8958700000002864,
       44.97631000000001
      ],
      [
       3.8920099999995728,
       44.983510000000024
      ],
      [
       3.8895100000008824,
       44.98921999999948
      ],
      [
       3.890110000000277,
       44.996649999999136
      ],
      [
       3.890129999999772,
       45.00022999999965
      ],
      [
       3.8926599999995233,
       45.002300000000105
      ],
      [
       3.8997999999992317,
       44.997300000000905
      ],
      [
       3.908419999999751,
       44.99784
      ],
      [
       3.921619999999166,
       45.000340000000506
      ],
      [
       3.9253200000002835,
       45.00718000000052
      ],
      [
       3.926390000000538,
       45.01288999999997
      ],
      [
       3.9313899999997375,
       45.02008999999998
      ],
      [
       3.9313899999997375,
       45.02614999999969
      ],
      [
       3.9363799999991897,
       45.03252000000066
      ],
      [
       3.9326299999993353,
       45.03947999999946
      ],
      [
       3.9272799999998824,
       45.04447000000073
      ],
      [
       3.9248999999999796,
       45.04917999999998
      ],
      [
       3.9124100000008184,
       45.05953000000045
      ],
      [
       3.9117000000005646,
       45.06369000000086
      ],
      [
       3.9024200000003475,
       45.07011000000057
      ],
      [
       3.901819999999134,
       45.073920000000726
      ],
      [
       3.9100299999990966,
       45.07963000000018
      ],
      [
       3.9112800000002608,
       45.08422000000064
      ],
      [
       3.9094999999997526,
       45.0913500000006
      ],
      [
       3.901139999999941,
       45.09303
      ],
      [
       3.8969400000005407,
       45.09777000000031
      ],
      [
       3.8987300000007963,
       45.101339999999254
      ],
      [
       3.8915300000007846,
       45.10676000000058
      ],
      [
       3.894749999999476,
       45.10996999999952
      ],
      [
       3.892840000000433,
       45.117229999999836
      ],
      [
       3.894270000000688,
       45.119730000000345
      ],
      [
       3.902780000000348,
       45.119080000000395
      ],
      [
       3.915979999999763,
       45.12299999999959
      ],
      [
       3.924960000000283,
       45.12598000000071
      ],
      [
       3.927460000000792,
       45.13596999999936
      ],
      [
       3.929309999999532,
       45.14285999999993
      ],
      [
       3.9289499999995314,
       45.14715000000069
      ],
      [
       3.9229400000003807,
       45.151379999999335
      ],
      [
       3.924010000000635,
       45.1588699999993
      ],
      [
       3.927159999999276,
       45.1602299999995
      ],
      [
       3.932520000000295,
       45.16345000000001
      ],
      [
       3.9329600000000937,
       45.16769000000022
      ],
      [
       3.92258000000038,
       45.17475000000013
      ],
      [
       3.919369999999617,
       45.18260000000009
      ],
      [
       3.919190000000526,
       45.189979999999196
      ],
      [
       3.918390000000727,
       45.19475000000057
      ],
      [
       3.9224599999997736,
       45.199140000000625
      ],
      [
       3.939510000000155,
       45.20397000000048
      ],
      [
       3.9526200000000244,
       45.20615999999973
      ],
      [
       3.9640500000004977,
       45.20259000000078
      ],
      [
       3.970709999999599,
       45.200629999999364
      ],
      [
       3.9828400000005786,
       45.20276999999987
      ],
      [
       3.988839999999982,
       45.20521000000008
      ],
      [
       3.9942300000002433,
       45.210220000000845
      ],
      [
       4.003419999999096,
       45.209969999999885
      ],
      [
       4.013059999999314,
       45.20817999999963
      ],
      [
       4.017280000000028,
       45.20919999999933
      ],
      [
       4.021919999999227,
       45.20456000000013
      ],
      [
       4.033160000000862,
       45.20003999999972
      ],
      [
       4.04262000000017,
       45.20074999999997
      ],
      [
       4.045360000000073,
       45.20289000000048
      ],
      [
       4.04214999999931,
       45.20860999999968
      ],
      [
       4.042859999999564,
       45.21498000000065
      ],
      [
       4.04732999999942,
       45.21805999999924
      ],
      [
       4.0587500000001455,
       45.216630000000805
      ],
      [
       4.060289999999441,
       45.21935999999914
      ],
      [
       4.059219999999186,
       45.22221999999965
      ],
      [
       4.062200000000303,
       45.225969999999506
      ],
      [
       4.069690000000264,
       45.22739999999976
      ],
      [
       4.073259999999209,
       45.2231699999993
      ],
      [
       4.080040000000736,
       45.22638000000006
      ],
      [
       4.085220000000845,
       45.23221000000012
      ],
      [
       4.092000000000553,
       45.23435000000063
      ],
      [
       4.099669999999605,
       45.236689999999726
      ],
      [
       4.102940000000672,
       45.245020000000295
      ],
      [
       4.113359999999375,
       45.245489999999336
      ],
      [
       4.117280000000392,
       45.247989999999845
      ],
      [
       4.127809999999954,
       45.24899000000005
      ],
      [
       4.130310000000463,
       45.2500600000003
      ],
      [
       4.131260000000111,
       45.255960000000414
      ],
      [
       4.140190000000075,
       45.26023999999961
      ],
      [
       4.139999999999418,
       45.265590000000884
      ],
      [
       4.133939999999711,
       45.27094000000034
      ],
      [
       4.133579999999711,
       45.277140000000145
      ],
      [
       4.137269999999262,
       45.278550000000905
      ],
      [
       4.145119999999224,
       45.28283999999985
      ],
      [
       4.144290000000183,
       45.28915000000052
      ],
      [
       4.141019999999116,
       45.29082000000017
      ],
      [
       4.135720000000219,
       45.29128999999921
      ],
      [
       4.1267900000002555,
       45.29199999999946
      ],
      [
       4.1188899999997375,
       45.296589999999924
      ],
      [
       4.11823000000004,
       45.30521000000044
      ],
      [
       4.120730000000549,
       45.31199000000015
      ],
      [
       4.128580000000511,
       45.31413000000066
      ],
      [
       4.139999999999418,
       45.317699999999604
      ],
      [
       4.148929999999382,
       45.31984000000011
      ],
      [
       4.15575173512837,
       45.32309148123053
      ]
     ]
    ]
   },
   "properties": {
    "pid": "138420",
    "origin": "BAtlas14",
    "notes": null,
    "strabo_name": "Liger"
   }
  },
  {
   "type": "Feature",
   "geometry": {
    "type": "MultiLineString",
    "coordinates": [
     [
      [
       5.152500429846607,
       44.240893453496746
      ],
      [
       5.150120968840777,
       44.240893453496746
      ],
      [
       5.146551777332031,
       44.23970372299383
      ],
      [
       5.1420902879460995,
       44.236431964110814
      ],
      [
       5.140008259565998,
       44.23494480098217
      ],
      [
       5.138223663811625,
       44.23048331159624
      ],
      [
       5.133464741799965,
       44.228163337115554
      ],
      [
       5.12959811766549,
       44.22727103923837
      ],
      [
       5.125731493531016,
       44.22750898533895
      ],
      [
       5.122162302022271,
       44.22691412008749
      ],
      [
       5.119187975764983,
       44.22554593000914
      ],
      [
       5.116808514759152,
       44.22316646900331
      ],
      [
       5.114191107652739,
       44.221976738500395
      ],
      [
       5.110146023942828,
       44.222690576802144
      ],
      [
       5.10562504803175,
       44.22459414560681
      ],
      [
       5.1018179104224215,
       44.22554593000914
      ],
      [
       5.099438449416591,
       44.22792539101497
      ],
      [
       5.096345150109012,
       44.23006690592022
      ],
      [
       5.0923000663991,
       44.23125663642313
      ],
      [
       5.088968820990938,
       44.23197047472488
      ],
      [
       5.0865893599851075,
       44.23434993573071
      ],
      [
       5.083020168476362,
       44.236967342837126
      ],
      [
       5.079450976967617,
       44.239346803842956
      ],
      [
       5.075167947157122,
       44.24029858824529
      ],
      [
       5.069219294642546,
       44.2414883187482
      ],
      [
       5.065174210932635,
       44.2414883187482
      ],
      [
       5.061367073323306,
       44.239346803842956
      ],
      [
       5.058749666216893,
       44.23791912723946
      ],
      [
       5.053990744205232,
       44.23815707334004
      ],
      [
       5.051611283199402,
       44.239346803842956
      ],
      [
       5.049469768294155,
       44.2414883187482
      ],
      [
       5.048755929992406,
       44.24339188755287
      ],
      [
       5.0473282533889074,
       44.243867779754034
      ],
      [
       5.045424684584243,
       44.243867779754034
      ],
      [
       5.043283169678996,
       44.24529545635753
      ],
      [
       5.041617546974915,
       44.247912863463945
      ],
      [
       5.038762193767918,
       44.249578486168026
      ],
      [
       5.0320997029515935,
       44.25124410887211
      ],
      [
       5.028768457543431,
       44.25148205497269
      ],
      [
       5.0247233738335195,
       44.25005437836919
      ],
      [
       5.022581858928272,
       44.24696107906161
      ],
      [
       5.019012667419527,
       44.2457713485587
      ],
      [
       5.015205529810198,
       44.24505751025695
      ],
      [
       5.009970715597372,
       44.24125037264762
      ],
      [
       5.006163577988043,
       44.237681181138875
      ],
      [
       5.004497955283962,
       44.235301720133045
      ],
      [
       5.003784116982213,
       44.23268431302663
      ],
      [
       5.001880548177549,
       44.23197047472488
      ],
      [
       5.0011667098757995,
       44.2303048520208
      ],
      [
       5.0014046559763825,
       44.228163337115554
      ],
      [
       5.00045287157405,
       44.226735660512055
      ],
      [
       4.997835464467637,
       44.22554593000914
      ],
      [
       4.995456003461807,
       44.221976738500395
      ],
      [
       4.991648865852478,
       44.21697987038815
      ],
      [
       4.989031458746065,
       44.212458894477074
      ],
      [
       4.986651997740235,
       44.20769997246541
      ],
      [
       4.98474842893557,
       44.20460667315783
      ],
      [
       4.983558698432655,
       44.203178996554335
      ],
      [
       4.984510482834987,
       44.20103748164909
      ],
      [
       4.98474842893557,
       44.199133912844424
      ],
      [
       4.984034590633821,
       44.19651650573801
      ],
      [
       4.982131021829157,
       44.19175758372635
      ],
      [
       4.979037722521578,
       44.18890223051935
      ],
      [
       4.975468531012832,
       44.185808931211774
      ],
      [
       4.971185501202338,
       44.18319152410536
      ],
      [
       4.970947555101755,
       44.18223973970303
      ],
      [
       4.971185501202338,
       44.1798602786972
      ],
      [
       4.973327016107585,
       44.17771876379195
      ],
      [
       4.973089070007002,
       44.175577248886704
      ],
      [
       4.971661393403504,
       44.17343573398146
      ],
      [
       4.968806040196507,
       44.17153216517679
      ],
      [
       4.966188633090094,
       44.171056272975626
      ],
      [
       4.9630953337825146,
       44.16962859637213
      ],
      [
       4.960715872776684,
       44.1672491353663
      ],
      [
       4.960477926676101,
       44.1643937821593
      ],
      [
       4.960002034474935,
       44.160824590650556
      ],
      [
       4.957860519569688,
       44.15892102184589
      ],
      [
       4.955124139412985,
       44.15582772253831
      ],
      [
       4.9532205706083205,
       44.15344826153248
      ],
      [
       4.9525067323065715,
       44.15011701612432
      ],
      [
       4.9525067323065715,
       44.147499609017906
      ],
      [
       4.9525067323065715,
       44.14440630971033
      ],
      [
       4.95084110960249,
       44.141075064302164
      ]
     ]
    ]
   },
   "properties": {
    "pid": "148150",
    "origin": "BAMap15",
    "notes": null,
    "strabo_name": null
   }
  },
  {
   "type": "Feature",
   "geometry": {
    "type": "MultiLineString",
    "coordinates": [
     [
      [
       4.913021284554448,
       44.04059472882843
      ],
      [
       4.916959567763634,
       44.036321276404664
      ],
      [
       4.919933894020922,
       44.03423924802456
      ],
      [
       4.922313355026752,
       44.030967489141545
      ],
      [
       4.9243953834068535,
       44.0294803260129
      ],
      [
       4.928262007541328,
       44.028290595509986
      ],
      [
       4.931533766424344,
       44.02918289338717
      ],
      [
       4.934805525307361,
       44.0294803260129
      ],
      [
       4.939564447319022,
       44.028588028135715
      ],
      [
       4.94729769558797,
       44.0253162692527
      ],
      [
       4.952651482851088,
       44.0232342408726
      ],
      [
       4.957410404862749,
       44.018475318860936
      ],
      [
       4.960682163745766,
       44.01579842522938
      ],
      [
       4.966333383634613,
       44.01282409897209
      ],
      [
       4.972579468774917,
       44.00806517696043
      ],
      [
       4.976446092909391,
       44.00509085070314
      ],
      [
       4.978528121289493,
       44.001819091820124
      ],
      [
       4.979717851792408,
       43.99765503505992
      ],
      [
       4.980610149669594,
       43.994085843551176
      ],
      [
       4.980907582295322,
       43.989624354165244
      ],
      [
       4.984179341178339,
       43.984567999527854
      ],
      [
       4.986856234809898,
       43.981891105896295
      ],
      [
       4.988343397938542,
       43.97505015550453
      ],
      [
       4.990127993692915,
       43.97148096399579
      ],
      [
       4.997266376710406,
       43.96910150298996
      ],
      [
       5.007676518610913,
       43.967019474609856
      ],
      [
       5.011245710119659,
       43.96523487885548
      ],
      [
       5.016004632131319,
       43.96374771572684
      ],
      [
       5.021953284645895,
       43.96166568734674
      ],
      [
       5.0281993697862,
       43.957501630586535
      ],
      [
       5.032660859172132,
       43.95422987170352
      ],
      [
       5.03801464643525,
       43.947388921311756
      ],
      [
       5.04039410744108,
       43.94441459505447
      ],
      [
       5.043071001072639,
       43.942629999300095
      ],
      [
       5.047235057832842,
       43.94144026879718
      ],
      [
       5.0496145188386725,
       43.93965567304281
      ],
      [
       5.0511016819673165,
       43.93608648153406
      ],
      [
       5.0552657387275195,
       43.9334095879025
      ],
      [
       5.058834930236265,
       43.93103012689667
      ],
      [
       5.063593852247926,
       43.92835323326511
      ],
      [
       5.065675880628027,
       43.92418917650491
      ],
      [
       5.071921965768332,
       43.920917417621894
      ],
      [
       5.07727575303145,
       43.920322552370436
      ],
      [
       5.0820346750431105,
       43.915861062984504
      ],
      [
       5.087388462306229,
       43.913481601978674
      ],
      [
       5.092444816943618,
       43.913184169352945
      ],
      [
       5.097203738955279,
       43.91615849561023
      ],
      [
       5.098393469458194,
       43.92002511974471
      ],
      [
       5.099880632586838,
       43.92240458075054
      ],
      [
       5.101962660966939,
       43.92418917650491
      ],
      [
       5.106126717727142,
       43.92359431125345
      ],
      [
       5.108803611358701,
       43.92359431125345
      ],
      [
       5.110588207113074,
       43.9250814743821
      ],
      [
       5.112372802867447,
       43.92656863751074
      ],
      [
       5.115941994376192,
       43.92656863751074
      ],
      [
       5.119808618510667,
       43.92418917650491
      ]
     ]
    ]
   },
   "properties": {
    "pid": "148238",
    "origin": "BAMap15",
    "notes": null,
    "strabo_name": "Sulga"
   }
  },
  {
   "type": "Feature",
   "geometry": {
    "type": "MultiLineString",
    "coordinates": [
     [
      [
       6.950756273276958,
       43.53044786656513
      ],
      [
       6.948376812271127,
       43.53282732757096
      ],
      [
       6.946949135667629,
       43.53496884247621
      ],
      [
       6.945045566862965,
       43.53806214178379
      ],
      [
       6.945521459064131,
       43.543059009896034
      ],
      [
       6.944807620762382,
       43.54734203970653
      ],
      [
       6.944331728561216,
       43.55281480001994
      ],
      [
       6.943141998058301,
       43.55828756033335
      ],
      [
       6.94385583636005,
       43.562808536244425
      ],
      [
       6.94385583636005,
       43.56637772775317
      ],
      [
       6.9414763753542195,
       43.57185048806658
      ],
      [
       6.940524590951887,
       43.57470584127358
      ],
      [
       6.936479507241976,
       43.57946476328524
      ],
      [
       6.933148261833813,
       43.5827960086934
      ],
      [
       6.931482639129732,
       43.58541341579981
      ],
      [
       6.930054962526234,
       43.58779287680564
      ],
      [
       6.927675501520404,
       43.58993439171089
      ],
      [
       6.922916579508743,
       43.59207590661614
      ],
      [
       6.916016142591835,
       43.5954071520243
      ],
      [
       6.911733112781341,
       43.59992812793538
      ],
      [
       6.908401867373178,
       43.60325937334354
      ],
      [
       6.905070621965016,
       43.60540088824879
      ],
      [
       6.901025538255104,
       43.607542403154035
      ],
      [
       6.898884023349857,
       43.60897007975753
      ],
      [
       6.897456346746359,
       43.61039775636103
      ],
      [
       6.896504562344027,
       43.61111159466278
      ],
      [
       6.893887155237613,
       43.61111159466278
      ],
      [
       6.892221532533532,
       43.60968391805928
      ],
      [
       6.8912697481312,
       43.60873213365695
      ],
      [
       6.888652341024787,
       43.60849418755637
      ],
      [
       6.882465742409628,
       43.60849418755637
      ],
      [
       6.878896550900882,
       43.60706651095287
      ],
      [
       6.87318584448689,
       43.6080182953552
      ],
      [
       6.869854599078727,
       43.60635267265112
      ],
      [
       6.866761299771148,
       43.604449103846456
      ],
      [
       6.863905946564151,
       43.60492499604762
      ],
      [
       6.861288539457738,
       43.60778034925462
      ],
      [
       6.860098808954823,
       43.6094459719587
      ],
      [
       6.857243455747827,
       43.609921864159865
      ],
      [
       6.855339886943162,
       43.60897007975753
      ],
      [
       6.854863994741996,
       43.606828564852286
      ],
      [
       6.852960425937332,
       43.60611472655054
      ],
      [
       6.8491532883280035,
       43.60873213365695
      ],
      [
       6.843950200261921,
       43.613078615760934
      ]
     ]
    ]
   },
   "properties": {
    "pid": "157814",
    "origin": "BAMap16",
    "notes": null,
    "strabo_name": null
   }
  },
  {
   "type": "Feature",
   "geometry": {
    "type": "MultiLineString",
    "coordinates": [
     [
      [
       6.724203825143516,
       43.40478456507889
      ],
      [
       6.721526931511957,
       43.406271728207535
      ],
      [
       6.718552605254669,
       43.40746145871045
      ],
      [
       6.71587571162311,
       43.40924605446482
      ],
      [
       6.716173144248839,
       43.411328082844925
      ],
      [
       6.716768009500297,
       43.413410111225026
      ],
      [
       6.7140911158687375,
       43.41578957223086
      ],
      [
       6.70606043497406,
       43.4172767353595
      ],
      [
       6.701598945588128,
       43.41965619636533
      ],
      [
       6.7001117824594845,
       43.421440792119704
      ],
      [
       6.696542590950739,
       43.42292795524835
      ],
      [
       6.694163129944909,
       43.42649714675709
      ],
      [
       6.692675966816265,
       43.430958636143025
      ],
      [
       6.687322179553147,
       43.43542012552896
      ],
      [
       6.6846452859215875,
       43.43660985603187
      ],
      [
       6.685537583798774,
       43.438394451786245
      ],
      [
       6.683752988044401,
       43.44136877804353
      ],
      [
       6.680183796535656,
       43.44166621066926
      ],
      [
       6.678696633407012,
       43.443153373797905
      ],
      [
       6.67423514402108,
       43.445532834803736
      ],
      [
       6.670665952512334,
       43.44672256530665
      ],
      [
       6.668881356757962,
       43.44880459368675
      ],
      [
       6.665014732623487,
       43.44850716106102
      ],
      [
       6.661742973740471,
       43.447912295809566
      ],
      [
       6.659066080108912,
       43.448209728435295
      ],
      [
       6.658173782231725,
       43.450589189441125
      ],
      [
       6.6593635127346404,
       43.453266083072684
      ],
      [
       6.65698405172881,
       43.455348111452786
      ],
      [
       6.650143101337048,
       43.455348111452786
      ],
      [
       6.646871342454031,
       43.45415838094987
      ],
      [
       6.638840661559354,
       43.45415838094987
      ],
      [
       6.634379172173422,
       43.453266083072684
      ],
      [
       6.62991768278749,
       43.45177891994404
      ],
      [
       6.625456193401559,
       43.45148148731831
      ],
      [
       6.619804973512712,
       43.452968650446955
      ],
      [
       6.612369157869492,
       43.45980960083872
      ],
      [
       6.612666590495221,
       43.460404466090175
      ],
      [
       6.610881994740848,
       43.46397365759892
      ],
      [
       6.608502533735018,
       43.46605568597902
      ],
      [
       6.600769285466069,
       43.46724541648194
      ],
      [
       6.593928335074307,
       43.46813771435912
      ],
      [
       6.588871980436918,
       43.46843514698485
      ],
      [
       6.582031030045155,
       43.467542849107666
      ],
      [
       6.577569540659224,
       43.467542849107666
      ],
      [
       6.574000349150478,
       43.46694798385621
      ],
      [
       6.5682004129487686,
       43.46397365759892
      ],
      [
       6.566415817194396,
       43.4586198703358
      ],
      [
       6.56284662568565,
       43.45624040932997
      ],
      [
       6.559277434176905,
       43.45415838094987
      ],
      [
       6.55808770367399,
       43.45118405469258
      ],
      [
       6.557195405796803,
       43.447912295809566
      ],
      [
       6.556005675293888,
       43.445532834803736
      ],
      [
       6.552139051159414,
       43.44493796955228
      ],
      [
       6.549164724902126,
       43.44642513268092
      ],
      [
       6.545892966019109,
       43.447912295809566
      ],
      [
       6.5444058028904655,
       43.448209728435295
      ],
      [
       6.54321607238755,
       43.44612770005519
      ],
      [
       6.54321607238755,
       43.44434310430082
      ],
      [
       6.541134044007449,
       43.44255850854645
      ],
      [
       6.537564852498703,
       43.44196364329499
      ],
      [
       6.532508497861314,
       43.443450806423634
      ],
      [
       6.527749575849653,
       43.44374823904936
      ],
      [
       6.523882951715179,
       43.441071345417804
      ],
      [
       6.52358551908945,
       43.43928674966343
      ],
      [
       6.523882951715179,
       43.4348252602775
      ],
      [
       6.520313760206434,
       43.43185093402021
      ],
      [
       6.516149703446231,
       43.43185093402021
      ],
      [
       6.512283079311756,
       43.433635529774584
      ],
      [
       6.510201050931655,
       43.43512269290323
      ],
      [
       6.508713887803011,
       43.43869188441197
      ],
      [
       6.504549831042808,
       43.43869188441197
      ],
      [
       6.499493476405418,
       43.43869188441197
      ],
      [
       6.488785901879182,
       43.44434310430082
      ],
      [
       6.4810526536102335,
       43.445532834803736
      ],
      [
       6.475104001095658,
       43.447912295809566
      ],
      [
       6.467965618078167,
       43.44969689156394
      ],
      [
       6.463801561317964,
       43.450886622066854
      ],
      [
       6.460529802434947,
       43.4523737851955
      ],
      [
       6.456960610926202,
       43.453266083072684
      ],
      [
       6.454581149920371,
       43.452968650446955
      ],
      [
       6.447740199528609,
       43.44374823904936
      ],
      [
       6.44268384489122,
       43.44196364329499
      ],
      [
       6.434950596622271,
       43.43928674966343
      ],
      [
       6.43286856824217,
       43.43958418228916
      ],
      [
       6.429596809359153,
       43.43958418228916
      ],
      [
       6.427217348353323,
       43.438097019160516
      ],
      [
       6.42543275259895,
       43.43660985603187
      ],
      [
       6.425730185224679,
       43.43393296240031
      ],
      [
       6.426919915727594,
       43.43244579927167
      ],
      [
       6.427217348353323,
       43.43006633826584
      ],
      [
       6.42543275259895,
       43.42768687726001
      ],
      [
       6.423945589470306,
       43.42441511837699
      ],
      [
       6.421863561090205,
       43.423820253125534
      ],
      [
       6.419484100084374,
       43.42411768575126
      ],
      [
       6.4156174759499,
       43.423820253125534
      ],
      [
       6.4093713908095955,
       43.425902281505635
      ],
      [
       6.40000226309914,
       43.42798430988574
      ],
      [
       6.39524334108748,
       43.42947147301438
      ],
      [
       6.392566447455921,
       43.43006633826584
      ],
      [
       6.388997255947175,
       43.430661203517296
      ],
      [
       6.3872126601928025,
       43.42917404038865
      ],
      [
       6.38780752544426,
       43.42679457938282
      ],
      [
       6.3872126601928025,
       43.42471255100272
      ],
      [
       6.38542806443843,
       43.42233308999689
      ],
      [
       6.381561440303956,
       43.42292795524835
      ],
      [
       6.38037170980104,
       43.42649714675709
      ],
      [
       6.379776844549583,
       43.42917404038865
      ],
      [
       6.377694816169481,
       43.43036377089157
      ],
      [
       6.371448731029177,
       43.42917404038865
      ],
      [
       6.370259000526262,
       43.42768687726001
      ],
      [
       6.366987241643245,
       43.42917404038865
      ],
      [
       6.365500078514601,
       43.43214836664594
      ],
      [
       6.366987241643245,
       43.43542012552896
      ],
      [
       6.37055643315199,
       43.4369072886576
      ],
      [
       6.372043596280634,
       43.4389893170377
      ],
      [
       6.369664135274804,
       43.44255850854645
      ],
      [
       6.364310348011686,
       43.44404567167509
      ],
      [
       6.359848858625754,
       43.442855941172176
      ],
      [
       6.353900206111178,
       43.44434310430082
      ],
      [
       6.350331014602433,
       43.44731743055811
      ],
      [
       6.345572092590772,
       43.450589189441125
      ],
      [
       6.33873114219901,
       43.4523737851955
      ],
      [
       6.333674787561621,
       43.45415838094987
      ],
      [
       6.3309978939300615,
       43.455348111452786
      ],
      [
       6.329213298175689,
       43.45713270720716
      ],
      [
       6.32891586554996,
       43.460107033464446
      ],
      [
       6.329808163427146,
       43.46248649447028
      ],
      [
       6.329808163427146,
       43.46486595547611
      ],
      [
       6.327131269795587,
       43.46605568597902
      ],
      [
       6.326238971918401,
       43.46575825335329
      ],
      [
       6.323859510912571,
       43.46427109022465
      ],
      [
       6.3211826172810115,
       43.46397365759892
      ],
      [
       6.318208291023724,
       43.465460820727564
      ],
      [
       6.315828830017893,
       43.46665055123048
      ],
      [
       6.312259638509148,
       43.46813771435912
      ],
      [
       6.307798149123216,
       43.46932744486204
      ],
      [
       6.304823822865928,
       43.47081460799068
      ],
      [
       6.30184949660864,
       43.472896636370784
      ],
      [
       6.302146929234369,
       43.47468123212516
      ],
      [
       6.303039227111555,
       43.4761683952538
      ],
      [
       6.302444361860098,
       43.477655558382445
      ],
      [
       6.3000649008542675,
       43.47854785625963
      ],
      [
       6.297388007222708,
       43.47795299100817
      ],
      [
       6.294711113591149,
       43.479737586762546
      ],
      [
       6.290547056830946,
       43.48062988463973
      ],
      [
       6.288465028450845,
       43.480035019388275
      ],
      [
       6.285193269567828,
       43.4782504236339
      ],
      [
       6.281921510684811,
       43.4782504236339
      ],
      [
       6.278649751801795,
       43.47854785625963
      ],
      [
       6.274485695041592,
       43.47854785625963
      ],
      [
       6.271213936158575,
       43.47884528888536
      ],
      [
       6.266752446772643,
       43.48092731726546
      ],
      [
       6.261993524760983,
       43.48211704776838
      ],
      [
       6.255747439620678,
       43.48360421089702
      ],
      [
       6.252178248111933,
       43.48360421089702
      ],
      [
       6.248609056603187,
       43.48211704776838
      ],
      [
       6.246527028223086,
       43.480035019388275
      ],
      [
       6.243552701965798,
       43.479737586762546
      ],
      [
       6.2381989147026795,
       43.480332452014004
      ],
      [
       6.234927155819663,
       43.482711913019834
      ],
      [
       6.2325476948138325,
       43.48419907614848
      ],
      [
       6.229870801182273,
       43.48390164352275
      ],
      [
       6.227193907550714,
       43.482711913019834
      ],
      [
       6.224814446544884,
       43.48092731726546
      ],
      [
       6.221840120287596,
       43.48092731726546
      ],
      [
       6.221840120287596,
       43.48330677827129
      ],
      [
       6.222137552913325,
       43.48449650877421
      ],
      [
       6.220055524533223,
       43.48538880665139
      ],
      [
       6.216486333024478,
       43.48538880665139
      ],
      [
       6.212024843638546,
       43.48538880665139
      ],
      [
       6.210537680509902,
       43.48449650877421
      ],
      [
       6.208158219504072,
       43.48300934564556
      ],
      [
       6.204589027995326,
       43.48092731726546
      ],
      [
       6.201912134363767,
       43.480332452014004
      ],
      [
       6.199830105983666,
       43.47914272151109
      ],
      [
       6.198937808106479,
       43.4761683952538
      ],
      [
       6.199235240732208,
       43.47319406899651
      ],
      [
       6.199383957045074,
       43.469922310113496
      ],
      [
       6.195219900284871,
       43.46873257961058
      ],
      [
       6.191948141401855,
       43.46873257961058
      ],
      [
       6.188310396648516,
       43.47346164778992
      ],
      [
       6.185404623635821,
       43.477655558382445
      ],
      [
       6.179753403746974,
       43.477358125756716
      ],
      [
       6.174399616483856,
       43.475276097376614
      ],
      [
       6.1696406944721955,
       43.47319406899651
      ],
      [
       6.168153531343552,
       43.469922310113496
      ],
      [
       6.163989474583349,
       43.46843514698485
      ],
      [
       6.159230552571688,
       43.46843514698485
      ],
      [
       6.152389602179926,
       43.467840281733395
      ],
      [
       6.142574325530876,
       43.467542849107666
      ],
      [
       6.136328240390571,
       43.467542849107666
      ],
      [
       6.12918985737308,
       43.46843514698485
      ],
      [
       6.125918098490064,
       43.467542849107666
      ],
      [
       6.122348906981318,
       43.46694798385621
      ],
      [
       6.116102821841014,
       43.46813771435912
      ],
      [
       6.108369573572065,
       43.469922310113496
      ],
      [
       6.104205516811862,
       43.46873257961058
      ],
      [
       6.100933757928845,
       43.469922310113496
      ],
      [
       6.098554296923015,
       43.47378893424797
      ],
      [
       6.0973645664201,
       43.4782504236339
      ],
      [
       6.094092807537083,
       43.480332452014004
      ],
      [
       6.087846722396779,
       43.48211704776838
      ],
      [
       6.081898069882203,
       43.48568623927712
      ],
      [
       6.08011347412783,
       43.48925543078587
      ],
      [
       6.077139147870542,
       43.49074259391451
      ],
      [
       6.074164821613254,
       43.49341948754607
      ],
      [
       6.068811034350136,
       43.49639381380336
      ],
      [
       6.062564949209832,
       43.49639381380336
      ],
      [
       6.053939403063697,
       43.49550151592617
      ],
      [
       6.05066764418068,
       43.49431178542326
      ],
      [
       6.045313856917562,
       43.49312205492034
      ],
      [
       6.04085236753163,
       43.49341948754607
      ],
      [
       6.03103709088258,
       43.49847584218346
      ],
      [
       6.025683303619462,
       43.50293733156939
      ],
      [
       6.022708977362174,
       43.50591165782668
      ],
      [
       6.0188423532277,
       43.50829111883251
      ],
      [
       6.015570594344683,
       43.509778281961154
      ]
     ]
    ]
   },
   "properties": {
    "pid": "157815",
    "origin": "BAMap16",
    "notes": null,
    "strabo_name": null
   }
  },
  {
   "type": "Feature",
   "geometry": {
    "type": "MultiLineString",
    "coordinates": [
     [
      [
       7.635894309527392,
       44.167544585107855
      ],
      [
       7.63970144713672,
       44.16706869290669
      ],
      [
       7.643508584746049,
       44.16659280070552
      ],
      [
       7.647077776254794,
       44.165165124102025
      ],
      [
       7.648505452858292,
       44.16373744749853
      ],
      [
       7.6504090216629566,
       44.16159593259328
      ],
      [
       7.650884913864123,
       44.15826468718512
      ],
      [
       7.650884913864123,
       44.15445754957579
      ],
      [
       7.651360806065289,
       44.15088835806704
      ],
      [
       7.6504090216629566,
       44.148746843161796
      ],
      [
       7.648029560657126,
       44.1473191665583
      ],
      [
       7.644222423047798,
       44.14208435234547
      ],
      [
       7.640891177639635,
       44.13827721473614
      ],
      [
       7.638273770533222,
       44.134470077126814
      ],
      [
       7.6349425251250596,
       44.12971115511515
      ],
      [
       7.629945657012816,
       44.124476340902326
      ],
      [
       7.628280034308735,
       44.122096879896496
      ],
      [
       7.624710842799989,
       44.120431257192415
      ],
      [
       7.618286298084247,
       44.118051796186585
      ],
      [
       7.617096567581332,
       44.11448260467784
      ],
      [
       7.612575591670255,
       44.10900984436443
      ],
      [
       7.610719612085707,
       44.10364415979628
      ],
      [
       7.607864258878711,
       44.099837022186954
      ],
      [
       7.605960690074046,
       44.09626783067821
      ],
      [
       7.604295067369965,
       44.09412631577296
      ],
      [
       7.601154178842269,
       44.09235361732362
      ],
      [
       7.59806087953469,
       44.090687994619536
      ],
      [
       7.5956814185288595,
       44.08926031801604
      ],
      [
       7.594729634126527,
       44.08640496480904
      ],
      [
       7.5956814185288595,
       44.08212193499855
      ],
      [
       7.596633202931192,
       44.07926658179155
      ],
      [
       7.596633202931192,
       44.074983551981056
      ],
      [
       7.593539903623612,
       44.070938468271144
      ],
      [
       7.590684550416616,
       44.06808311506415
      ],
      [
       7.589018927712535,
       44.06356213915307
      ],
      [
       7.5878291972096195,
       44.05856527104083
      ],
      [
       7.587353305008453,
       44.0547581334315
      ],
      [
       7.58711535890787,
       44.051426888023336
      ],
      [
       7.58711535890787,
       44.047381804313424
      ],
      [
       7.586639466706704,
       44.043574666704096
      ],
      [
       7.584022059600291,
       44.0392916368936
      ],
      [
       7.578596888506998,
       44.031546491319624
      ],
      [
       7.573552431174638,
       44.02477692475804
      ],
      [
       7.569983239665892,
       44.02263540985279
      ],
      [
       7.565462263754815,
       44.01811443394171
      ],
      [
       7.560227449541988,
       44.01335551193005
      ],
      [
       7.556182365832076,
       44.00907248211956
      ],
      [
       7.553802904826246,
       44.00645507501314
      ],
      [
       7.551899336021582,
       44.00359972180615
      ],
      [
       7.551899336021582,
       44.00074436859915
      ],
      [
       7.550757194738783,
       43.996330468433335
      ],
      [
       7.548615679833536,
       43.99347511522634
      ],
      [
       7.547378360110504,
       43.98813322526825
      ],
      [
       7.547140414009921,
       43.98575376426242
      ],
      [
       7.546950057129455,
       43.98181575629777
      ],
      [
       7.544285060802925,
       43.98004305784843
      ],
      [
       7.5419055997970945,
       43.97790154294318
      ],
      [
       7.54000203099243,
       43.97314262093152
      ],
      [
       7.535956947282519,
       43.968859591121024
      ],
      [
       7.531007668390392,
       43.968728720765704
      ],
      [
       7.526486692479314,
       43.96539747535754
      ],
      [
       7.523393393171735,
       43.96111444554705
      ],
      [
       7.519824201662989,
       43.95445195473072
      ],
      [
       7.520490450744622,
       43.95029979527555
      ],
      [
       7.520014558543456,
       43.9467306037668
      ],
      [
       7.519062774141124,
       43.94363730445922
      ],
      [
       7.516921259235876,
       43.93864043634698
      ],
      [
       7.5183489358393745,
       43.93459535263707
      ],
      [
       7.520966342945788,
       43.93102616112832
      ],
      [
       7.520252504644039,
       43.92460161641258
      ],
      [
       7.518110989738791,
       43.92198420930617
      ],
      [
       7.516207420934127,
       43.9200806405015
      ],
      [
       7.517635097537625,
       43.91460788018809
      ],
      [
       7.5183489358393745,
       43.90937306597527
      ],
      [
       7.520252504644039,
       43.90627976666769
      ],
      [
       7.524059642253367,
       43.90271057515894
      ],
      [
       7.528104725963279,
       43.898189599247864
      ],
      [
       7.530246240868526,
       43.8948583538397
      ],
      [
       7.53214980967319,
       43.89105121623037
      ],
      [
       7.53524310898077,
       43.887244078621045
      ],
      [
       7.536670785584268,
       43.88391283321288
      ],
      [
       7.535719001181936,
       43.87915391120122
      ],
      [
       7.540477923193596,
       43.87582266579306
      ],
      [
       7.544998899104674,
       43.87272936648548
      ],
      [
       7.552851120423914,
       43.869160174976734
      ],
      [
       7.560227449541988,
       43.867732498373236
      ],
      [
       7.567127886458896,
       43.8682083905744
      ],
      [
       7.572124754571139,
       43.867732498373236
      ],
      [
       7.575693946079885,
       43.86654276787032
      ],
      [
       7.576169838281051,
       43.864401252965074
      ],
      [
       7.575455999979302,
       43.861307953657494
      ],
      [
       7.575455999979302,
       43.857500816048166
      ],
      [
       7.576407784381634,
       43.85464546284117
      ],
      [
       7.578311353186298,
       43.851076271332424
      ],
      [
       7.578311353186298,
       43.84703118762251
      ],
      [
       7.57926313758863,
       43.844175834415516
      ],
      [
       7.581404652493878,
       43.83965485850444
      ],
      [
       7.583784113499708,
       43.83418209819103
      ],
      [
       7.584260005700874,
       43.83204058328578
      ],
      [
       7.585687682304372,
       43.82656782297237
      ],
      [
       7.586163574505538,
       43.82276068536304
      ],
      [
       7.5885430355113686,
       43.81942943995488
      ],
      [
       7.589970712114867,
       43.81443257184264
      ],
      [
       7.594015795824778,
       43.80705624272456
      ],
      [
       7.599488556138188,
       43.801583482411154
      ],
      [
       7.60281980154635,
       43.798490183103574
      ],
      [
       7.605437208652764,
       43.79277947668958
      ],
      [
       7.607340777457428,
       43.788258500778504
      ]
     ]
    ]
   },
   "properties": {
    "pid": "157914",
    "origin": "BAMap16",
    "notes": null,
    "strabo_name": null
   }
  },
  {
   "type": "Feature",
   "geometry": {
    "type": "MultiLineString",
    "coordinates": [
     [
      [
       7.811605607502928,
       43.97545862964386
      ],
      [
       7.813271230207009,
       43.97307916863803
      ],
      [
       7.815888637313423,
       43.97046176153162
      ],
      [
       7.816602475615172,
       43.96855819272695
      ],
      [
       7.81803015221867,
       43.964037216815875
      ],
      [
       7.821123451526249,
       43.96046802530713
      ],
      [
       7.824692643034995,
       43.95594704939605
      ],
      [
       7.828499780644323,
       43.95095018128381
      ],
      [
       7.83373459485715,
       43.94642920537273
      ],
      [
       7.834448433158899,
       43.941194391159904
      ],
      [
       7.8375417324664785,
       43.936673415248826
      ],
      [
       7.840635031774058,
       43.93453190034358
      ],
      [
       7.841110923975224,
       43.9300109244325
      ],
      [
       7.844204223282803,
       43.92382432581734
      ],
      [
       7.845156007685135,
       43.91835156550393
      ],
      [
       7.846107792087468,
       43.91478237399519
      ],
      [
       7.844918061584552,
       43.91049934418469
      ],
      [
       7.843490384981054,
       43.9062163143742
      ],
      [
       7.840991950924932,
       43.903301474642056
      ],
      [
       7.841348870075807,
       43.898126146954375
      ],
      [
       7.843252438880471,
       43.895746685948545
      ],
      [
       7.843847304131929,
       43.88926265470766
      ],
      [
       7.846345738188051,
       43.88265965041648
      ],
      [
       7.851342606300294,
       43.8795663511089
      ],
      [
       7.854435905607874,
       43.877662782304235
      ],
      [
       7.856339474412538,
       43.87433153689607
      ],
      [
       7.857529204915453,
       43.87123823758849
      ],
      [
       7.856339474412538,
       43.86814493828091
      ],
      [
       7.855625636110789,
       43.86481369287275
      ],
      [
       7.856577420513121,
       43.861244501364006
      ],
      [
       7.858956881518951,
       43.85600968715118
      ],
      [
       7.858480989317785,
       43.8514887112401
      ],
      [
       7.858480989317785,
       43.84672978922844
      ],
      [
       7.8596707198207,
       43.84054319061328
      ],
      [
       7.8608604503236155,
       43.83816372960745
      ],
      [
       7.863477857430029,
       43.83316686149521
      ]
     ]
    ]
   },
   "properties": {
    "pid": "157935",
    "origin": "BAMap16",
    "notes": null,
    "strabo_name": null
   }
  },
  {
   "type": "Feature",
   "geometry": {
    "type": "MultiLineString",
    "coordinates": [
     [
      [
       6.822610400807968,
       44.2713485714872
      ],
      [
       6.818089424896891,
       44.27039678708487
      ],
      [
       6.813568448985813,
       44.269207056581955
      ],
      [
       6.8097613113764845,
       44.268493218280206
      ],
      [
       6.804050604962492,
       44.267541433877874
      ],
      [
       6.800719359554329,
       44.26635170337496
      ],
      [
       6.796912221945001,
       44.263020457966796
      ],
      [
       6.79524659924092,
       44.25945126645805
      ],
      [
       6.792867138235089,
       44.256595913251054
      ],
      [
       6.790249731128676,
       44.25397850614464
      ],
      [
       6.786918485720514,
       44.25159904513881
      ],
      [
       6.783825186412934,
       44.25136109903823
      ],
      [
       6.780493941004772,
       44.252788775641726
      ],
      [
       6.7785903722001075,
       44.25397850614464
      ],
      [
       6.776924749496026,
       44.25469234444639
      ],
      [
       6.774545288490196,
       44.25445439834581
      ],
      [
       6.7707381508808675,
       44.251836991239394
      ],
      [
       6.767168959372122,
       44.24945753023356
      ],
      [
       6.762410037360461,
       44.24684012312715
      ],
      [
       6.760268522455214,
       44.243984769920154
      ],
      [
       6.756937277047052,
       44.241843255014906
      ],
      [
       6.751464516733642,
       44.23874995570733
      ],
      [
       6.753130139437723,
       44.231611572689836
      ],
      [
       6.75051273233131,
       44.22851827338226
      ],
      [
       6.7478953252248965,
       44.22494908187351
      ],
      [
       6.745991756420232,
       44.2209039981636
      ],
      [
       6.744326133716151,
       44.21781069885602
      ],
      [
       6.744564079816734,
       44.21519329174961
      ],
      [
       6.744088187615568,
       44.211862046341444
      ],
      [
       6.741470780509155,
       44.2082928548327
      ],
      [
       6.743041224773003,
       44.20472366332395
      ],
      [
       6.743612295414402,
       44.20044063351346
      ],
      [
       6.745277918118483,
       44.1971093881053
      ],
      [
       6.7478953252248965,
       44.19187457389247
      ],
      [
       6.749085055727812,
       44.18616386747848
      ],
      [
       6.749798894029561,
       44.179025484460986
      ],
      [
       6.75051273233131,
       44.17379067024816
      ],
      [
       6.751702462834225,
       44.17069737094058
      ],
      [
       6.753843977739472,
       44.16736612553242
      ],
      [
       6.757651115348801,
       44.161655419118425
      ],
      [
       6.757651115348801,
       44.159275958112595
      ],
      [
       6.757175223147635,
       44.15570676660385
      ],
      [
       6.754795762141804,
       44.152137575095104
      ],
      [
       6.756223438745303,
       44.14785454528461
      ],
      [
       6.757889061449384,
       44.144285353775864
      ],
      [
       6.762172091259878,
       44.1423817849712
      ],
      [
       6.765979228869207,
       44.14000232396537
      ],
      [
       6.768120743774454,
       44.13714697075837
      ],
      [
       6.769548420377952,
       44.13405367145079
      ],
      [
       6.772165827484366,
       44.130960372143214
      ],
      [
       6.775021180691362,
       44.127867072835635
      ],
      [
       6.780731887105355,
       44.125487611829804
      ],
      [
       6.7859667013181815,
       44.12453582742747
      ],
      [
       6.789297946726344,
       44.12429788132689
      ],
      [
       6.792629192134506,
       44.12120458201931
      ],
      [
       6.7942948148385875,
       44.11882512101348
      ],
      [
       6.796674275844418,
       44.11668360610823
      ],
      [
       6.800957305654912,
       44.11596976780648
      ],
      [
       6.806668012068905,
       44.11478003730357
      ],
      [
       6.812140772382315,
       44.11406619900182
      ],
      [
       6.819517101500389,
       44.11263852239832
      ],
      [
       6.822515222367735,
       44.11002111529191
      ],
      [
       6.828321107221961,
       44.106689869883745
      ],
      [
       6.833317975334205,
       44.106689869883745
      ],
      [
       6.838790735647614,
       44.10716576208491
      ],
      [
       6.843454479219042,
       44.105976031581996
      ],
      [
       6.846642956966854,
       44.1045483549785
      ],
      [
       6.848546525771519,
       44.100503271268586
      ],
      [
       6.850688040676766,
       44.095744349256925
      ],
      [
       6.853305447783179,
       44.091699265547014
      ],
      [
       6.85497107048726,
       44.0890818584406
      ],
      [
       6.8556849087890095,
       44.08503677473069
      ],
      [
       6.857350531493091,
       44.083133205926025
      ],
      [
       6.857826423694257,
       44.07956401441728
      ],
      [
       6.856398747090759,
       44.07551893070737
      ],
      [
       6.8559228548895925,
       44.072187685299205
      ],
      [
       6.854257232185511,
       44.069094385991626
      ],
      [
       6.854495178286094,
       44.066714924985796
      ],
      [
       6.8559228548895925,
       44.0652872483823
      ],
      [
       6.8559228548895925,
       44.06338367957763
      ],
      [
       6.853067501682596,
       44.057197080962474
      ],
      [
       6.851401878978515,
       44.05529351215781
      ],
      [
       6.849260364073268,
       44.054817619956644
      ],
      [
       6.84711884916802,
       44.052438158950814
      ],
      [
       6.846405010866271,
       44.04886896744207
      ],
      [
       6.845691172564522,
       44.045537722033906
      ],
      [
       6.841646088854611,
       44.04220647662574
      ],
      [
       6.838552789547031,
       44.039113177318164
      ],
      [
       6.834031813635954,
       44.036019878010585
      ],
      [
       6.83141440652954,
       44.03387836310534
      ],
      [
       6.827845215020795,
       44.03173684820009
      ],
      [
       6.823324239109717,
       44.028881494993094
      ],
      [
       6.81880326319864,
       44.02721587228901
      ],
      [
       6.81570996389106,
       44.02531230348435
      ],
      [
       6.812854610684064,
       44.02412257298143
      ],
      [
       6.811664880181149,
       44.02245695027735
      ],
      [
       6.808809526974152,
       44.02007748927152
      ],
      [
       6.807619796471237,
       44.01817392046686
      ],
      [
       6.807143904270071,
       44.01508062115928
      ],
      [
       6.803336766660743,
       44.01270116015345
      ],
      [
       6.80000552125258,
       44.01127348354995
      ],
      [
       6.796817043504768,
       44.0091319686447
      ],
      [
       6.7938189226374215,
       44.00841813034295
      ],
      [
       6.791201515531008,
       44.00580072323654
      ],
      [
       6.788108216223429,
       44.003897154431876
      ],
      [
       6.784063132513517,
       44.00246947782838
      ],
      [
       6.780731887105355,
       43.999138232420215
      ],
      [
       6.775972965093694,
       43.99556904091147
      ],
      [
       6.769786366478535,
       43.99223779550331
      ],
      [
       6.767168959372122,
       43.989620388396894
      ],
      [
       6.764075660064543,
       43.98700298129048
      ],
      [
       6.7633618217627935,
       43.98224405927882
      ],
      [
       6.7631238756622105,
       43.979626652172406
      ],
      [
       6.761601020618483,
       43.97653335286483
      ],
      [
       6.759697451813818,
       43.97296416135608
      ],
      [
       6.760268522455214,
       43.972488269154915
      ],
      [
       6.7633618217627935,
       43.97225032305433
      ],
      [
       6.768739403635974,
       43.97225032305433
      ],
      [
       6.773831450188447,
       43.97201237695375
      ],
      [
       6.777638587797775,
       43.97058470035025
      ],
      [
       6.781445725407104,
       43.96891907764617
      ],
      [
       6.7843010786141,
       43.967729347143255
      ],
      [
       6.788346162324012,
       43.96677756274092
      ],
      [
       6.791915353832757,
       43.96439810173509
      ],
      [
       6.796198383643252,
       43.96249453293043
      ],
      [
       6.800243467353163,
       43.96082891022635
      ],
      [
       6.803574712761326,
       43.958211503119934
      ],
      [
       6.808095688672403,
       43.95321463500769
      ],
      [
       6.810713095778817,
       43.94988338959953
      ],
      [
       6.816304829142516,
       43.952024904504775
      ],
      [
       6.820349912852428,
       43.95321463500769
      ],
      [
       6.82368115826059,
       43.953690527208856
      ],
      [
       6.828440080272251,
       43.95321463500769
      ],
      [
       6.830581595177498,
       43.954404365510605
      ],
      [
       6.83391284058566,
       43.953690527208856
      ],
      [
       6.837244085993823,
       43.953690527208856
      ],
      [
       6.8424789002066495,
       43.955118203812354
      ],
      [
       6.846523983916561,
       43.95535614991294
      ],
      [
       6.85271058253172,
       43.9558320421141
      ],
      [
       6.857231558442797,
       43.95654588041585
      ],
      [
       6.862466372655624,
       43.95559409601352
      ],
      [
       6.866273510264953,
       43.95559409601352
      ],
      [
       6.869128863471949,
       43.9558320421141
      ],
      [
       6.8731739471818605,
       43.954404365510605
      ],
      [
       6.877932869193521,
       43.95416641941002
      ],
      [
       6.884833306110429,
       43.953690527208856
      ],
      [
       6.8891163359209235,
       43.955118203812354
      ],
      [
       6.892685527429669,
       43.95488025771177
      ],
      [
       6.899348018245994,
       43.955118203812354
      ],
      [
       6.905772562961736,
       43.95488025771177
      ],
      [
       6.91314889207981,
       43.95535614991294
      ],
      [
       6.918145760192053,
       43.95416641941002
      ],
      [
       6.925997981511293,
       43.95416641941002
      ],
      [
       6.931946634025869,
       43.954404365510605
      ],
      [
       6.938609124842194,
       43.95250079670594
      ],
      [
       6.9426542085521055,
       43.95297668890711
      ],
      [
       6.9476034874442325,
       43.95321463500769
      ],
      [
       6.953314193858225,
       43.95226285060536
      ],
      [
       6.957121331467554,
       43.952024904504775
      ],
      [
       6.961642307378631,
       43.95083517400186
      ],
      [
       6.964973552786794,
       43.949645443498945
      ],
      [
       6.972825774106034,
       43.948217766895446
      ],
      [
       6.9782985344194435,
       43.94988338959953
      ],
      [
       6.984247186934019,
       43.95012133570011
      ],
      [
       6.989719947247429,
       43.948931605197195
      ],
      [
       6.996501411114044,
       43.94679009029195
      ],
      [
       7.0034018480309514,
       43.94536241368845
      ],
      [
       7.0117299615513575,
       43.94631419809078
      ],
      [
       7.0188683445688484,
       43.94679009029195
      ],
      [
       7.0271964580892545,
       43.94560035978903
      ],
      [
       7.036714302112576,
       43.9446485753867
      ],
      [
       7.044804469532399,
       43.944172683185535
      ],
      [
       7.050753122046975,
       43.943458844883786
      ],
      [
       7.056225882360384,
       43.94155527607912
      ],
      [
       7.060746858271462,
       43.93774813846979
      ],
      [
       7.065363012622774,
       43.93227537815638
      ],
      [
       7.071502022017815,
       43.93513073136338
      ],
      [
       7.076974782331225,
       43.93513073136338
      ],
      [
       7.081495758242302,
       43.93370305475988
      ],
      [
       7.086540215574664,
       43.9334651086593
      ],
      [
       7.09010940708341,
       43.92965797104997
      ],
      [
       7.09796162840265,
       43.928468240547055
      ],
      [
       7.1069559910046864,
       43.92894413274822
      ],
      [
       7.113142589619845,
       43.931561539854634
      ],
      [
       7.120518918737919,
       43.934654839162214
      ],
      [
       7.124801948548414,
       43.93584456966513
      ],
      [
       7.134676711722608,
       43.9348927852628
      ],
      [
       7.142528933041848,
       43.933227162558715
      ],
      [
       7.144432501846512,
       43.932513324256966
      ],
      [
       7.1477637472546744,
       43.930847701552885
      ],
      [
       7.149667316059339,
       43.92942002494939
      ],
      [
       7.150619100461671,
       43.92632672564181
      ],
      [
       7.157043645177413,
       43.92323342633423
      ],
      [
       7.162992297691988,
       43.92109191142898
      ],
      [
       7.171796303413561,
       43.92014012702665
      ],
      [
       7.176079333224055,
       43.91633298941732
      ],
      [
       7.181314147436882,
       43.91419147451207
      ],
      [
       7.186311015549125,
       43.912049959606826
      ],
      [
       7.187738692152624,
       43.90919460639983
      ],
      [
       7.188452530454373,
       43.90633925319283
      ],
      [
       7.189404314856705,
       43.90348389998584
      ],
      [
       7.189071190315892,
       43.89991470847709
      ],
      [
       7.189880207057871,
       43.89491784036485
      ],
      [
       7.189166368756122,
       43.89063481055435
      ],
      [
       7.190118153158454,
       43.88658972684444
      ],
      [
       7.188928422655539,
       43.882068750933364
      ],
      [
       7.189166368756122,
       43.87945134382695
      ],
      [
       7.190356099259037,
       43.87540626011704
      ],
      [
       7.193449398566616,
       43.873502691312375
      ],
      [
       7.1959716272328,
       43.871123230306544
      ],
      [
       7.197494482276528,
       43.8689817154013
      ],
      [
       7.197399303836298,
       43.864936631691386
      ],
      [
       7.196923411635132,
       43.86231922458497
      ],
      [
       7.195352967371281,
       43.857798248673895
      ],
      [
       7.1948770751701145,
       43.855418787668064
      ],
      [
       7.193449398566616,
       43.85446700326573
      ],
      [
       7.191069937560786,
       43.85375316496398
      ],
      [
       7.189404314856705,
       43.85280138056165
      ],
      [
       7.189880207057871,
       43.85113575785757
      ],
      [
       7.191307883661369,
       43.84875629685174
      ],
      [
       7.19297350636545,
       43.846852728047075
      ],
      [
       7.19297350636545,
       43.845187105342994
      ],
      [
       7.191783775862535,
       43.84328353653833
      ],
      [
       7.189166368756122,
       43.84019023723075
      ],
      [
       7.189166368756122,
       43.837334884023754
      ],
      [
       7.189404314856705,
       43.83519336911851
      ],
      [
       7.189166368756122,
       43.83233801591151
      ],
      [
       7.189642260957288,
       43.82924471660393
      ],
      [
       7.189071190315892,
       43.82519963289402
      ],
      [
       7.189309136416475,
       43.82210633358644
      ],
      [
       7.189642260957288,
       43.81758535767536
      ],
      [
       7.189642260957288,
       43.81401616616662
      ],
      [
       7.191545829761952,
       43.81116081295962
      ],
      [
       7.1946391290695315,
       43.80711572924971
      ],
      [
       7.197732428377111,
       43.803546537740964
      ],
      [
       7.201777512087022,
       43.8002152923328
      ],
      [
       7.205822595796934,
       43.79831172352814
      ],
      [
       7.209153841205096,
       43.79617020862289
      ],
      [
       7.21177124831151,
       43.79283896321473
      ],
      [
       7.213674817116174,
       43.78998361000773
      ],
      [
       7.214626601518506,
       43.78736620290132
      ],
      [
       7.214626601518506,
       43.78451084969432
      ],
      [
       7.213674817116174,
       43.78117960428616
      ],
      [
       7.21177124831151,
       43.77880014328033
      ],
      [
       7.2096297334062625,
       43.774993005671
      ],
      [
       7.207488218501015,
       43.77166176026284
      ],
      [
       7.203681080891687,
       43.769044353156424
      ],
      [
       7.199873943282358,
       43.765951053848845
      ],
      [
       7.197018590075362,
       43.762857754541265
      ],
      [
       7.1946391290695315,
       43.759764455233686
      ],
      [
       7.191783775862535,
       43.75690910202669
      ],
      [
       7.190356099259037,
       43.75405374881969
      ],
      [
       7.189404314856705,
       43.75143634171328
      ],
      [
       7.187976638253207,
       43.74858098850628
      ],
      [
       7.1870248538508745,
       43.74667741970162
      ],
      [
       7.18512128504621,
       43.74453590479637
      ],
      [
       7.184883338945627,
       43.74120465938821
      ],
      [
       7.18512128504621,
       43.73811136008063
      ],
      [
       7.18512128504621,
       43.73311449196839
      ],
      [
       7.185359231146793,
       43.73002119266081
      ],
      [
       7.186073069448542,
       43.72573816285031
      ],
      [
       7.187738692152624,
       43.721931025240984
      ],
      [
       7.188690476554956,
       43.71788594153107
      ],
      [
       7.188690476554956,
       43.714078803921744
      ],
      [
       7.189880207057871,
       43.71074755851358
      ],
      [
       7.190831991460203,
       43.70408506769726
      ],
      [
       7.192259668063701,
       43.700039983987345
      ],
      [
       7.193925290767782,
       43.6964707924786
      ],
      [
       7.1948770751701145,
       43.69099803216519
      ],
      [
       7.195352967371281,
       43.688142678958194
      ],
      [
       7.196542697874196,
       43.68457348744945
      ],
      [
       7.198684212779443,
       43.67910072713604
      ],
      [
       7.199160104980609,
       43.67315207462146
      ],
      [
       7.199635997181775,
       43.66910699091155
      ],
      [
       7.199635997181775,
       43.66720342210689
      ],
      [
       7.199635997181775,
       43.66506190720164
      ],
      [
       7.200111889382941,
       43.66054093129056
      ]
     ]
    ]
   },
   "properties": {
    "pid": "157942",
    "origin": "BAMap16",
    "notes": "not sure what's happening near mouth on BA scan",
    "strabo_name": "Varus"
   }
  },
  {
   "type": "Feature",
   "geometry": {
    "type": "MultiLineString",
    "coordinates": [
     [
      [
       6.179924873860334,
       48.08768983680931
      ],
      [
       6.165350675199624,
       48.08382321267484
      ],
      [
       6.159699455310777,
       48.08263348217192
      ],
      [
       6.153453370170473,
       48.08322834742338
      ],
      [
       6.149884178661727,
       48.08322834742338
      ],
      [
       6.1454226892757955,
       48.08114631904328
      ],
      [
       6.1397714693869485,
       48.081741184294735
      ],
      [
       6.1356074126267455,
       48.08263348217192
      ],
      [
       6.130551057989356,
       48.081741184294735
      ],
      [
       6.1243049728490515,
       48.081741184294735
      ],
      [
       6.116869157205832,
       48.08114631904328
      ],
      [
       6.111217937316985,
       48.084120645300565
      ],
      [
       6.106161582679595,
       48.0885821346865
      ],
      [
       6.101105228042206,
       48.091853893569514
      ],
      [
       6.097833469159189,
       48.094233354575344
      ],
      [
       6.090992518767427,
       48.0948282198268
      ],
      [
       6.086531029381495,
       48.09453078720107
      ],
      [
       6.080284944241191,
       48.09542308507826
      ],
      [
       6.070172234966412,
       48.09839741133555
      ],
      [
       6.062736419323193,
       48.09958714183846
      ],
      [
       6.057977497311533,
       48.10018200708992
      ],
      [
       6.052921142674143,
       48.098992276587005
      ],
      [
       6.049946816416855,
       48.09601795032972
      ],
      [
       6.049946816416855,
       48.091259028318056
      ],
      [
       6.0481622206624825,
       48.0885821346865
      ],
      [
       6.04637762490811,
       48.08560780842921
      ],
      [
       6.04637762490811,
       48.08293091479765
      ],
      [
       6.0481622206624825,
       48.08025402116609
      ],
      [
       6.048459653288211,
       48.07757712753453
      ],
      [
       6.045187894405195,
       48.07608996440589
      ],
      [
       6.043059028201987,
       48.07404041427784
      ],
      [
       6.043356460827716,
       48.07076865539482
      ],
      [
       6.039239241890619,
       48.066869553008296
      ],
      [
       6.034777752504687,
       48.06419265937674
      ],
      [
       6.032100858873128,
       48.062110630996635
      ],
      [
       6.030613695744484,
       48.05794657423643
      ],
      [
       6.028829099990111,
       48.05526968060487
      ],
      [
       6.026449638984281,
       48.05378251747623
      ],
      [
       6.023772745352722,
       48.05407995010196
      ],
      [
       6.019906121218248,
       48.0534850848505
      ],
      [
       6.015147199206587,
       48.051997921721856
      ],
      [
       6.015444631832316,
       48.05021332596748
      ],
      [
       6.017526660212417,
       48.04902359546457
      ],
      [
       6.0187163907153325,
       48.04634670183301
      ],
      [
       6.0172292275866885,
       48.042777510324264
      ],
      [
       6.014849766580858,
       48.042480077698535
      ],
      [
       6.011578007697842,
       48.04366980820145
      ],
      [
       6.0089011140662825,
       48.04426467345291
      ],
      [
       6.00206016367452,
       48.04129034719562
      ],
      [
       5.995814078534216,
       48.040100616692705
      ],
      [
       5.991055156522555,
       48.0380185883126
      ],
      [
       5.98748596501381,
       48.037423723061146
      ],
      [
       5.981834745124963,
       48.0380185883126
      ],
      [
       5.976183525236116,
       48.03920831881552
      ],
      [
       5.969640007470082,
       48.03861345356406
      ],
      [
       5.964881085458422,
       48.03891088618979
      ],
      [
       5.961609326575405,
       48.037721155686874
      ],
      [
       5.961311893949676,
       48.035044262055315
      ],
      [
       5.965773383335608,
       48.03355709892667
      ],
      [
       5.97023487272154,
       48.0338545315524
      ],
      [
       5.974993794733201,
       48.03444939680386
      ],
      [
       5.978860418867675,
       48.0338545315524
      ],
      [
       5.978265553616217,
       48.0317725031723
      ],
      [
       5.975588659984658,
       48.03088020529511
      ],
      [
       5.969045142218625,
       48.0296904747922
      ],
      [
       5.965475950709879,
       48.02939304216647
      ],
      [
       5.960122163446761,
       48.02641871590918
      ],
      [
       5.95566067406083,
       48.023146957026164
      ],
      [
       5.9538760783064575,
       48.020470063394605
      ],
      [
       5.947035127914695,
       48.02076749602033
      ],
      [
       5.940491610148662,
       48.020172630768876
      ],
      [
       5.930676333499612,
       48.01690087188586
      ],
      [
       5.925025113610765,
       48.01719830451159
      ],
      [
       5.9214559221020195,
       48.01868546764023
      ],
      [
       5.917886730593274,
       48.01957776551742
      ],
      [
       5.916102134838901,
       48.017793169763046
      ],
      [
       5.91639956746463,
       48.01511627613149
      ],
      [
       5.914317539084529,
       48.01184451724847
      ],
      [
       5.910153482324326,
       48.00916762361691
      ],
      [
       5.9116406454529695,
       48.005895864733894
      ],
      [
       5.916102134838901,
       48.00262410585088
      ],
      [
       5.9187790284704604,
       48.00113694272223
      ],
      [
       5.917886730593274,
       47.9987574817164
      ],
      [
       5.911343212827241,
       47.9966754533363
      ],
      [
       5.9059894255641225,
       47.99637802071057
      ],
      [
       5.898553609920903,
       47.993701127079014
      ],
      [
       5.892902390032056,
       47.99191653132464
      ],
      [
       5.8905229290262255,
       47.98894220506735
      ],
      [
       5.8905229290262255,
       47.98507558093288
      ],
      [
       5.892604957406327,
       47.98061409154695
      ],
      [
       5.890225496400497,
       47.976450034786744
      ],
      [
       5.888440900646124,
       47.974070573780914
      ],
      [
       5.889035765897582,
       47.97020394964644
      ],
      [
       5.889630631149039,
       47.96722962338915
      ],
      [
       5.888738333271853,
       47.96455272975759
      ],
      [
       5.885169141763107,
       47.961280970874576
      ],
      [
       5.882789680757277,
       47.9574143467401
      ],
      [
       5.883384546008735,
       47.95562975098573
      ],
      [
       5.887846035394666,
       47.9532502899799
      ],
      [
       5.892604957406327,
       47.95265542472844
      ],
      [
       5.895579283663615,
       47.9511682615998
      ],
      [
       5.905691992938394,
       47.94730163746532
      ],
      [
       5.910748347575783,
       47.94878880059397
      ],
      [
       5.914614971710257,
       47.949086233219695
      ],
      [
       5.9187790284704604,
       47.94997853109688
      ],
      [
       5.920861056850562,
       47.94968109847115
      ],
      [
       5.921753354727748,
       47.94819393534251
      ],
      [
       5.921158489476291,
       47.946409339588136
      ],
      [
       5.9187790284704604,
       47.94551704171095
      ],
      [
       5.912830375955885,
       47.94581447433668
      ],
      [
       5.911343212827241,
       47.944624743833764
      ],
      [
       5.910748347575783,
       47.94224528282793
      ],
      [
       5.913425241207342,
       47.939568389196374
      ],
      [
       5.918184163219003,
       47.94046068707356
      ],
      [
       5.9229430852306635,
       47.94016325444783
      ],
      [
       5.926512276739409,
       47.93629663031336
      ],
      [
       5.9271071419908665,
       47.932132573553154
      ],
      [
       5.930973766125341,
       47.929753112547324
      ],
      [
       5.9369224186399165,
       47.92886081467014
      ],
      [
       5.9425736385287635,
       47.92886081467014
      ],
      [
       5.947332560540424,
       47.9273736515415
      ],
      [
       5.952686347803542,
       47.9252916231614
      ],
      [
       5.956850404563745,
       47.91845067276964
      ],
      [
       5.959824730821033,
       47.911907155003604
      ],
      [
       5.967260546464252,
       47.91012255924923
      ],
      [
       5.974993794733201,
       47.91041999187496
      ],
      [
       5.979455284119132,
       47.91220458762933
      ],
      [
       5.9836193408793354,
       47.91517891388662
      ],
      [
       5.98748596501381,
       47.916368644389536
      ],
      [
       5.990757723896826,
       47.91755837489245
      ],
      [
       5.995814078534216,
       47.91726094226672
      ],
      [
       5.994326915405572,
       47.91369175075798
      ],
      [
       5.995219213282758,
       47.9098251266235
      ],
      [
       5.997896106914317,
       47.906850800366215
      ],
      [
       5.996408943785673,
       47.90328160885747
      ],
      [
       5.991055156522555,
       47.901497013103096
      ],
      [
       5.985403936633708,
       47.90119958047737
      ],
      [
       5.9821321777506915,
       47.89852268684581
      ],
      [
       5.974993794733201,
       47.89257403433123
      ],
      [
       5.968450276967167,
       47.88870741019676
      ],
      [
       5.963096489704049,
       47.88573308393947
      ],
      [
       5.960122163446762,
       47.881866459804996
      ],
      [
       5.952091482552085,
       47.87175375053022
      ],
      [
       5.939599312271476,
       47.862235906506896
      ],
      [
       5.925619978862223,
       47.85866671499815
      ],
      [
       5.921158489476291,
       47.85450265823795
      ],
      [
       5.918184163219003,
       47.8509334667292
      ],
      [
       5.915209836961715,
       47.84379508371171
      ],
      [
       5.915209836961715,
       47.83933359432578
      ],
      [
       5.919076461096189,
       47.833087509185475
      ],
      [
       5.923537950482121,
       47.82981575030246
      ],
      [
       5.931866064002527,
       47.828328587173814
      ],
      [
       5.941978773277306,
       47.82535426091653
      ],
      [
       5.951199184674898,
       47.823272232536425
      ],
      [
       5.956552971938017,
       47.82119020415632
      ],
      [
       5.964583652832693,
       47.820892771530595
      ],
      [
       5.9708297379729975,
       47.81970304102768
      ],
      [
       5.975588659984658,
       47.815836416893205
      ],
      [
       5.984214206130793,
       47.80393911186406
      ],
      [
       5.991055156522555,
       47.79442126784074
      ],
      [
       5.996408943785673,
       47.78966234582908
      ],
      [
       6.00206016367452,
       47.78460599119169
      ],
      [
       6.006521653060452,
       47.78014450180576
      ],
      [
       6.00949597931774,
       47.77508814716837
      ],
      [
       6.013957468703672,
       47.77003179253098
      ],
      [
       6.01931125596679,
       47.76646260102223
      ],
      [
       6.024070177978451,
       47.76289340951349
      ],
      [
       6.030613695744484,
       47.75545759387027
      ],
      [
       6.0326957241245855,
       47.75069867185861
      ],
      [
       6.034777752504687,
       47.74058596258383
      ],
      [
       6.039239241890619,
       47.73582704057217
      ],
      [
       6.042213568147907,
       47.731960416437694
      ],
      [
       6.042808433399364,
       47.72868865755468
      ],
      [
       6.041023837644992,
       47.72511946604593
      ],
      [
       6.033588022001772,
       47.724524600794474
      ],
      [
       6.031208560995942,
       47.72333487029156
      ],
      [
       6.028234234738654,
       47.72155027453719
      ],
      [
       6.028829099990111,
       47.71798108302844
      ],
      [
       6.030613695744484,
       47.714709324145424
      ],
      [
       6.035444752983329,
       47.708495717257215
      ],
      [
       6.03656234825906,
       47.70281201911627
      ],
      [
       6.037157213510517,
       47.69329417509295
      ],
      [
       6.036264915633331,
       47.68794038782983
      ],
      [
       6.034777752504687,
       47.682884033192444
      ],
      [
       6.029423965241569,
       47.679909706935156
      ],
      [
       6.0243676106041795,
       47.6772328133036
      ],
      [
       6.017824092838146,
       47.67187902604048
      ],
      [
       6.014849766580858,
       47.66801240190601
      ],
      [
       6.014254901329401,
       47.664740643022995
      ],
      [
       6.015742064458045,
       47.66087401888852
      ],
      [
       6.015742064458045,
       47.65611509687686
      ],
      [
       6.012767738200757,
       47.65284333799384
      ],
      [
       6.006819085686181,
       47.6513561748652
      ],
      [
       6.000275567920148,
       47.652545905368115
      ],
      [
       5.99224488702547,
       47.65641252950259
      ],
      [
       5.985106504007979,
       47.65938685575988
      ],
      [
       5.98005014937059,
       47.662361182017165
      ],
      [
       5.975291227358929,
       47.66265861464289
      ],
      [
       5.97023487272154,
       47.66414577777154
      ],
      [
       5.966070815961337,
       47.66414577777154
      ],
      [
       5.963393922329778,
       47.66295604726862
      ],
      [
       5.963393922329778,
       47.65908942313415
      ],
      [
       5.964286220206964,
       47.65581766425113
      ],
      [
       5.9666656812127945,
       47.6513561748652
      ],
      [
       5.965773383335608,
       47.64838184860791
      ],
      [
       5.968747709592896,
       47.64421779184771
      ],
      [
       5.97023487272154,
       47.63916143721032
      ],
      [
       5.970532305347269,
       47.6317256215671
      ],
      [
       5.973804064230285,
       47.62875129530981
      ],
      [
       5.976778390487573,
       47.62726413218117
      ],
      [
       5.976183525236116,
       47.62428980592388
      ],
      [
       5.972911766353099,
       47.62250521016951
      ],
      [
       5.968450276967167,
       47.620423181789405
      ],
      [
       5.964881085458422,
       47.617746288157846
      ],
      [
       5.958932432943846,
       47.61715142290639
      ],
      [
       5.951496617300627,
       47.6162591250292
      ],
      [
       5.945250532160323,
       47.61655655765493
      ],
      [
       5.939896744897204,
       47.61655655765493
      ],
      [
       5.937517283891374,
       47.61863858603503
      ],
      [
       5.9369224186399165,
       47.62250521016951
      ],
      [
       5.940194177522933,
       47.627858997432625
      ],
      [
       5.941383908025848,
       47.63321278469574
      ],
      [
       5.939896744897204,
       47.640053735087506
      ],
      [
       5.939599312271476,
       47.642433196093336
      ],
      [
       5.936327553388459,
       47.64213576346761
      ],
      [
       5.929189170370968,
       47.64213576346761
      ],
      [
       5.922645652604935,
       47.640053735087506
      ],
      [
       5.920563624224833,
       47.63826913933313
      ],
      [
       5.920563624224833,
       47.63321278469574
      ],
      [
       5.919373893721918,
       47.630535891064184
      ],
      [
       5.916102134838901,
       47.629643593187
      ],
      [
       5.9131278085816135,
       47.629643593187
      ],
      [
       5.909261184447139,
       47.627858997432625
      ],
      [
       5.907179156067038,
       47.62488467117534
      ],
      [
       5.900933070926733,
       47.62131547966659
      ],
      [
       5.898553609920903,
       47.617746288157846
      ],
      [
       5.897958744669445,
       47.61477196190056
      ],
      [
       5.900040773049547,
       47.610905337766084
      ],
      [
       5.900040773049547,
       47.608525876760254
      ],
      [
       5.897958744669445,
       47.60674128100588
      ],
      [
       5.8943895531607,
       47.60733614625734
      ],
      [
       5.890225496400497,
       47.607931011508796
      ],
      [
       5.881897382880091,
       47.606146415754424
      ],
      [
       5.87951792187426,
       47.60376695474859
      ],
      [
       5.872974404108227,
       47.60138749374276
      ],
      [
       5.86970264522521,
       47.59930546536266
      ],
      [
       5.870000077850939,
       47.5966285717311
      ],
      [
       5.871487240979583,
       47.593356812848086
      ],
      [
       5.872974404108227,
       47.59067991921653
      ],
      [
       5.873271836733956,
       47.588300458210696
      ],
      [
       5.870297510476668,
       47.58473126670195
      ],
      [
       5.866133453716465,
       47.583838968824764
      ],
      [
       5.860779666453347,
       47.583541536199036
      ],
      [
       5.85750790757033,
       47.58532613195341
      ],
      [
       5.85274898555867,
       47.5903824865908
      ],
      [
       5.849477226675654,
       47.59543884122819
      ],
      [
       5.847692630921281,
       47.59692600435683
      ],
      [
       5.840256815278061,
       47.598413167485475
      ],
      [
       5.8369850563950445,
       47.598115734859746
      ],
      [
       5.83311843226057,
       47.594546543351
      ],
      [
       5.832523567009113,
       47.59067991921653
      ],
      [
       5.831631269131926,
       47.588300458210696
      ],
      [
       5.8328209996348415,
       47.583838968824764
      ],
      [
       5.831631269131926,
       47.581459507818934
      ],
      [
       5.828062077623181,
       47.578782614187375
      ],
      [
       5.821221127231419,
       47.578485181561646
      ],
      [
       5.814677609465385,
       47.581162075193205
      ],
      [
       5.805457198067793,
       47.58324410357331
      ],
      [
       5.798318815050302,
       47.58502869932768
      ],
      [
       5.7864215100211505,
       47.58324410357331
      ],
      [
       5.782852318512405,
       47.58086464256748
      ],
      [
       5.778688261752202,
       47.57937747943883
      ],
      [
       5.77422677236627,
       47.57997234469029
      ],
      [
       5.7709550134832535,
       47.58026977731602
      ],
      [
       5.76679095672305,
       47.57759288368446
      ],
      [
       5.75459621906817,
       47.5707519332927
      ],
      [
       5.74507837504485,
       47.564208415526664
      ],
      [
       5.741806616161833,
       47.56123408926938
      ],
      [
       5.7412117509103755,
       47.55796233038636
      ],
      [
       5.743293779290477,
       47.55469057150334
      ],
      [
       5.747755268676409,
       47.5511213799946
      ],
      [
       5.751621892810882,
       47.54874191898877
      ],
      [
       5.753703921190984,
       47.54606502535721
      ],
      [
       5.753703921190984,
       47.54249583384846
      ],
      [
       5.752514190688069,
       47.53833177708826
      ],
      [
       5.750134729682239,
       47.534762585579514
      ],
      [
       5.746565538173494,
       47.53387028770233
      ],
      [
       5.743293779290477,
       47.53624974870816
      ],
      [
       5.73764255940163,
       47.542198401222734
      ],
      [
       5.733775935267156,
       47.541900968597005
      ],
      [
       5.727232417501122,
       47.54368556435138
      ],
      [
       5.722473495489462,
       47.541900968597005
      ],
      [
       5.716822275600615,
       47.54279326647419
      ],
      [
       5.711468488337497,
       47.54249583384846
      ],
      [
       5.708494162080209,
       47.54071123809409
      ],
      [
       5.70581726844865,
       47.536844613959616
      ],
      [
       5.705222403197192,
       47.53268055719941
      ],
      [
       5.703735240068548,
       47.52881393306494
      ],
      [
       5.699273750682616,
       47.527326769936295
      ],
      [
       5.695109693922413,
       47.52762420256202
      ],
      [
       5.691837935039397,
       47.53089596144504
      ],
      [
       5.687376445653465,
       47.53416772032806
      ],
      [
       5.680832927887431,
       47.53595231608243
      ],
      [
       5.674289410121398,
       47.536844613959616
      ],
      [
       5.665366431349534,
       47.53624974870816
      ],
      [
       5.6597152114606875,
       47.534762585579514
      ],
      [
       5.656146019951942,
       47.532085691947955
      ],
      [
       5.656146019951942,
       47.52762420256202
      ],
      [
       5.657335750454857,
       47.522567847924634
      ],
      [
       5.657335750454857,
       47.515132032281414
      ],
      [
       5.656146019951942,
       47.50799364926392
      ],
      [
       5.655028424676212,
       47.50386207075582
      ],
      [
       5.654658856823298,
       47.49907067049206
      ],
      [
       5.660310076712145,
       47.495204046357586
      ],
      [
       5.665366431349534,
       47.4922297201003
      ],
      [
       5.668340757606822,
       47.48866052859155
      ],
      [
       5.668638190232551,
       47.485686202334264
      ],
      [
       5.663581835595162,
       47.48241444345125
      ],
      [
       5.658525480957772,
       47.47854781931677
      ],
      [
       5.651089665314553,
       47.47973754981969
      ],
      [
       5.646330743302892,
       47.477952954065316
      ],
      [
       5.638597495033944,
       47.47527606043376
      ],
      [
       5.634433438273741,
       47.473194032053655
      ],
      [
       5.6284847857591656,
       47.473194032053655
      ],
      [
       5.623428431121776,
       47.47200430155074
      ],
      [
       5.6174797786072,
       47.470517138422096
      ],
      [
       5.615397750227099,
       47.46932740791918
      ],
      [
       5.614802884975641,
       47.46516335115898
      ],
      [
       5.617182345981472,
       47.463081322778876
      ],
      [
       5.614802884975641,
       47.461296727024504
      ],
      [
       5.609746530338252,
       47.46159415965023
      ],
      [
       5.600228686314931,
       47.45980956389586
      ],
      [
       5.591900572794525,
       47.45683523763857
      ],
      [
       5.586546785531406,
       47.452968613504105
      ],
      [
       5.576136643630899,
       47.453860911381284
      ],
      [
       5.567808530110493,
       47.453860911381284
      ],
      [
       5.559182983964358,
       47.453860911381284
      ],
      [
       5.554721494578426,
       47.45148145037546
      ],
      [
       5.550260005192494,
       47.44642509573807
      ],
      [
       5.550260005192494,
       47.44107130847495
      ],
      [
       5.550854870443952,
       47.438096982217665
      ],
      [
       5.550260005192494,
       47.43512265596038
      ],
      [
       5.54639338105802,
       47.43393292545746
      ],
      [
       5.540444728543444,
       47.43363549283173
      ],
      [
       5.536280671783241,
       47.43274319495455
      ],
      [
       5.533306345525954,
       47.43185089707736
      ],
      [
       5.52943972139148,
       47.42738940769143
      ],
      [
       5.53181918239731,
       47.42441508143414
      ],
      [
       5.536280671783241,
       47.42173818780258
      ],
      [
       5.539254998040529,
       47.418168996293836
      ],
      [
       5.535388373906056,
       47.416086967913735
      ],
      [
       5.528844856140022,
       47.41430237215936
      ],
      [
       5.519327012116701,
       47.411328045902074
      ],
      [
       5.51218862909921,
       47.40775885439333
      ],
      [
       5.506834841836092,
       47.40716398914187
      ],
      [
       5.5032656503273465,
       47.40805628701906
      ],
      [
       5.498506728315686,
       47.40775885439333
      ],
      [
       5.497019565187042,
       47.4053793933875
      ],
      [
       5.496127267309856,
       47.40240506713022
      ],
      [
       5.496424699935584,
       47.398241010370015
      ],
      [
       5.494045238929754,
       47.394969251487
      ],
      [
       5.4919632105496525,
       47.390805194726795
      ],
      [
       5.493152941052568,
       47.38783086846951
      ],
      [
       5.493747806304025,
       47.38426167696076
      ],
      [
       5.489583749543822,
       47.380692485452016
      ],
      [
       5.486609423286534,
       47.37504126556317
      ],
      [
       5.484824827532162,
       47.36939004567432
      ],
      [
       5.484824827532162,
       47.36314396053402
      ],
      [
       5.486609423286534,
       47.358682471148086
      ],
      [
       5.488691451666636,
       47.353626116510696
      ],
      [
       5.489881182169551,
       47.34767746399612
      ],
      [
       5.487204288537992,
       47.341728811481545
      ],
      [
       5.484229962280704,
       47.33756475472134
      ],
      [
       5.48036333814623,
       47.33578015896697
      ],
      [
       5.470250628871451,
       47.33964678310144
      ],
      [
       5.464301976356875,
       47.34053908097863
      ],
      [
       5.460137919596672,
       47.33756475472134
      ],
      [
       5.452404671327724,
       47.333995563212596
      ],
      [
       5.442886827304402,
       47.33310326533541
      ],
      [
       5.43604587691264,
       47.33102123695531
      ],
      [
       5.428015196017963,
       47.33012893907812
      ],
      [
       5.423553706632032,
       47.32834434332375
      ],
      [
       5.422661408754846,
       47.32626231494365
      ],
      [
       5.4229588413805745,
       47.324180286563546
      ],
      [
       5.424743437134947,
       47.32299055606063
      ],
      [
       5.425933167637862,
       47.32090852768053
      ],
      [
       5.422661408754846,
       47.31823163404897
      ],
      [
       5.418497351994643,
       47.31406757728877
      ],
      [
       5.415820458363084,
       47.30871379002565
      ],
      [
       5.413738429982982,
       47.304847165891175
      ],
      [
       5.408087210094135,
       47.30157540700816
      ],
      [
       5.404220585959661,
       47.29919594600233
      ],
      [
       5.403923153333932,
       47.29384215873921
      ],
      [
       5.4033282880824745,
       47.287596073598905
      ],
      [
       5.4018411249538305,
       47.28432431471589
      ],
      [
       5.399461663948,
       47.282837151587245
      ],
      [
       5.393513011433424,
       47.282837151587245
      ],
      [
       5.388456656796035,
       47.2834320168387
      ],
      [
       5.385779763164476,
       47.28194485371006
      ],
      [
       5.385779763164476,
       47.27867309482704
      ],
      [
       5.3878617915445774,
       47.27450903806684
      ],
      [
       5.393215578807696,
       47.27153471180955
      ],
      [
       5.400353961825187,
       47.26766808767508
      ],
      [
       5.405410316462576,
       47.26439632879206
      ],
      [
       5.408979507971321,
       47.25993483940613
      ],
      [
       5.409574373222779,
       47.255473350020196
      ],
      [
       5.408384642719864,
       47.25279645638864
      ],
      [
       5.404815451211118,
       47.250714428008536
      ],
      [
       5.398271933445085,
       47.24892983225416
      ],
      [
       5.394107876684882,
       47.24744266912552
      ],
      [
       5.3905386851761365,
       47.24476577549396
      ],
      [
       5.3920258483047805,
       47.2420888818624
      ],
      [
       5.396784770316441,
       47.24030428610803
      ],
      [
       5.401246259702373,
       47.238817122979384
      ],
      [
       5.403030855456746,
       47.23673509459928
      ],
      [
       5.403030855456746,
       47.23286847046481
      ],
      [
       5.402733422831017,
       47.228704413704605
      ],
      [
       5.401246259702373,
       47.22573008744732
      ],
      [
       5.39708220294217,
       47.22483778957013
      ],
      [
       5.3905386851761365,
       47.226324952698775
      ],
      [
       5.383400302158646,
       47.22691981795023
      ],
      [
       5.378641380146985,
       47.226324952698775
      ],
      [
       5.378046514895527,
       47.221268598061386
      ],
      [
       5.381318273778544,
       47.21740197392691
      ],
      [
       5.38488746528729,
       47.21264305191525
      ],
      [
       5.386077195790205,
       47.209073860406505
      ],
      [
       5.38488746528729,
       47.20550466889776
      ],
      [
       5.381615706404273,
       47.201638044763286
      ],
      [
       5.3750721886382395,
       47.198961151131726
      ],
      [
       5.36763637299502,
       47.194202229120066
      ],
      [
       5.360795422603258,
       47.189740739734134
      ],
      [
       5.357523663720241,
       47.18617154822539
      ],
      [
       5.355739067965868,
       47.18171005883946
      ],
      [
       5.355144202714411,
       47.17635627157634
      ],
      [
       5.35782109634597,
       47.17129991693895
      ],
      [
       5.362877450983359,
       47.16654099492729
      ],
      [
       5.3667440751178335,
       47.16207950554136
      ],
      [
       5.368231238246477,
       47.1552385551496
      ],
      [
       5.369718401375121,
       47.149587335260755
      ],
      [
       5.369718401375121,
       47.144828413249094
      ],
      [
       5.367338940369291,
       47.139474625985976
      ],
      [
       5.363769748860546,
       47.13620286710296
      ],
      [
       5.3569287984687834,
       47.13382340609713
      ],
      [
       5.35038528070275,
       47.134418271348586
      ],
      [
       5.342652032433802,
       47.134418271348586
      ],
      [
       5.335216216790582,
       47.13174137771703
      ],
      [
       5.329862429527464,
       47.12579272520245
      ],
      [
       5.323913777012888,
       47.12043893793933
      ],
      [
       5.319749720252686,
       47.11895177481069
      ],
      [
       5.310529308855093,
       47.117762044307774
      ],
      [
       5.299524301703128,
       47.11419285279903
      ],
      [
       5.29179105343418,
       47.112408257044656
      ],
      [
       5.283165507288045,
       47.1118133917932
      ],
      [
       5.273945095890452,
       47.11062366129028
      ],
      [
       5.265914414995775,
       47.11062366129028
      ],
      [
       5.256694003598183,
       47.10943393078737
      ],
      [
       5.252827379463708,
       47.10854163291018
      ],
      [
       5.247771024826319,
       47.10645960453008
      ],
      [
       5.241822372311743,
       47.10229554776988
      ],
      [
       5.240930074434557,
       47.09902378888686
      ],
      [
       5.242417237563201,
       47.0963468952553
      ],
      [
       5.24509413119476,
       47.09456229950093
      ],
      [
       5.245986429071946,
       47.0921828384951
      ],
      [
       5.243012102814658,
       47.090100810115
      ],
      [
       5.239740343931642,
       47.08980337748927
      ],
      [
       5.232601960914151,
       47.09099310799218
      ],
      [
       5.226355875773846,
       47.090695675366455
      ],
      [
       5.221299521136457,
       47.08772134910917
      ],
      [
       5.214756003370424,
       47.085639320729065
      ],
      [
       5.209997081358764,
       47.08266499447178
      ],
      [
       5.206725322475747,
       47.07998810084022
      ],
      [
       5.203156130967002,
       47.07998810084022
      ],
      [
       5.199884372083985,
       47.08207012922032
      ],
      [
       5.197802343703883,
       47.08415215760042
      ],
      [
       5.1948280174465955,
       47.08385472497469
      ],
      [
       5.192448556440765,
       47.08207012922032
      ],
      [
       5.19125882593785,
       47.07969066821449
      ],
      [
       5.195125450072324,
       47.07641890933147
      ],
      [
       5.196612613200968,
       47.07403944832564
      ],
      [
       5.1948280174465955,
       47.072552285197
      ],
      [
       5.189771662809206,
       47.07165998731981
      ],
      [
       5.1835255776689015,
       47.07165998731981
      ],
      [
       5.176684627277139,
       47.071065122068354
      ],
      [
       5.171925705265479,
       47.07225485257127
      ],
      [
       5.169843676885377,
       47.076121476705744
      ],
      [
       5.16419245699653,
       47.078500937711574
      ],
      [
       5.157648939230497,
       47.07731120720866
      ],
      [
       5.151105421464464,
       47.075526611454286
      ],
      [
       5.145454201575617,
       47.07493174620283
      ],
      [
       5.140695279563956,
       47.073444583074185
      ],
      [
       5.140100414312498,
       47.0704702568169
      ],
      [
       5.1371260880552105,
       47.06690106530815
      ],
      [
       5.13236716604355,
       47.06214214329649
      ],
      [
       5.1287979745348045,
       47.06154727804503
      ],
      [
       5.124039052523144,
       47.06243957592222
      ],
      [
       5.119874995762941,
       47.06273700854795
      ],
      [
       5.118982697885754,
       47.05976268229066
      ],
      [
       5.120469861014398,
       47.0570857886591
      ],
      [
       5.123741619897415,
       47.05470632765327
      ],
      [
       5.123741619897415,
       47.05262429927317
      ],
      [
       5.121064726265856,
       47.05173200139598
      ],
      [
       5.119280130511483,
       47.05411146240181
      ],
      [
       5.114223775874094,
       47.05530119290473
      ],
      [
       5.111249449616806,
       47.053814029776085
      ],
      [
       5.110654584365348,
       47.05054227089307
      ],
      [
       5.112141747493992,
       47.04727051201005
      ],
      [
       5.115710939002738,
       47.03358861122653
      ],
      [
       5.121362158891585,
       47.02823482396341
      ],
      [
       5.127608244031889,
       47.02228617144883
      ],
      [
       5.132069733417821,
       47.019311845191545
      ],
      [
       5.137423520680939,
       47.01336319267697
      ],
      [
       5.141885010066871,
       47.007117107536665
      ],
      [
       5.144859336324159,
       47.00265561815073
      ],
      [
       5.145156768949888,
       46.99789669613907
      ],
      [
       5.142479875318329,
       46.99521980250751
      ],
      [
       5.137423520680939,
       46.99343520675314
      ],
      [
       5.1329620312950075,
       46.992542908875954
      ],
      [
       5.130285137663448,
       46.98867628474148
      ],
      [
       5.130285137663448,
       46.98570195848419
      ],
      [
       5.128500541909076,
       46.98332249747836
      ],
      [
       5.124039052523144,
       46.982430199601176
      ],
      [
       5.119874995762941,
       46.97945587334389
      ],
      [
       5.118685265260026,
       46.974696951332234
      ],
      [
       5.118685265260026,
       46.97083032719776
      ],
      [
       5.117198102131382,
       46.96785600094047
      ],
      [
       5.113628910622636,
       46.96636883781183
      ],
      [
       5.1088699886109765,
       46.9660714051861
      ],
      [
       5.106193094979417,
       46.962204781051625
      ],
      [
       5.106787960230875,
       46.9506049086482
      ],
      [
       5.103813633973587,
       46.947333149765186
      ],
      [
       5.099352144587655,
       46.946440851888
      ],
      [
       5.0948906552017235,
       46.94614341926227
      ],
      [
       5.092808626821622,
       46.942871660379254
      ],
      [
       5.0877522721842325,
       46.93870760361905
      ],
      [
       5.084480513301216,
       46.93692300786468
      ],
      [
       5.079721591289555,
       46.93662557523895
      ],
      [
       5.074962669277895,
       46.93811273836759
      ],
      [
       5.072583208272064,
       46.94108706462488
      ],
      [
       5.07109604514342,
       46.94376395825644
      ],
      [
       5.066931988383217,
       46.94316909300498
      ],
      [
       5.060983335868642,
       46.94138449725061
      ],
      [
       5.055629548605523,
       46.93959990149624
      ],
      [
       5.053547520225422,
       46.937815305741864
      ],
      [
       5.050573193968134,
       46.93454354685885
      ],
      [
       5.050870626593863,
       46.93216408585302
      ],
      [
       5.053547520225422,
       46.92918975959573
      ],
      [
       5.054737250728337,
       46.92651286596417
      ],
      [
       5.058009009611354,
       46.92383597233261
      ],
      [
       5.059496172739998,
       46.91967191557241
      ],
      [
       5.05890130748854,
       46.91223609992919
      ],
      [
       5.057414144359896,
       46.90866690842044
      ],
      [
       5.054439818102608,
       46.905395149537426
      ],
      [
       5.050573193968134,
       46.90123109277722
      ],
      [
       5.04670656983366,
       46.89974392964858
      ],
      [
       5.039568186816169,
       46.89974392964858
      ],
      [
       5.0330246690501355,
       46.900933660151495
      ],
      [
       5.02201966189817,
       46.903610553783054
      ],
      [
       5.016368442009323,
       46.905692582163155
      ],
      [
       5.010122356869019,
       46.9071797452918
      ],
      [
       5.0032814064772575,
       46.905990014788884
      ],
      [
       5.000604512845698,
       46.903015688531596
      ],
      [
       4.996143023459767,
       46.900636227525766
      ],
      [
       4.99287126457675,
       46.89885163177139
      ],
      [
       4.986625179436445,
       46.898554199145664
      ],
      [
       4.980379094296141,
       46.89766190126848
      ],
      [
       4.972943278652921,
       46.89795933389421
      ],
      [
       4.967886924015532,
       46.89706703601702
      ],
      [
       4.9610459736237695,
       46.89201068137963
      ],
      [
       4.955692186360651,
       46.88814405724516
      ],
      [
       4.9527178601033635,
       46.883682567859225
      ],
      [
       4.954502455857736,
       46.87981594372475
      ],
      [
       4.958071647366482,
       46.87475958908736
      ],
      [
       4.961640838875227,
       46.87267756070726
      ],
      [
       4.961640838875227,
       46.868810936572785
      ],
      [
       4.960748540998041,
       46.86524174506404
      ],
      [
       4.9625331367524135,
       46.86018539042665
      ],
      [
       4.964615165132515,
       46.85602133366645
      ],
      [
       4.964020299881057,
       46.851857276906244
      ],
      [
       4.957000889913857,
       46.838472808748456
      ],
      [
       4.950159939522095,
       46.83252415623388
      ],
      [
       4.945103584884706,
       46.82836009947368
      ],
      [
       4.942724123878875,
       46.82211401433337
      ],
      [
       4.9367754713642995,
       46.81765252494744
      ],
      [
       4.927555059966708,
       46.812001305058594
      ],
      [
       4.922796137955047,
       46.80991927667849
      ],
      [
       4.920119244323488,
       46.80605265254402
      ],
      [
       4.917739783317658,
       46.801888595783815
      ],
      [
       4.910006535048709,
       46.79891426952653
      ],
      [
       4.902273286779761,
       46.799211702152256
      ],
      [
       4.8972169321423715,
       46.802780893661
      ],
      [
       4.891268279627796,
       46.80397062416392
      ],
      [
       4.886509357616135,
       46.80367319153819
      ],
      [
       4.8832375987331185,
       46.801888595783815
      ],
      [
       4.881155570353017,
       46.799211702152256
      ],
      [
       4.880263272475831,
       46.79534507801778
      ],
      [
       4.879965839850102,
       46.79147845388331
      ],
      [
       4.876694080967085,
       46.78880156025175
      ],
      [
       4.869555697949594,
       46.78671953187165
      ],
      [
       4.864201910686476,
       46.78404263824009
      ],
      [
       4.859145556049087,
       46.78136574460853
      ],
      [
       4.854386634037426,
       46.77868885097697
      ],
      [
       4.8508174425286805,
       46.777499120474054
      ],
      [
       4.847843116271393,
       46.774822226842495
      ],
      [
       4.845761087891291,
       46.77036073745656
      ],
      [
       4.84843798152285,
       46.76441208494199
      ],
      [
       4.853791768785968,
       46.7614377586847
      ],
      [
       4.865391641189391,
       46.75876086505314
      ],
      [
       4.872827456832611,
       46.75667883667304
      ],
      [
       4.878776109347187,
       46.75340707779002
      ],
      [
       4.882047868230203,
       46.750432751532735
      ],
      [
       4.88294016610739,
       46.74626869477253
      ],
      [
       4.880858137727288,
       46.74448409901816
      ],
      [
       4.8832375987331185,
       46.74002260963223
      ],
      [
       4.886211924990406,
       46.737940581252126
      ],
      [
       4.890970847002067,
       46.738238013877854
      ],
      [
       4.896324634265185,
       46.735561120246295
      ],
      [
       4.900786123651117,
       46.733479091866194
      ],
      [
       4.905842478288506,
       46.73139706348609
      ],
      [
       4.910006535048709,
       46.72931503510599
      ],
      [
       4.913278293931726,
       46.726043276222974
      ],
      [
       4.9171449180662,
       46.72277151733996
      ],
      [
       4.921606407452132,
       46.71979719108267
      ],
      [
       4.9269601947152495,
       46.715930566948195
      ],
      [
       4.930529386223995,
       46.71236137543945
      ],
      [
       4.934396010358469,
       46.70700758817633
      ],
      [
       4.936478038738571,
       46.701356368287485
      ],
      [
       4.93915493237013,
       46.694217985269994
      ],
      [
       4.943318989130333,
       46.68380784336949
      ],
      [
       4.945698450136163,
       46.67785919085492
      ],
      [
       4.949267641644909,
       46.665961885825766
      ],
      [
       4.951647102650739,
       46.6570389070539
      ],
      [
       4.952539400527925,
       46.6528748502937
      ],
      [
       4.954026563656569,
       46.64692619777912
      ],
      [
       4.954918861533756,
       46.64276214101892
      ],
      [
       4.954323996282298,
       46.636516055878616
      ],
      [
       4.953134265779383,
       46.632054566492684
      ],
      [
       4.950754804773553,
       46.62759307710675
      ],
      [
       4.947780478516265,
       46.624618750849464
      ],
      [
       4.944211287007519,
       46.62313158772082
      ],
      [
       4.940047230247316,
       46.62015726146353
      ],
      [
       4.938560067118672,
       46.61510090682614
      ],
      [
       4.935288308235656,
       46.60855738906011
      ],
      [
       4.93171911672691,
       46.60528563017709
      ],
      [
       4.928744790469622,
       46.60171643866835
      ],
      [
       4.925770464212335,
       46.597552381908145
      ],
      [
       4.921903840077861,
       46.59309089252221
      ],
      [
       4.915955187563285,
       46.58595250950472
      ],
      [
       4.912088563428811,
       46.582383317995976
      ],
      [
       4.909709102422981,
       46.575244934978485
      ],
      [
       4.911791130803082,
       46.56691682145808
      ],
      [
       4.91476545706037,
       46.55948100581486
      ],
      [
       4.918929513820573,
       46.550558027042996
      ],
      [
       4.9239858684579625,
       46.54490680715415
      ],
      [
       4.928447357843893,
       46.541040183019675
      ],
      [
       4.932016549352639,
       46.53568639575656
      ],
      [
       4.93409857773274,
       46.53181977162208
      ],
      [
       4.937072903990028,
       46.52587111910751
      ],
      [
       4.937370336615757,
       46.52081476447012
      ],
      [
       4.934396010358469,
       46.514271246704084
      ],
      [
       4.929934520972537,
       46.5133789488269
      ],
      [
       4.92933965572108,
       46.506537998435135
      ],
      [
       4.924878166335149,
       46.50088677854629
      ],
      [
       4.920714109574946,
       46.496127856534635
      ],
      [
       4.9171449180662,
       46.49077406927152
      ],
      [
       4.915360322311828,
       46.486015147259856
      ],
      [
       4.915062889686099,
       46.48095879262247
      ],
      [
       4.915955187563285,
       46.47501014010789
      ],
      [
       4.915657754937556,
       46.47025121809623
      ],
      [
       4.91238599605454,
       46.46459999820738
      ],
      [
       4.9043553151598624,
       46.45775904781563
      ],
      [
       4.899893825773931,
       46.453297558429696
      ],
      [
       4.89513490376227,
       46.45002579954668
      ],
      [
       4.89275544275644,
       46.44526687753502
      ],
      [
       4.892458010130711,
       46.43842592714326
      ],
      [
       4.8915657122535245,
       46.43099011150004
      ],
      [
       4.890078549124881,
       46.4223645653539
      ],
      [
       4.8888888186219654,
       46.414333884459225
      ],
      [
       4.886806790241864,
       46.40779036669319
      ],
      [
       4.883832463984576,
       46.4006519836757
      ],
      [
       4.878776109347187,
       46.39410846590967
      ],
      [
       4.8719351589554245,
       46.38845724602082
      ],
      [
       4.867473669569493,
       46.38280602613197
      ],
      [
       4.864499343312205,
       46.37834453674604
      ],
      [
       4.860335286552002,
       46.372395884231466
      ],
      [
       4.856766095043256,
       46.367636962219805
      ],
      [
       4.85349433616024,
       46.36228317495669
      ],
      [
       4.850222577277223,
       46.355739657190654
      ],
      [
       4.850520009902952,
       46.350385869927536
      ],
      [
       4.850520009902952,
       46.34235518903286
      ],
      [
       4.850520009902952,
       46.33224247975808
      ],
      [
       4.848735414148579,
       46.32807842299788
      ],
      [
       4.841597031131088,
       46.31677598322019
      ],
      [
       4.835648378616512,
       46.30904273495124
      ],
      [
       4.832376619733496,
       46.30190435193375
      ],
      [
       4.830294591353394,
       46.28643785539585
      ],
      [
       4.82880742822475,
       46.28019177025555
      ],
      [
       4.826130534593191,
       46.27275595461233
      ],
      [
       4.823156208335904,
       46.268591897852126
      ],
      [
       4.818099853698515,
       46.26234581271182
      ],
      [
       4.8127460664353965,
       46.25818175595162
      ],
      [
       4.810366605429566,
       46.251340805559856
      ],
      [
       4.808879442300922,
       46.24241782678799
      ],
      [
       4.807392279172278,
       46.237064039524874
      ],
      [
       4.80203849190916,
       46.23141281963603
      ],
      [
       4.798766733026143,
       46.227248762875824
      ],
      [
       4.795197541517398,
       46.22278727348989
      ],
      [
       4.7931155131372964,
       46.217136053601045
      ],
      [
       4.793412945763025,
       46.2114848337122
      ],
      [
       4.788654023751365,
       46.20166955706315
      ],
      [
       4.784489966991162,
       46.195126039297115
      ],
      [
       4.782110505985331,
       46.18887995415681
      ],
      [
       4.779731044979501,
       46.18441846477088
      ],
      [
       4.779731044979501,
       46.17995697538495
      ],
      [
       4.781218208108145,
       46.175495485999015
      ],
      [
       4.786571995371263,
       46.16865453560725
      ],
      [
       4.791033484757195,
       46.16508534409851
      ],
      [
       4.796089839394584,
       46.163003315718406
      ],
      [
       4.799361598277601,
       46.15943412420966
      ],
      [
       4.8029307897863465,
       46.15437776957227
      ],
      [
       4.801741059283431,
       46.14961884756061
      ],
      [
       4.797577002523228,
       46.14485992554895
      ],
      [
       4.794007811014483,
       46.13980357091156
      ],
      [
       4.792223215260109,
       46.13623437940283
      ],
      [
       4.785977130119805,
       46.132070322642626
      ],
      [
       4.780623342856686,
       46.12850113113388
      ],
      [
       4.775566988219297,
       46.12552680487659
      ],
      [
       4.773187527213467,
       46.12314734387076
      ],
      [
       4.772592661962009,
       46.11957815236202
      ],
      [
       4.770213200956179,
       46.115116662976085
      ],
      [
       4.768131172576077,
       46.11154747146734
      ],
      [
       4.765156846318789,
       46.10827571258432
      ],
      [
       4.760695356932858,
       46.10351679057266
      ],
      [
       4.7550441370440115,
       46.097865570683815
      ],
      [
       4.753854406541096,
       46.09399894654934
      ],
      [
       4.753259541289639,
       46.08864515928622
      ],
      [
       4.754746704418283,
       46.082993939397376
      ],
      [
       4.757721030675571,
       46.07764015213426
      ],
      [
       4.7606953569328585,
       46.07139406699395
      ],
      [
       4.760992789558587,
       46.066337712356564
      ],
      [
       4.759208193804215,
       46.06247108822209
      ],
      [
       4.751474945535266,
       46.05711730095897
      ],
      [
       4.748798051903707,
       46.05563013783033
      ],
      [
       4.744336562517775,
       46.053548109450226
      ],
      [
       4.741659668886216,
       46.05206094632158
      ],
      [
       4.7395776405061145,
       46.04968148531575
      ],
      [
       4.739280207880386,
       46.04492256330409
      ],
      [
       4.741659668886216,
       46.04313796754972
      ],
      [
       4.744039129892046,
       46.03867647816379
      ],
      [
       4.74314683201486,
       46.03302525827494
      ],
      [
       4.741659668886216,
       46.02796890363755
      ],
      [
       4.741659668886216,
       46.02350741425162
      ],
      [
       4.744336562517775,
       46.01904592486569
      ],
      [
       4.744633995143504,
       46.01309727235111
      ],
      [
       4.746121158272148,
       46.00893321559091
      ],
      [
       4.749095484529436,
       45.99584618005884
      ],
      [
       4.751474945535266,
       45.98870779704135
      ],
      [
       4.752069810786724,
       45.98186684664959
      ],
      [
       4.754151839166825,
       45.97353873312918
      ],
      [
       4.754746704418283,
       45.96937467636898
      ],
      [
       4.751177512909537,
       45.96431832173159
      ],
      [
       4.746716023523605,
       45.960749130222844
      ],
      [
       4.741362236260487,
       45.957774803965556
      ],
      [
       4.734521285868725,
       45.95212358407671
      ],
      [
       4.731844392237166,
       45.94885182519369
      ],
      [
       4.732439257488624,
       45.943498037930574
      ],
      [
       4.736603314248827,
       45.93784681804173
      ],
      [
       4.74314683201486,
       45.93725195279027
      ],
      [
       4.746716023523605,
       45.93695452016454
      ],
      [
       4.752069810786724,
       45.93457505915871
      ],
      [
       4.756900868025571,
       45.934607537410905
      ],
      [
       4.761064924785774,
       45.936689565791006
      ],
      [
       4.765823846797435,
       45.93758186366819
      ],
      [
       4.770285336183367,
       45.93877159417111
      ],
      [
       4.775864420845026,
       45.93725195279027
      ],
      [
       4.780325910230958,
       45.9354673570359
      ],
      [
       4.785977130119805,
       45.93160073290142
      ],
      [
       4.787464293248449,
       45.928328974018406
      ],
      [
       4.790141186880008,
       45.92654437826403
      ],
      [
       4.795494974143126,
       45.925949513012576
      ],
      [
       4.803525655037803,
       45.92475978250966
      ],
      [
       4.807987144423735,
       45.92297518675529
      ],
      [
       4.810961470681023,
       45.91970342787227
      ],
      [
       4.811258903306752,
       45.9179188321179
      ],
      [
       4.810366605429565,
       45.914052207983424
      ],
      [
       4.807987144423735,
       45.90929328597176
      ],
      [
       4.806499981295092,
       45.90393949870865
      ],
      [
       4.807987144423736,
       45.89769341356835
      ],
      [
       4.810961470681024,
       45.8920421936795
      ],
      [
       4.815422960066956,
       45.8878781369193
      ],
      [
       4.823156208335903,
       45.88311921490764
      ],
      [
       4.827915130347564,
       45.881037186527536
      ],
      [
       4.83386378286214,
       45.87717056239306
      ],
      [
       4.837730406996614,
       45.8724116403814
      ],
      [
       4.840407300628173,
       45.86795015099547
      ],
      [
       4.839812435376715,
       45.86081176797798
      ],
      [
       4.837730406996614,
       45.85516054808913
      ],
      [
       4.83624324386797,
       45.8506990587032
      ],
      [
       4.8353509459907835,
       45.84564270406581
      ],
      [
       4.835648378616512,
       45.84118121467988
      ],
      [
       4.8368381091194275,
       45.83612486004249
      ],
      [
       4.843084194259732,
       45.83285310115947
      ],
      [
       4.850520009902952,
       45.82928390965073
      ],
      [
       4.8523046056573245,
       45.82601215076771
      ],
      [
       4.851709740405867,
       45.82155066138178
      ],
      [
       4.848735414148579,
       45.8156020088672
      ],
      [
       4.844868790014105,
       45.81114051948127
      ],
      [
       4.841299598505359,
       45.805191866966695
      ],
      [
       4.835945811242241,
       45.80162267545795
      ],
      [
       4.831484321856309,
       45.79864834920066
      ],
      [
       4.825833101967462,
       45.79686375344629
      ],
      [
       4.821669045207259,
       45.795376590317645
      ],
      [
       4.816315257944142,
       45.792699696686086
      ],
      [
       4.813043499061125,
       45.790320235680255
      ],
      [
       4.8112589033067525,
       45.785263881042866
      ],
      [
       4.811556335932481,
       45.77663833489673
      ],
      [
       4.818099853698514,
       45.770689682382155
      ],
      [
       4.823823208814548,
       45.76834269962852
      ],
      [
       4.82880742822475,
       45.768012788750596
      ],
      [
       4.834458648113597,
       45.76384873199039
      ],
      [
       4.839308658672939,
       45.75965431238096
      ]
     ]
    ]
   },
   "properties": {
    "pid": "167652",
    "origin": "BAMap18",
    "notes": null,
    "strabo_name": "Arar"
   }
  },
  {
   "type": "Feature",
   "geometry": {
    "type": "MultiLineString",
    "coordinates": [
     [
      [
       5.41828312445611,
       44.60927690490472
      ],
      [
       5.41858055708181,
       44.612548663787706
      ],
      [
       5.414713932947365,
       44.61671272054791
      ],
      [
       5.410847308812862,
       44.622363940436784
      ],
      [
       5.406683252052659,
       44.62563569931977
      ],
      [
       5.401626897415298,
       44.63069205395719
      ],
      [
       5.39895000378371,
       44.636640706471766
      ],
      [
       5.398355138532253,
       44.64080476323197
      ],
      [
       5.396867975403637,
       44.64526625261787
      ],
      [
       5.392109053391977,
       44.65091747250675
      ],
      [
       5.3867552661288585,
       44.65746099027278
      ],
      [
       5.382293776742898,
       44.664004508038815
      ],
      [
       5.378427152608452,
       44.66816856479902
      ],
      [
       5.375155393725407,
       44.67173775630776
      ],
      [
       5.374263095848249,
       44.67500951519075
      ],
      [
       5.3763451242283224,
       44.67738897619658
      ],
      [
       5.379914315737068,
       44.68066073507963
      ],
      [
       5.379914315737068,
       44.68452735921407
      ],
      [
       5.379914315737068,
       44.688691415974276
      ],
      [
       5.381698911491441,
       44.69464006848885
      ],
      [
       5.378724585234153,
       44.7023733167578
      ],
      [
       5.375155393725407,
       44.708321969272376
      ],
      [
       5.373668230596792,
       44.713378323909794
      ],
      [
       5.372181067468119,
       44.71724494804424
      ],
      [
       5.366529847579301,
       44.72378846581027
      ],
      [
       5.364745251824928,
       44.72884482044769
      ],
      [
       5.365637549702086,
       44.730034550950606
      ],
      [
       5.366232414953544,
       44.733306309833594
      ],
      [
       5.362960656070555,
       44.73598320346518
      ],
      [
       5.357904301433138,
       44.73598320346518
      ],
      [
       5.354037677298692,
       44.738065231845255
      ],
      [
       5.348089024784116,
       44.738065231845255
      ],
      [
       5.344073684336735,
       44.74401388435983
      ],
      [
       5.336935301319244,
       44.74698821061712
      ],
      [
       5.3294994856760525,
       44.75174713262878
      ],
      [
       5.322658535284262,
       44.75650605464044
      ],
      [
       5.319684209026974,
       44.7568034872662
      ],
      [
       5.314925287015313,
       44.75561375676328
      ],
      [
       5.311356095506568,
       44.755018891511824
      ],
      [
       5.304812577740535,
       44.757398352517654
      ],
      [
       5.2985664926002585,
       44.75858808302057
      ],
      [
       5.29083324433131,
       44.757695785143355
      ],
      [
       5.2830999960623615,
       44.75620862201474
      ],
      [
       5.274771882541955,
       44.75472145888607
      ],
      [
       5.267930932150165,
       44.75472145888607
      ],
      [
       5.263172010138504,
       44.75620862201474
      ],
      [
       5.259305386004058,
       44.7571009198919
      ],
      [
       5.2572233576239285,
       44.75799321776911
      ],
      [
       5.254249031366641,
       44.757398352517654
      ],
      [
       5.252464435612268,
       44.75353172838315
      ],
      [
       5.249787541980737,
       44.747583075868576
      ],
      [
       5.248002946226364,
       44.74341901910837
      ],
      [
       5.248002946226364,
       44.73955239497393
      ],
      [
       5.249787541980737,
       44.735685770839424
      ],
      [
       5.2521670029865675,
       44.733306309833594
      ],
      [
       5.254843896618098,
       44.72735765731902
      ],
      [
       5.255141329243855,
       44.72259873530736
      ],
      [
       5.253654166115183,
       44.7178398132957
      ],
      [
       5.252761868238025,
       44.71427062178695
      ],
      [
       5.25186957036081,
       44.70505021038939
      ],
      [
       5.250382407232195,
       44.69761439474614
      ],
      [
       5.248300378852065,
       44.690773444354406
      ],
      [
       5.245623485220534,
       44.688393983348575
      ],
      [
       5.239972265331659,
       44.6866093875942
      ],
      [
       5.229264690805422,
       44.68422992658837
      ],
      [
       5.219449414156401,
       44.68036330245387
      ],
      [
       5.211716165887452,
       44.676794110945124
      ],
      [
       5.207552109127249,
       44.67768640882234
      ],
      [
       5.200116293484001,
       44.67976843720241
      ],
      [
       5.19505993884664,
       44.68095816770533
      ],
      [
       5.189408718957765,
       44.68333762871116
      ],
      [
       5.186731825326234,
       44.68512222446553
      ],
      [
       5.183460066443189,
       44.68541965709129
      ],
      [
       5.176172967112876,
       44.68333762871116
      ],
      [
       5.166952555715255,
       44.6827427634597
      ],
      [
       5.157434711691934,
       44.68304019608546
      ],
      [
       5.147916867668613,
       44.68422992658837
      ],
      [
       5.1413733499025795,
       44.6869068202199
      ],
      [
       5.135722130013761,
       44.68720425284566
      ],
      [
       5.12858374699627,
       44.68720425284566
      ],
      [
       5.123229959733152,
       44.686014522342745
      ],
      [
       5.119363335598649,
       44.686014522342745
      ],
      [
       5.110737789452543,
       44.68750168547136
      ],
      [
       5.1062763000665825,
       44.69017857910295
      ],
      [
       5.105086569563667,
       44.69226060748302
      ],
      [
       5.100922512803464,
       44.69285547273448
      ],
      [
       5.093784129785973,
       44.69493750111461
      ],
      [
       5.087835477271398,
       44.69493750111461
      ],
      [
       5.081886824756822,
       44.69731696212044
      ],
      [
       5.074748441739331,
       44.69939899050051
      ],
      [
       5.069097221850512,
       44.70058872100343
      ],
      [
       5.062553704084479,
       44.703563047260715
      ],
      [
       5.058687079949976,
       44.70475277776363
      ],
      [
       5.055117888441231,
       44.70386047988647
      ],
      [
       5.048276938049497,
       44.70296818200926
      ],
      [
       5.039205242964755,
       44.70505021038939
      ],
      [
       5.029092533689976,
       44.70980913240105
      ],
      [
       5.0139234697777795,
       44.716055217541324
      ],
      [
       5.005892788883131,
       44.71754238067
      ],
      [
       5.000539001620012,
       44.71754238067
      ],
      [
       4.994292916479679,
       44.71932697642437
      ],
      [
       4.988641696590861,
       44.72021927430153
      ],
      [
       4.97912385256754,
       44.720814139552985
      ],
      [
       4.970200873795676,
       44.71992184167583
      ],
      [
       4.96217019290097,
       44.720516706927285
      ],
      [
       4.9562215403863945,
       44.722896167933115
      ],
      [
       4.9520574836261915,
       44.7258704941904
      ],
      [
       4.948190859491746,
       44.72824995519623
      ],
      [
       4.937185852339752,
       44.73152171407922
      ],
      [
       4.924693682059143,
       44.73598320346518
      ],
      [
       4.912498944404291,
       44.73984982759963
      ],
      [
       4.902088802503755,
       44.742526721231215
      ],
      [
       4.889150483284567,
       44.7455010474885
      ],
      [
       4.881714667641376,
       44.74788050849433
      ],
      [
       4.872791688869512,
       44.750557402125864
      ],
      [
       4.863273844846191,
       44.75174713262878
      ],
      [
       4.854350866074327,
       44.75115226737732
      ],
      [
       4.8495919440626665,
       44.752639430505994
      ],
      [
       4.842750993670876,
       44.755018891511824
      ],
      [
       4.837397206407758,
       44.75918294827203
      ],
      [
       4.831448553893182,
       44.7609675440264
      ],
      [
       4.822525575121318,
       44.76304957240647
      ],
      [
       4.81479232685237,
       44.76334700503223
      ],
      [
       4.810033404840709,
       44.76334700503223
      ],
      [
       4.803787319700433,
       44.76156240927786
      ],
      [
       4.8011104260688455,
       44.75888551564627
      ],
      [
       4.7975412345601,
       44.75858808302057
      ],
      [
       4.793079745174197,
       44.75858808302057
      ],
      [
       4.786238794782406,
       44.76364443765793
      ],
      [
       4.778802979139215,
       44.76661876391522
      ],
      [
       4.773449191876097,
       44.76840335966959
      ],
      [
       4.7579826953382,
       44.76751106179243
      ]
     ]
    ]
   },
   "properties": {
    "pid": "167745",
    "origin": "BAMap17",
    "notes": null,
    "strabo_name": null
   }
  },
  {
   "type": "Feature",
   "geometry": {
    "type": "MultiLineString",
    "coordinates": [
     [
      [
       7.483573421974056,
       45.36268708658542
      ],
      [
       7.487570916463851,
       45.35868959209562
      ],
      [
       7.494233407280176,
       45.35773780769329
      ],
      [
       7.501657325618367,
       45.35469209760583
      ],
      [
       7.508510173315158,
       45.351075316876965
      ],
      [
       7.511555883402621,
       45.349552461833234
      ],
      [
       7.514601593490084,
       45.34726817926764
      ],
      [
       7.5172665898166136,
       45.34479353982157
      ],
      [
       7.52012194302361,
       45.340986402212245
      ],
      [
       7.521644798067341,
       45.33641783708105
      ],
      [
       7.522977296230606,
       45.32937463250379
      ],
      [
       7.524500151274338,
       45.325567494894464
      ],
      [
       7.528497645764133,
       45.321760357285136
      ],
      [
       7.534779422819525,
       45.31776286279534
      ],
      [
       7.542584054918648,
       45.31681107839301
      ],
      [
       7.551340471420104,
       45.31338465454461
      ],
      [
       7.558764389758294,
       45.311100371979016
      ],
      [
       7.565046166813686,
       45.31129072885948
      ],
      [
       7.571708657630011,
       45.31071965821808
      ],
      [
       7.575135081478407,
       45.308435375652486
      ],
      [
       7.5804650741314665,
       45.30938716005482
      ],
      [
       7.587888992469657,
       45.30805466189155
      ],
      [
       7.592647914481318,
       45.30805466189155
      ],
      [
       7.598168264014844,
       45.309006446293886
      ],
      [
       7.6046403979507025,
       45.309577516935285
      ],
      [
       7.612445030049826,
       45.310148587576684
      ],
      [
       7.620249662148948,
       45.31033894445715
      ],
      [
       7.62976750617227,
       45.308435375652486
      ],
      [
       7.640617848358856,
       45.30786430501109
      ],
      [
       7.645947841011916,
       45.30596073620642
      ],
      [
       7.651468190545442,
       45.30500895180409
      ],
      [
       7.65584639879617,
       45.30329573987989
      ],
      [
       7.657369253839901,
       45.30196324171663
      ],
      [
       7.656036755676636,
       45.30063074355336
      ],
      [
       7.65584639879617,
       45.2981561041073
      ],
      [
       7.658701752003166,
       45.29549110778077
      ],
      [
       7.6615571052101625,
       45.292064683932374
      ],
      [
       7.667267811624155,
       45.28863826008398
      ],
      [
       7.672788161157682,
       45.28654433439885
      ],
      [
       7.678689224452141,
       45.285021479355116
      ],
      [
       7.682686718941936,
       45.28159505550672
      ],
      [
       7.686684213431731,
       45.27835898853879
      ],
      [
       7.694298488650388,
       45.27569399221226
      ],
      [
       7.698867053781582,
       45.27455185092946
      ],
      [
       7.7019127638690446,
       45.2726482821248
      ],
      [
       7.703625975793242,
       45.269031501395936
      ],
      [
       7.704958473956507,
       45.267508646352205
      ],
      [
       7.708765611565836,
       45.266937575710806
      ],
      [
       7.712763106055631,
       45.266937575710806
      ],
      [
       7.71599917302356,
       45.26389186562334
      ],
      [
       7.717331671186825,
       45.26103651241635
      ],
      [
       7.719615953752419,
       45.25818115920935
      ],
      [
       7.724755589525013,
       45.256848661046085
      ],
      [
       7.728943440895274,
       45.25589687664375
      ],
      [
       7.732750578504603,
       45.25304152343676
      ],
      [
       7.735415574831133,
       45.249995813349294
      ],
      [
       7.739032355559995,
       45.24637903262043
      ],
      [
       7.74512377573492,
       45.242952608772036
      ],
      [
       7.752166980312178,
       45.24219118125017
      ],
      [
       7.756164474801973,
       45.24009725556504
      ],
      [
       7.760733039933167,
       45.236670831716644
      ],
      [
       7.764730534422962,
       45.236099761075245
      ],
      [
       7.767776244510425,
       45.23438654915105
      ],
      [
       7.771773739000218,
       45.23191190970498
      ],
      [
       7.777294088533744,
       45.22715298769332
      ],
      [
       7.780910869262606,
       45.226010846410524
      ],
      [
       7.785860148154733,
       45.224868705127726
      ],
      [
       7.790047999524995,
       45.22315549320353
      ],
      [
       7.790999783927327,
       45.22087121063793
      ],
      [
       7.7944262077757225,
       45.21782550055047
      ],
      [
       7.799946557309249,
       45.21763514367
      ],
      [
       7.803944051799044,
       45.21573157486534
      ],
      [
       7.808131903169305,
       45.212685864777875
      ],
      [
       7.811177613256768,
       45.209449797809945
      ],
      [
       7.813461895822365,
       45.207355872124815
      ],
      [
       7.81745939031216,
       45.20659444460295
      ],
      [
       7.821076171041022,
       45.206213730842016
      ],
      [
       7.823741167367552,
       45.20316802075455
      ],
      [
       7.827929018737813,
       45.20164516571082
      ],
      [
       7.834591509554138,
       45.20126445194989
      ],
      [
       7.840682929729064,
       45.20050302442802
      ],
      [
       7.844490067338392,
       45.198218741862426
      ],
      [
       7.847726134306321,
       45.196124816177296
      ],
      [
       7.847916491186788,
       45.19231767856797
      ],
      [
       7.8486779187086535,
       45.18946232536097
      ],
      [
       7.85153327191565,
       45.18736839967584
      ],
      [
       7.859337904014773,
       45.181276979500915
      ],
      [
       7.865429324189699,
       45.17994448133765
      ]
     ]
    ]
   },
   "properties": {
    "pid": "383568",
    "origin": "BAMap39",
    "notes": null,
    "strabo_name": null
   }
  },
  {
   "type": "Feature",
   "geometry": {
    "type": "MultiLineString",
    "coordinates": [
     [
      [
       7.811593420785338,
       45.885873201685285
      ],
      [
       7.81016574418184,
       45.87968660307013
      ],
      [
       7.8130210973888365,
       45.86921697464447
      ],
      [
       7.8125452051876705,
       45.85541610081066
      ],
      [
       7.814448773992334,
       45.84399468798267
      ],
      [
       7.818255911601662,
       45.834000951758185
      ],
      [
       7.825870186820319,
       45.82638667653953
      ],
      [
       7.8272978634238175,
       45.81924829352204
      ],
      [
       7.824442510216821,
       45.80687509629172
      ],
      [
       7.824442510216821,
       45.802592066481225
      ],
      [
       7.823014833613323,
       45.79973671327423
      ],
      [
       7.822538941412157,
       45.78355637843458
      ],
      [
       7.825870186820319,
       45.77451442661243
      ],
      [
       7.831105001033146,
       45.76690015139377
      ],
      [
       7.839195168452969,
       45.75928587617511
      ],
      [
       7.848237120275124,
       45.74738857114596
      ],
      [
       7.856803179896113,
       45.73882251152497
      ],
      [
       7.860610317505442,
       45.73073234410515
      ],
      [
       7.8739352991380915,
       45.72597342209349
      ],
      [
       7.87774243674742,
       45.72073860788066
      ],
      [
       7.879170113350918,
       45.715503793667835
      ],
      [
       7.879646005552084,
       45.708365410650366
      ],
      [
       7.874411191339258,
       45.703606488638684
      ],
      [
       7.86441745511477,
       45.69932345882821
      ],
      [
       7.857754964298445,
       45.6921850758107
      ],
      [
       7.856327287694947,
       45.68695026159787
      ],
      [
       7.855851395493781,
       45.679335986379215
      ],
      [
       7.857754964298445,
       45.67029403455706
      ],
      [
       7.859182640901944,
       45.6626797593384
      ],
      [
       7.859242127427089,
       45.64757018195138
      ],
      [
       7.855434989817761,
       45.643287152140886
      ],
      [
       7.8501406890797885,
       45.63888514928012
      ],
      [
       7.832693291254539,
       45.62619072481401
      ],
      [
       7.820635372607493,
       45.62460838324514
      ],
      [
       7.8125452051876705,
       45.618897676831146
      ],
      [
       7.808738067578342,
       45.609379832807825
      ],
      [
       7.8049309299690135,
       45.60176555758917
      ],
      [
       7.7973166547503565,
       45.59462717457168
      ],
      [
       7.79208184053753,
       45.59034414476118
      ]
     ]
    ]
   },
   "properties": {
    "pid": "383590",
    "origin": "BAMap18",
    "notes": null,
    "strabo_name": null
   }
  },
  {
   "type": "Feature",
   "geometry": {
    "type": "MultiLineString",
    "coordinates": [
     [
      [
       7.0701057821485165,
       45.83421510324871
      ],
      [
       7.061896641678345,
       45.83278742664527
      ],
      [
       7.0572566927171465,
       45.830645911739964
      ],
      [
       7.053687501208401,
       45.832073588343576
      ],
      [
       7.049761390548724,
       45.837784294757455
      ],
      [
       7.048690633096044,
       45.84242424371888
      ],
      [
       7.041909169229484,
       45.84527959692588
      ],
      [
       7.035127705362754,
       45.850990303339756
      ],
      [
       7.030130837250624,
       45.85241797994337
      ],
      [
       7.0237062925348255,
       45.85241797994337
      ],
      [
       7.020494020177011,
       45.84956262673637
      ],
      [
       7.01406947546127,
       45.84063964796451
      ],
      [
       7.004789577538418,
       45.83956889051183
      ],
      [
       6.999078871124539,
       45.83421510324871
      ],
      [
       6.987300539145679,
       45.830645911739964
      ],
      [
       6.975165288016001,
       45.825292124476846
      ],
      [
       6.967669985847579,
       45.81993833721373
      ],
      [
       6.964814632640525,
       45.8152983882523
      ],
      [
       6.963030036886153,
       45.80780308608405
      ],
      [
       6.964100794338833,
       45.80137854136831
      ],
      [
       6.964814632640525,
       45.792098643445456
      ],
      [
       6.964814632640525,
       45.78674485618234
      ],
      [
       6.9669561475458295,
       45.78210490722114
      ],
      [
       6.971239177356324,
       45.777821877410474
      ],
      [
       6.976236045468454,
       45.77389576675097
      ],
      [
       6.981232913580811,
       45.76996965609129
      ],
      [
       6.984802105089557,
       45.76782814118616
      ],
      [
       6.989085134900051,
       45.76568662628085
      ],
      [
       6.997651194520927,
       45.76354511137549
      ],
      [
       7.004789577538418,
       45.76425894967741
      ],
      [
       7.012641798857828,
       45.76176051562112
      ],
      [
       7.022278615931384,
       45.759619000715986
      ],
      [
       7.031915433004997,
       45.758191324112374
      ],
      [
       7.039053816022488,
       45.75533597090555
      ],
      [
       7.0479767947943515,
       45.75426521345287
      ],
      [
       7.054044420359162,
       45.74891142618975
      ],
      [
       7.062967399131026,
       45.745699153831765
      ],
      [
       7.0701057821485165,
       45.74355763892663
      ],
      [
       7.085453305636179,
       45.73035163034433
      ],
      [
       7.093662446106293,
       45.72464092393028
      ],
      [
       7.099373152520172,
       45.721071732421535
      ],
      [
       7.107225373839583,
       45.71928713666716
      ],
      [
       7.11222224195177,
       45.71536102600743
      ],
      [
       7.11828986751658,
       45.7125056728006
      ],
      [
       7.124714412232379,
       45.7103641578953
      ],
      [
       7.1336373910042425,
       45.70893648129186
      ],
      [
       7.1407757740217335,
       45.70786572383918
      ],
      [
       7.1500556719445285,
       45.70679496638655
      ],
      [
       7.159692489018084,
       45.70465345148119
      ],
      [
       7.169329306091697,
       45.70679496638655
      ],
      [
       7.175753850807439,
       45.70679496638655
      ],
      [
       7.183606072126679,
       45.70536728978311
      ],
      [
       7.193599808351166,
       45.70322577487781
      ],
      [
       7.201452029670406,
       45.70215501742513
      ],
      [
       7.208233493536909,
       45.70465345148119
      ],
      [
       7.2153718765544,
       45.70429653233043
      ],
      [
       7.221796421270199,
       45.70465345148119
      ],
      [
       7.230362480891301,
       45.70572420893387
      ],
      [
       7.237857783059553,
       45.70572420893387
      ],
      [
       7.247851519284097,
       45.70679496638655
      ],
      [
       7.253562225698147,
       45.7103641578953
      ],
      [
       7.2557037406032805,
       45.712862591951364
      ],
      [
       7.26141444701733,
       45.71643178346011
      ],
      [
       7.267125153431209,
       45.71750254091279
      ],
      [
       7.273192778996247,
       45.720357894119786
      ],
      [
       7.2799742428628065,
       45.72499784308121
      ],
      [
       7.287112625880297,
       45.726782438835585
      ],
      [
       7.293180251445108,
       45.727139357986346
      ],
      [
       7.301032472764291,
       45.727139357986346
      ],
      [
       7.305315502574956,
       45.728210115439026
      ],
      [
       7.310669289838074,
       45.72963779204241
      ],
      [
       7.316736915402885,
       45.72963779204241
      ],
      [
       7.326195272901032,
       45.728210115439026
      ],
      [
       7.3329767367675345,
       45.72892395374072
      ],
      [
       7.338687443181641,
       45.7321362260987
      ],
      [
       7.345111987897383,
       45.73463466015477
      ],
      [
       7.352250370914874,
       45.73534849845652
      ],
      [
       7.360459511385045,
       45.73499157930553
      ],
      [
       7.36973940930767,
       45.732850064400395
      ],
      [
       7.3768777923251605,
       45.7321362260987
      ],
      [
       7.389013043455009,
       45.733563902702144
      ],
      [
       7.396865264774192,
       45.73570541760745
      ],
      [
       7.406145162696816,
       45.73784693251258
      ],
      [
       7.4129266265635465,
       45.738560770814274
      ],
      [
       7.421492686184479,
       45.7367761750599
      ],
      [
       7.427560311749289,
       45.73534849845652
      ],
      [
       7.434341775616019,
       45.73641925590914
      ],
      [
       7.443978592689632,
       45.73749001336182
      ],
      [
       7.450403137405374,
       45.73606233675821
      ],
      [
       7.457541520422865,
       45.73463466015477
      ],
      [
       7.464322984289424,
       45.73463466015477
      ],
      [
       7.470747529005223,
       45.73749001336182
      ],
      [
       7.480027426928018,
       45.74034536656865
      ],
      [
       7.4835966184367635,
       45.74212996232302
      ],
      [
       7.488236567397962,
       45.74498531553007
      ],
      [
       7.4939472738120685,
       45.746412992133685
      ],
      [
       7.50037181852781,
       45.746412992133685
      ],
      [
       7.506796363243609,
       45.74248688147401
      ],
      [
       7.515362422864541,
       45.74141612402133
      ],
      [
       7.526069997390778,
       45.74141612402133
      ],
      [
       7.536420652766026,
       45.74248688147401
      ],
      [
       7.541774440029144,
       45.74284380062494
      ],
      [
       7.551054337951996,
       45.74391455807739
      ],
      [
       7.5608696146010175,
       45.745342234681004
      ],
      [
       7.567294159316816,
       45.74427147722838
      ],
      [
       7.577644814692064,
       45.74355763892663
      ],
      [
       7.58121400620081,
       45.74462839637931
      ],
      [
       7.58906622752022,
       45.74355763892663
      ],
      [
       7.596561529688472,
       45.74355763892663
      ],
      [
       7.608339861667389,
       45.74391455807739
      ],
      [
       7.617262840439253,
       45.74391455807739
      ],
      [
       7.6268996575128085,
       45.746412992133685
      ],
      [
       7.636893393737353,
       45.74462839637931
      ],
      [
       7.644745615056536,
       45.74284380062494
      ],
      [
       7.652240917224958,
       45.740702285719635
      ],
      [
       7.659379300242449,
       45.732493145249464
      ],
      [
       7.6629484917511945,
       45.72749627713728
      ],
      [
       7.669729955617754,
       45.71750254091279
      ],
      [
       7.672585308824807,
       45.7103641578953
      ],
      [
       7.672585308824807,
       45.70465345148119
      ],
      [
       7.670443793919446,
       45.69644431101125
      ],
      [
       7.669016117316062,
       45.6907336045972
      ],
      [
       7.672942227975739,
       45.68216754497627
      ],
      [
       7.678296015238857,
       45.6732445662044
      ],
      [
       7.68953896849132,
       45.661109315074555
      ],
      [
       7.694535836603507,
       45.65254325545362
      ],
      [
       7.702031138771929,
       45.64933098309564
      ],
      [
       7.707028006884116,
       45.64683254903957
      ],
      [
       7.715237147354287,
       45.64219260007815
      ],
      [
       7.7180925005612835,
       45.6386234085694
      ],
      [
       7.722375530371778,
       45.635411136211644
      ],
      [
       7.72880007508752,
       45.634697297909895
      ],
      [
       7.734510781501399,
       45.63112810640115
      ],
      [
       7.738436892161133,
       45.62506048083634
      ],
      [
       7.737366134708452,
       45.6189928552713
      ],
      [
       7.741292245368129,
       45.61256831055573
      ],
      [
       7.743790679424251,
       45.60757144244337
      ],
      [
       7.7495013858383,
       45.60400225093463
      ],
      [
       7.755569011403111,
       45.601860736029494
      ],
      [
       7.765919666778416,
       45.60078997857681
      ],
      [
       7.773771888097599,
       45.59829154452075
      ],
      [
       7.775454649290613,
       45.59761844004354
      ]
     ]
    ]
   },
   "properties": {
    "pid": "383635",
    "origin": "BAMap39",
    "notes": null,
    "strabo_name": "Douria"
   }
  },
  {
   "type": "Feature",
   "geometry": {
    "type": "MultiLineString",
    "coordinates": [
     [
      [
       7.775454649290613,
       45.59761844004354
      ],
      [
       7.782694866869463,
       45.594722353012
      ],
      [
       7.789196744068064,
       45.59242617314133
      ],
      [
       7.7963351270855545,
       45.5877862241799
      ],
      [
       7.802325420167563,
       45.58115942527871
      ],
      [
       7.805180773374616,
       45.57473488056297
      ],
      [
       7.812319156392107,
       45.56509806348936
      ],
      [
       7.818029862806156,
       45.56117195282968
      ],
      [
       7.822669811767582,
       45.556888923019244
      ],
      [
       7.824454407521955,
       45.549036701700004
      ],
      [
       7.827666679879769,
       45.54296907613519
      ],
      [
       7.831949709690207,
       45.53904296547552
      ],
      [
       7.8351619820481915,
       45.53547377396677
      ],
      [
       7.839980390584856,
       45.527145660446365
      ],
      [
       7.842002932439925,
       45.51941241217742
      ],
      [
       7.842745173468281,
       45.51822482653207
      ]
     ]
    ]
   },
   "properties": {
    "pid": "383635",
    "origin": "BAMap39",
    "notes": null,
    "strabo_name": "Douria"
   }
  },
  {
   "type": "Feature",
   "geometry": {
    "type": "MultiLineString",
    "coordinates": [
     [
      [
       7.842745173468281,
       45.51822482653207
      ],
      [
       7.8434900955685976,
       45.517032951171586
      ],
      [
       7.841408067188468,
       45.51138173128271
      ],
      [
       7.839623471434095,
       45.50424334826522
      ],
      [
       7.8402183366855525,
       45.497997263124944
      ],
      [
       7.842300365065682,
       45.492643475861826
      ],
      [
       7.8443823934457555,
       45.48937171697878
      ],
      [
       7.8485464502059585,
       45.48639739072149
      ],
      [
       7.851223343837546,
       45.48401792971566
      ],
      [
       7.85141763003099,
       45.48362935732877
      ]
     ]
    ]
   },
   "properties": {
    "pid": "383635",
    "origin": "BAMap39",
    "notes": null,
    "strabo_name": "Douria"
   }
  },
  {
   "type": "Feature",
   "geometry": {
    "type": "MultiLineString",
    "coordinates": [
     [
      [
       7.85141763003099,
       45.48362935732877
      ],
      [
       7.852413074340461,
       45.48163846870983
      ],
      [
       7.853602804843376,
       45.47658211407247
      ],
      [
       7.855982265849207,
       45.47241805731227
      ],
      [
       7.858361726855037,
       45.46914629842922
      ],
      [
       7.862228350989483,
       45.46527967429478
      ],
      [
       7.8660949751239855,
       45.46438737641756
      ],
      [
       7.873590277292237,
       45.465874539546235
      ],
      [
       7.879836362432513,
       45.46557710692048
      ],
      [
       7.885487582321389,
       45.463792511166105
      ],
      [
       7.890841369584507,
       45.461413050160274
      ],
      [
       7.894113128467495,
       45.4593310217802
      ],
      [
       7.8985746178534555,
       45.456654128148614
      ],
      [
       7.901846376736444,
       45.45486953239424
      ],
      [
       7.906010433496647,
       45.45159777351125
      ],
      [
       7.9077950292510195,
       45.448920879879665
      ],
      [
       7.910769355508307,
       45.44475682311946
      ],
      [
       7.911364220759765,
       45.44118763161072
      ],
      [
       7.911661653385522,
       45.437023574850514
      ],
      [
       7.911661653385522,
       45.43226465283885
      ],
      [
       7.909579625005392,
       45.429290326581565
      ],
      [
       7.906605298748104,
       45.426613432950035
      ],
      [
       7.906902731373862,
       45.424531404569905
      ],
      [
       7.908389894502477,
       45.42155707831262
      ],
      [
       7.911364220759765,
       45.41917761730679
      ],
      [
       7.91493341226851,
       45.41769045417817
      ],
      [
       7.918502603777256,
       45.416500723675256
      ],
      [
       7.922964093163216,
       45.414121262669426
      ],
      [
       7.924153823666131,
       45.41055207116068
      ],
      [
       7.923558958414674,
       45.406982879651935
      ],
      [
       7.922666660537459,
       45.40430598602035
      ],
      [
       7.924748688917589,
       45.40103422713736
      ],
      [
       7.926235852046204,
       45.39597787249994
      ],
      [
       7.926235852046204,
       45.39032665261112
      ],
      [
       7.924748688917589,
       45.38646002847662
      ],
      [
       7.923558958414674,
       45.38229597171642
      ],
      [
       7.922666660537459,
       45.378131914956214
      ],
      [
       7.9253435541690465,
       45.375157588698926
      ],
      [
       7.929210178303492,
       45.374860156073225
      ],
      [
       7.932779369812238,
       45.374860156073225
      ],
      [
       7.935456263443825,
       45.37307556031885
      ],
      [
       7.938133157075356,
       45.37188582981594
      ],
      [
       7.942297213835559,
       45.370398666687265
      ],
      [
       7.945866405344304,
       45.370101234061565
      ],
      [
       7.947247854561203,
       45.37036025578973
      ]
     ]
    ]
   },
   "properties": {
    "pid": "383635",
    "origin": "BAMap39",
    "notes": null,
    "strabo_name": "Douria"
   }
  },
  {
   "type": "Feature",
   "geometry": {
    "type": "MultiLineString",
    "coordinates": [
     [
      [
       7.947247854561203,
       45.37036025578973
      ],
      [
       7.950625327355965,
       45.37099353193872
      ],
      [
       7.95389708623901,
       45.37218326244164
      ],
      [
       7.9562765472448405,
       45.37158839719018
      ],
      [
       7.958061142999213,
       45.370101234061565
      ],
      [
       7.956871412496298,
       45.36742434042998
      ],
      [
       7.955979114619083,
       45.36504487942415
      ],
      [
       7.9562765472448405,
       45.362367985792616
      ],
      [
       7.953302220987553,
       45.35969109216103
      ],
      [
       7.95389708623901,
       45.357906496406656
      ],
      [
       7.9562765472448405,
       45.35493217014937
      ],
      [
       7.957466277747756,
       45.35195784389208
      ],
      [
       7.957763710373456,
       45.348388652383335
      ],
      [
       7.957168845121998,
       45.34452202824889
      ],
      [
       7.958656008250671,
       45.341250269365844
      ],
      [
       7.961630334507959,
       45.33916824098577
      ],
      [
       7.963712362888032,
       45.3376810778571
      ],
      [
       7.963117497636574,
       45.33411188634835
      ],
      [
       7.9604406040050435,
       45.33173242534252
      ],
      [
       7.955681681993383,
       45.32994782958815
      ],
      [
       7.953004788361795,
       45.32816323383378
      ],
      [
       7.952409923110338,
       45.32548634020225
      ],
      [
       7.953302220987553,
       45.32042998556483
      ],
      [
       7.95181505785888,
       45.31507619830171
      ],
      [
       7.948543298975892,
       45.311507006792965
      ],
      [
       7.946163837970062,
       45.308830113161434
      ],
      [
       7.947353568472977,
       45.30555835427839
      ],
      [
       7.952707355736095,
       45.30377375852402
      ],
      [
       7.9583585756249136,
       45.30169173014394
      ],
      [
       7.963117497636574,
       45.30079943226673
      ],
      [
       7.967281554396777,
       45.29931226913811
      ],
      [
       7.970255880654065,
       45.2984199712609
      ],
      [
       7.970850745905523,
       45.29514821237791
      ],
      [
       7.969958448028365,
       45.29306618399778
      ],
      [
       7.9654969586424045,
       45.291876453494865
      ],
      [
       7.962522632385117,
       45.29217388612062
      ],
      [
       7.959250873502128,
       45.291579020869165
      ],
      [
       7.955681681993383,
       45.289496992489035
      ],
      [
       7.953302220987553,
       45.28652266623175
      ],
      [
       7.953302220987553,
       45.284440637851674
      ],
      [
       7.955979114619083,
       45.282358609471544
      ],
      [
       7.960143171379286,
       45.28206117684584
      ],
      [
       7.965199526016704,
       45.282953474723
      ],
      [
       7.96876871752545,
       45.28325090734876
      ],
      [
       7.970553313279822,
       45.28087144634293
      ],
      [
       7.970553313279822,
       45.27819455271134
      ],
      [
       7.96876871752545,
       45.274327928576895
      ],
      [
       7.967281554396777,
       45.27046130444239
      ],
      [
       7.969363582776907,
       45.26808184343656
      ],
      [
       7.972635341659895,
       45.26689211293365
      ],
      [
       7.975312235291483,
       45.266594680307946
      ],
      [
       7.978583994174471,
       45.26540494980503
      ],
      [
       7.981260887806059,
       45.262728056173444
      ],
      [
       7.982153185683217,
       45.257076836284625
      ],
      [
       7.982748050934674,
       45.25202048164721
      ],
      [
       7.9809634551803015,
       45.24726155963572
      ],
      [
       7.982450618308974,
       45.24369236812697
      ],
      [
       7.9872095403206345,
       45.24131290712114
      ],
      [
       7.9913735970808375,
       45.240123176618226
      ],
      [
       7.993455625460911,
       45.23952831136677
      ],
      [
       7.995240221215283,
       45.237743715612396
      ],
      [
       7.995835086466741,
       45.23595911985802
      ],
      [
       8.00012932109963,
       45.23481399062259
      ]
     ]
    ]
   },
   "properties": {
    "pid": "383635",
    "origin": "BAMap39",
    "notes": null,
    "strabo_name": "Douria"
   }
  },
  {
   "type": "Feature",
   "geometry": {
    "type": "MultiLineString",
    "coordinates": [
     [
      [
       6.814548935841117,
       45.033728968308935
      ],
      [
       6.830907730256342,
       45.039380188197754
      ],
      [
       6.838640978525291,
       45.0426519470808
      ],
      [
       6.844292198413996,
       45.043841677583714
      ],
      [
       6.849348553051527,
       45.0471134364667
      ],
      [
       6.8517280140573575,
       45.050980060601205
      ],
      [
       6.858271531823391,
       45.05752357836724
      ],
      [
       6.8615432907062655,
       45.05871330887015
      ],
      [
       6.870168836852542,
       45.0622825003789
      ],
      [
       6.875820056741247,
       45.063769663507514
      ],
      [
       6.87998411350145,
       45.066149124513345
      ],
      [
       6.883255872384609,
       45.06971831602209
      ],
      [
       6.886527631267484,
       45.07269264227938
      ],
      [
       6.8966403405422625,
       45.07745156429104
      ],
      [
       6.903778723559753,
       45.07983102529687
      ],
      [
       6.908240212945827,
       45.083400216805614
      ],
      [
       6.914188865460403,
       45.0860771104372
      ],
      [
       6.9207323832264365,
       45.08875400406873
      ],
      [
       6.924004142109311,
       45.090538599823105
      ],
      [
       6.926681035741012,
       45.092620628203235
      ],
      [
       6.932629688255588,
       45.09440522395761
      ],
      [
       6.935604014512876,
       45.095000089209066
      ],
      [
       6.939173206021621,
       45.09916414596927
      ],
      [
       6.941850099653038,
       45.10243590485226
      ],
      [
       6.9472038869161565,
       45.1057076637353
      ],
      [
       6.955234567810976,
       45.10838455736683
      ],
      [
       6.961183220325552,
       45.11046658574696
      ],
      [
       6.969511333845958,
       45.11403577725571
      ],
      [
       6.975162553734663,
       45.11879469926737
      ],
      [
       6.979921475746323,
       45.122661323401815
      ],
      [
       6.994495674407176,
       45.12682538016202
      ],
      [
       7.009664738319202,
       45.13069200429652
      ],
      [
       7.017397986588151,
       45.13247660005089
      ],
      [
       7.022156908599811,
       45.13128686954798
      ],
      [
       7.0278081284888,
       45.13069200429652
      ],
      [
       7.0316747526231325,
       45.12920484116785
      ],
      [
       7.035243944131878,
       45.129502273793605
      ],
      [
       7.042977192400826,
       45.13336889792805
      ],
      [
       7.0474386817869,
       45.131881734799435
      ],
      [
       7.053387334301476,
       45.13336889792805
      ],
      [
       7.0599308520675095,
       45.13396376317951
      ],
      [
       7.0682589655879156,
       45.134558628430966
      ],
      [
       7.073612752851034,
       45.13396376317951
      ],
      [
       7.078371674862694,
       45.13158430217368
      ],
      [
       7.083428029499942,
       45.13128686954798
      ],
      [
       7.09116127776889,
       45.13128686954798
      ],
      [
       7.099786823915167,
       45.13336889792805
      ],
      [
       7.10841237006116,
       45.13545092630818
      ],
      [
       7.117037916207437,
       45.136938089436796
      ],
      [
       7.122986568722013,
       45.137532954688254
      ],
      [
       7.1328018453709205,
       45.13545092630818
      ],
      [
       7.13818811017785,
       45.13821383606478
      ],
      [
       7.144136762692426,
       45.13821383606478
      ],
      [
       7.149490549955544,
       45.136131807684706
      ],
      [
       7.151572578335674,
       45.13583437505895
      ],
      [
       7.1548443372186625,
       45.13672667293616
      ],
      [
       7.15781866347595,
       45.13553694243325
      ],
      [
       7.16861273350878,
       45.13396376317951
      ],
      [
       7.172181925017526,
       45.134261195805266
      ],
      [
       7.174858818649113,
       45.13366633055381
      ],
      [
       7.177833144906401,
       45.13247660005089
      ],
      [
       7.180807471163689,
       45.13277403267659
      ],
      [
       7.184674095298135,
       45.13307146530235
      ],
      [
       7.193299641444298,
       45.13069200429652
      ],
      [
       7.197463698204501,
       45.12771767803923
      ],
      [
       7.202222620216162,
       45.12593308228486
      ],
      [
       7.209063570607896,
       45.125040784407645
      ],
      [
       7.216796818876844,
       45.125040784407645
      ],
      [
       7.223042904017177,
       45.12295875602757
      ],
      [
       7.228694123905996,
       45.12295875602757
      ],
      [
       7.232560748040498,
       45.1214715928989
      ],
      [
       7.236724804800701,
       45.119389564518826
      ],
      [
       7.240293996309447,
       45.117902401390154
      ],
      [
       7.245350350946808,
       45.117902401390154
      ],
      [
       7.248919542455553,
       45.117010103512996
      ],
      [
       7.252786166590056,
       45.114630642507166
      ],
      [
       7.255463060221587,
       45.112251181501335
      ],
      [
       7.259032251730332,
       45.11106145099842
      ],
      [
       7.263791173741993,
       45.11314347937849
      ],
      [
       7.267657797876495,
       45.11582037301008
      ],
      [
       7.2697398262565684,
       45.11641523826154
      ],
      [
       7.2739038830167715,
       45.11522550775862
      ],
      [
       7.277770507151274,
       45.11433320988141
      ],
      [
       7.2843140249173075,
       45.114630642507166
      ],
      [
       7.2893703795546685,
       45.114928075132866
      ],
      [
       7.294426734192086,
       45.11344091200425
      ],
      [
       7.298293358326532,
       45.11165631624988
      ],
      [
       7.301862549835278,
       45.10868198999259
      ],
      [
       7.304242010841108,
       45.10719482686392
      ],
      [
       7.307513769724153,
       45.107492259489675
      ],
      [
       7.311380393858599,
       45.10868198999259
      ],
      [
       7.314949585367344,
       45.10927685524405
      ],
      [
       7.32089823788192,
       45.110169153121205
      ],
      [
       7.324169996764965,
       45.11195374887558
      ],
      [
       7.329523784028083,
       45.11195374887558
      ],
      [
       7.332795542911072,
       45.11135888362412
      ],
      [
       7.338744195425647,
       45.11373834462995
      ],
      [
       7.343205684811608,
       45.11344091200425
      ],
      [
       7.350938933080556,
       45.11165631624988
      ],
      [
       7.36224137285825,
       45.10897942261829
      ],
      [
       7.368190025372826,
       45.107492259489675
      ],
      [
       7.374138677887402,
       45.10392306798093
      ],
      [
       7.3771130041446895,
       45.100353876472184
      ],
      [
       7.378897599899062,
       45.097676982840596
      ],
      [
       7.3812770609048926,
       45.09708211758914
      ],
      [
       7.385738550290796,
       45.097379550214896
      ],
      [
       7.389605174425299,
       45.095892387086224
      ],
      [
       7.39466152906266,
       45.09440522395761
      ],
      [
       7.398825585822863,
       45.09351292608039
      ],
      [
       7.402692209957365,
       45.09232319557748
      ],
      [
       7.4080459972204835,
       45.09232319557748
      ],
      [
       7.4122100539806866,
       45.09202576295178
      ],
      [
       7.418456139120963,
       45.090538599823105
      ],
      [
       7.430948309401572,
       45.090538599823105
      ],
      [
       7.435707231413232,
       45.08994373457165
      ],
      [
       7.442548181805023,
       45.08875400406873
      ],
      [
       7.451768593202587,
       45.08934886932019
      ],
      [
       7.466045359237569,
       45.090538599823105
      ],
      [
       7.47764523164102,
       45.09202576295178
      ],
      [
       7.483593884155596,
       45.09410779133185
      ],
      [
       7.490137401921629,
       45.095297521834766
      ],
      [
       7.4945988913075325,
       45.095000089209066
      ],
      [
       7.49727578493912,
       45.09351292608039
      ],
      [
       7.5059013310852265,
       45.09470265658331
      ],
      [
       7.51244484885126,
       45.09559495446052
      ],
      [
       7.520475529745966,
       45.097676982840596
      ],
      [
       7.526721614886242,
       45.098271848092054
      ],
      [
       7.533562565278032,
       45.098271848092054
      ],
      [
       7.540700948295523,
       45.097379550214896
      ],
      [
       7.543675274552811,
       45.09708211758914
      ],
      [
       7.549029061815929,
       45.095892387086224
      ],
      [
       7.552598253324675,
       45.09470265658331
      ],
      [
       7.557059742710578,
       45.092918060828936
      ],
      [
       7.560331501593623,
       45.09172833032602
      ],
      [
       7.568362182488272,
       45.09321549345469
      ],
      [
       7.578474891763051,
       45.09381035870615
      ],
      [
       7.585018409529084,
       45.09410779133185
      ],
      [
       7.590372196792202,
       45.095297521834766
      ],
      [
       7.593941388300948,
       45.09648725233768
      ],
      [
       7.597808012435451,
       45.09708211758914
      ],
      [
       7.6007823386927384,
       45.095892387086224
      ],
      [
       7.6028643670728115,
       45.09410779133185
      ],
      [
       7.606433558581557,
       45.092620628203235
      ],
      [
       7.608813019587387,
       45.092918060828936
      ],
      [
       7.611192480593218,
       45.09381035870615
      ],
      [
       7.616843700482093,
       45.09232319557748
      ],
      [
       7.619223161487923,
       45.092918060828936
      ],
      [
       7.620115459365081,
       45.09440522395761
      ],
      [
       7.622197487745211,
       45.09440522395761
      ],
      [
       7.623089785622369,
       45.09321549345469
      ],
      [
       7.626658977131115,
       45.09202576295178
      ],
      [
       7.628443572885487,
       45.090241167197405
      ],
      [
       7.6317153317685325,
       45.08845657144303
      ],
      [
       7.637961416908809,
       45.08994373457165
      ],
      [
       7.643612636797684,
       45.08994373457165
      ],
      [
       7.6450997999262995,
       45.090538599823105
      ],
      [
       7.64956128931226,
       45.08994373457165
      ],
      [
       7.654915076575378,
       45.08756427356582
      ],
      [
       7.660268863838496,
       45.088159138817275
      ],
      [
       7.662945757470027,
       45.08875400406873
      ],
      [
       7.664432920598699,
       45.09232319557748
      ],
      [
       7.670084140487518,
       45.09083603244886
      ],
      [
       7.678412254007924,
       45.08905143669449
      ],
      [
       7.683468608645342,
       45.0863745430629
      ],
      [
       7.687037800154087,
       45.08369764943137
      ],
      [
       7.689714693785618,
       45.081020755799784
      ],
      [
       7.692391587417205,
       45.07893872741971
      ],
      [
       7.695068481048736,
       45.07685669903958
      ],
      [
       7.698518699507076,
       45.075369535910966
      ],
      [
       7.708631408781855,
       45.076261833788124
      ],
      [
       7.715472359173759,
       45.07596440116242
      ],
      [
       7.721123579062464,
       45.07745156429104
      ],
      [
       7.727908479116309,
       45.07830244656304
      ]
     ]
    ]
   },
   "properties": {
    "pid": "383636",
    "origin": "BAMap39",
    "notes": null,
    "strabo_name": "Douria"
   }
  },
  {
   "type": "Feature",
   "geometry": {
    "type": "MultiLineString",
    "coordinates": [
     [
      [
       7.154335967473701,
       45.464411410364185
      ],
      [
       7.161176917865463,
       45.462329381984084
      ],
      [
       7.168315300882954,
       45.459652488352525
      ],
      [
       7.177833144906275,
       45.45786789259815
      ],
      [
       7.1873509889295955,
       45.45638072946951
      ],
      [
       7.19597653507573,
       45.45400126846368
      ],
      [
       7.202520052841764,
       45.450134644329204
      ],
      [
       7.206089244350509,
       45.44775518332337
      ],
      [
       7.21084816636217,
       45.44448342444036
      ],
      [
       7.215012223122373,
       45.44091423293161
      ],
      [
       7.220366010385491,
       45.43793990667432
      ],
      [
       7.228694123905897,
       45.43556044566849
      ],
      [
       7.237022237426303,
       45.434965580417035
      ],
      [
       7.24505291832098,
       45.43615531091995
      ],
      [
       7.2521913013384705,
       45.43704760879714
      ],
      [
       7.254273329718572,
       45.43883220455151
      ],
      [
       7.258139953853046,
       45.442103963434526
      ],
      [
       7.265278336870537,
       45.445078289691814
      ],
      [
       7.26944239363074,
       45.44537572231754
      ],
      [
       7.272416719888028,
       45.44656545282046
      ],
      [
       7.275093613519587,
       45.44864748120056
      ],
      [
       7.27687820927396,
       45.449837211703475
      ],
      [
       7.279555102905519,
       45.45072950958066
      ],
      [
       7.282529429162807,
       45.452514105335034
      ],
      [
       7.284908890168637,
       45.45548843159232
      ],
      [
       7.287883216425925,
       45.45757045997242
      ],
      [
       7.29412930156623,
       45.459652488352525
      ],
      [
       7.300672819332263,
       45.46024735360398
      ],
      [
       7.3069189044725675,
       45.46084221885544
      ],
      [
       7.3125701243614145,
       45.45905762310107
      ],
      [
       7.317329046373075,
       45.45667816209524
      ],
      [
       7.321195670507549,
       45.454596133715135
      ],
      [
       7.325062294642023,
       45.452216672709305
      ],
      [
       7.331605812408056,
       45.450134644329204
      ],
      [
       7.337257032296903,
       45.4480526159491
      ],
      [
       7.3423133869342925,
       45.44626802019473
      ],
      [
       7.347369741571682,
       45.4438885591889
      ],
      [
       7.3521286635833425,
       45.442103963434526
      ],
      [
       7.357482450846461,
       45.440319367680154
      ],
      [
       7.3619439402323925,
       45.43853477192578
      ],
      [
       7.368487457998426,
       45.437642474048594
      ],
      [
       7.375923273641646,
       45.43675017617141
      ],
      [
       7.381277060904764,
       45.43645274354568
      ],
      [
       7.389010309173712,
       45.43615531091995
      ],
      [
       7.397635855319846,
       45.437345041422866
      ],
      [
       7.4071536993431675,
       45.43883220455151
      ],
      [
       7.414886947612116,
       45.43853477192578
      ],
      [
       7.421727898003878,
       45.43853477192578
      ],
      [
       7.428866281021369,
       45.43556044566849
      ],
      [
       7.432732905155843,
       45.43318098466266
      ],
      [
       7.434814933535945,
       45.4305040910311
      ],
      [
       7.439276422921877,
       45.42812463002527
      ],
      [
       7.441358451301978,
       45.425150303767985
      ],
      [
       7.447604536442283,
       45.42396057326507
      ],
      [
       7.458906976219977,
       45.4221759775107
      ],
      [
       7.4648556287345516,
       45.42128367963351
      ],
      [
       7.470804281249127,
       45.41920165125341
      ],
      [
       7.47496833800933,
       45.415632459744664
      ],
      [
       7.479429827395262,
       45.412955566113105
      ],
      [
       7.483891316781194,
       45.412658133487376
      ],
      [
       7.489245104044312,
       45.41414529661602
      ],
      [
       7.4922194303016,
       45.41444272924175
      ],
      [
       7.496086054436074,
       45.41355043136456
      ],
      [
       7.500547543822006,
       45.413252998738834
      ],
      [
       7.504711600582209,
       45.41206326823592
      ],
      [
       7.512444848851158,
       45.41355043136456
      ],
      [
       7.516608905611361,
       45.41384786399029
      ],
      [
       7.521962692874479,
       45.41384786399029
      ],
      [
       7.526424182260411,
       45.41384786399029
      ],
      [
       7.532075402149258,
       45.415335027118935
      ],
      [
       7.534454863155088,
       45.41652475762185
      ],
      [
       7.53861891991529,
       45.417714488124766
      ],
      [
       7.5409983809211205,
       45.41860678600195
      ],
      [
       7.54367527455268,
       45.418011920750494
      ],
      [
       7.546947033435696,
       45.41949908387914
      ],
      [
       7.549921359692984,
       45.4221759775107
      ],
      [
       7.552895685950272,
       45.42336570801361
      ],
      [
       7.559439203716305,
       45.42485287114226
      ],
      [
       7.5662801541080675,
       45.42693489952236
      ],
      [
       7.572228806622643,
       45.427827197399544
      ],
      [
       7.575797998131389,
       45.42723233214809
      ],
      [
       7.57788002651149,
       45.425150303767985
      ],
      [
       7.580854352768778,
       45.42455543851653
      ],
      [
       7.589479898914913,
       45.425447736393714
      ],
      [
       7.594833686178031,
       45.42574516901944
      ],
      [
       7.5987003103125055,
       45.42723233214809
      ],
      [
       7.601377203944065,
       45.428422062651
      ],
      [
       7.6073258564586395,
       45.42723233214809
      ],
      [
       7.613274508973215,
       45.42485287114226
      ],
      [
       7.615356537353317,
       45.42128367963351
      ],
      [
       7.618925728862062,
       45.418011920750494
      ],
      [
       7.6227923529965365,
       45.41474016186748
      ],
      [
       7.6269564097567395,
       45.41206326823592
      ],
      [
       7.632310197019858,
       45.40968380723009
      ],
      [
       7.635879388528603,
       45.407899211475716
      ],
      [
       7.640638310540264,
       45.407899211475716
      ],
      [
       7.644802367300467,
       45.40492488521843
      ],
      [
       7.651048452440771,
       45.40165312633541
      ],
      [
       7.659673998586906,
       45.398381367452394
      ],
      [
       7.665920083727211,
       45.396001906446564
      ],
      [
       7.671273870990329,
       45.39154041706063
      ],
      [
       7.676627658253446,
       45.38559176454606
      ],
      [
       7.684063473896666,
       45.38261743828877
      ],
      [
       7.6876326654054115,
       45.378453381528566
      ],
      [
       7.692391587417072,
       45.376073920522735
      ],
      [
       7.695663346300089,
       45.37309959426545
      ],
      [
       7.698042807305919,
       45.36982783538243
      ],
      [
       7.702504296691851,
       45.36834067225379
      ],
      [
       7.706668353452054,
       45.36685350912514
      ],
      [
       7.709047814457884,
       45.3653663459965
      ],
      [
       7.711724708089443,
       45.3632843176164
      ],
      [
       7.713509303843816,
       45.361202289236296
      ],
      [
       7.715293899598189,
       45.35793053035328
      ],
      [
       7.7170784953525615,
       45.354361338844534
      ],
      [
       7.720945119487036,
       45.35019728208433
      ],
      [
       7.725704041498696,
       45.346628090575585
      ],
      [
       7.729868098258899,
       45.34216660118965
      ],
      [
       7.732842424516187,
       45.339192274932365
      ],
      [
       7.735816750773475,
       45.336515381300806
      ],
      [
       7.739088509656492,
       45.332053891914875
      ],
      [
       7.7423602685395085,
       45.32521294152311
      ],
      [
       7.747416623176897,
       45.32015658688572
      ],
      [
       7.751878112562829,
       45.317479693254164
      ],
      [
       7.757231899825947,
       45.31539766487406
      ],
      [
       7.761990821837608,
       45.31301820386823
      ],
      [
       7.767344609100726,
       45.31153104073959
      ],
      [
       7.770021502732285,
       45.30944901235949
      ],
      [
       7.770021502732285,
       45.307069551353656
      ],
      [
       7.7712112332352,
       45.30379779247064
      ],
      [
       7.774780424743946,
       45.30052603358762
      ],
      [
       7.778052183626962,
       45.29814657258179
      ],
      [
       7.78102650988425,
       45.29606454420169
      ],
      [
       7.783108538264352,
       45.2930902179444
      ],
      [
       7.784000836141538,
       45.290413324312844
      ],
      [
       7.785190566644453,
       45.28595183492691
      ],
      [
       7.786380297147368,
       45.28208521079244
      ],
      [
       7.78846232552747,
       45.27970574978661
      ],
      [
       7.7932212475391305,
       45.278218586657964
      ],
      [
       7.797682736925062,
       45.27494682777495
      ],
      [
       7.799764765305164,
       45.2713776362662
      ],
      [
       7.800062197930893,
       45.2651315511259
      ],
      [
       7.800954495808079,
       45.25977776386278
      ],
      [
       7.8030365241881805,
       45.25442397659966
      ],
      [
       7.806903148322655,
       45.25055735246519
      ],
      [
       7.809877474579943,
       45.24907018933654
      ],
      [
       7.811662070334315,
       45.2475830262079
      ],
      [
       7.811662070334315,
       45.243418969447696
      ],
      [
       7.810174907205671,
       45.241336941067594
      ],
      [
       7.809282609328485,
       45.23806518218458
      ],
      [
       7.8104723398314,
       45.233901125424374
      ],
      [
       7.813446666088688,
       45.23033193391563
      ],
      [
       7.815231261843061,
       45.22735760765834
      ],
      [
       7.816123559720247,
       45.22468071402678
      ],
      [
       7.819097885977534,
       45.22349098352387
      ],
      [
       7.822964510112008,
       45.221408955143765
      ],
      [
       7.82742599949794,
       45.21962435938939
      ],
      [
       7.831590056258143,
       45.21575773525492
      ],
      [
       7.833969517263974,
       45.213973139500546
      ],
      [
       7.839025871901363,
       45.21129624586899
      ],
      [
       7.84467709179021,
       45.20951165011462
      ],
      [
       7.847948850673227,
       45.20772705436025
      ],
      [
       7.850328311679057,
       45.20505016072869
      ],
      [
       7.8524103400591585,
       45.20296813234859
      ],
      [
       7.856276964193633,
       45.20058867134276
      ],
      [
       7.859548723076649,
       45.198804075588384
      ],
      [
       7.862820481959666,
       45.19672204720828
      ],
      [
       7.865794808216954,
       45.194045153576724
      ],
      [
       7.868769134474242,
       45.191368259945165
      ],
      [
       7.873111650809882,
       45.18461059068861
      ],
      [
       7.87370651606134,
       45.182528562308505
      ]
     ]
    ]
   },
   "properties": {
    "pid": "383723",
    "origin": "BAMap39",
    "notes": null,
    "strabo_name": null
   }
  },
  {
   "type": "Feature",
   "geometry": {
    "type": "MultiLineString",
    "coordinates": [
     [
      [
       7.579416450457188,
       45.20175631368801
      ],
      [
       7.581378787157803,
       45.200693381308554
      ],
      [
       7.585947352288997,
       45.19745731434057
      ],
      [
       7.590135203659202,
       45.19517303177497
      ],
      [
       7.592990556866255,
       45.19345981985083
      ],
      [
       7.597559121997392,
       45.1907948235243
      ],
      [
       7.600604832084912,
       45.18870089783917
      ],
      [
       7.6026987577700424,
       45.18508411711025
      ],
      [
       7.606125181618324,
       45.18165769326191
      ],
      [
       7.612216601793364,
       45.17861198317445
      ],
      [
       7.618308021968176,
       45.17594698684786
      ],
      [
       7.6232573008603595,
       45.17290127676034
      ],
      [
       7.627445152230564,
       45.17080735107527
      ],
      [
       7.63068121919855,
       45.16909413915113
      ],
      [
       7.6331558586446135,
       45.16452557401993
      ],
      [
       7.63848585129773,
       45.16090879329113
      ],
      [
       7.644006200831143,
       45.15691129880122
      ],
      [
       7.649907264125659,
       45.154246302474746
      ],
      [
       7.653333687973998,
       45.15329451807236
      ],
      [
       7.658092609985658,
       45.154627016235736
      ],
      [
       7.662090104475567,
       45.154627016235736
      ],
      [
       7.665897242084782,
       45.15405594559428
      ],
      [
       7.670846520976966,
       45.151581306148216
      ],
      [
       7.673892231064485,
       45.1485355960607
      ],
      [
       7.675986156749559,
       45.1456802428537
      ],
      [
       7.679983651239297,
       45.14434774469049
      ],
      [
       7.684171502609502,
       45.14358631716857
      ],
      [
       7.687026855816555,
       45.14092132084204
      ],
      [
       7.691405064067283,
       45.14054060708122
      ],
      [
       7.694070060393813,
       45.14168274836396
      ],
      [
       7.699400053046929,
       45.140730963961516
      ],
      [
       7.705872186982731,
       45.1369238263523
      ],
      [
       7.711011822755324,
       45.13444918690618
      ],
      [
       7.715770744766985,
       45.13235526122111
      ],
      [
       7.723004306224709,
       45.12911919425312
      ],
      [
       7.727572871355903,
       45.12797705297038
      ],
      [
       7.731951079606631,
       45.12721562544846
      ],
      [
       7.734996789694151,
       45.126454197926535
      ],
      [
       7.736900358498758,
       45.12664455480706
      ],
      [
       7.7380424997816135,
       45.12436027224146
      ],
      [
       7.739374997944822,
       45.1224567034368
      ],
      [
       7.742420708032341,
       45.121124205273645
      ],
      [
       7.746608559402546,
       45.12226634655633
      ],
      [
       7.747750700685458,
       45.12302777407825
      ],
      [
       7.751748195175196,
       45.12340848783924
      ],
      [
       7.754032477740793,
       45.12416991536094
      ],
      [
       7.7568878309477896,
       45.12493134288286
      ],
      [
       7.760694968557061,
       45.12569277040478
      ],
      [
       7.765263533688264,
       45.127405982328916
      ],
      [
       7.772828125822838,
       45.12686158749386
      ]
     ],
     [
      [
       7.495243655019465,
       45.26928376814209
      ],
      [
       7.499144614796194,
       45.267699003232735
      ],
      [
       7.50238068176418,
       45.263701508743
      ],
      [
       7.506568533134384,
       45.262369010579675
      ],
      [
       7.51018531386336,
       45.260846155536
      ],
      [
       7.514182808353098,
       45.25741973168749
      ],
      [
       7.518180302842836,
       45.255135449121894
      ],
      [
       7.522368154213041,
       45.25494509224143
      ],
      [
       7.523891009256886,
       45.252470452795365
      ],
      [
       7.527127076224701,
       45.248472958305626
      ],
      [
       7.5309342138341435,
       45.24428510693542
      ],
      [
       7.535693135845804,
       45.241620110608835
      ],
      [
       7.539500273455076,
       45.23781297299945
      ],
      [
       7.5415941991402065,
       45.2347672629121
      ],
      [
       7.545210979869125,
       45.23229262346604
      ],
      [
       7.5507313294027085,
       45.229437270258984
      ],
      [
       7.555299894533903,
       45.226772273932454
      ],
      [
       7.558345604621252,
       45.22201335192079
      ],
      [
       7.560058816545563,
       45.21858692807234
      ],
      [
       7.564056311035301,
       45.21287622165846
      ],
      [
       7.567863448644573,
       45.209259440929486
      ],
      [
       7.572051300014948,
       45.20640408772249
      ],
      [
       7.576810222026609,
       45.203168020754674
      ],
      [
       7.579416450457188,
       45.20175631368801
      ]
     ],
     [
      [
       7.495243655019465,
       45.26928376814209
      ],
      [
       7.498383187274442,
       45.27055435643979
      ],
      [
       7.501048183600801,
       45.269792928917866
      ],
      [
       7.505616748731995,
       45.26750864635227
      ],
      [
       7.509994956982894,
       45.263701508743
      ],
      [
       7.515134592755317,
       45.26160758305775
      ],
      [
       7.5193224441257485,
       45.26008472801408
      ],
      [
       7.524652436778638,
       45.25913294361163
      ],
      [
       7.527317433105225,
       45.25780044544848
      ],
      [
       7.531314927595133,
       45.25399330783921
      ],
      [
       7.5343606376824255,
       45.25018617022977
      ],
      [
       7.539309916574609,
       45.24714046014225
      ],
      [
       7.5448302661081925,
       45.244094750054956
      ],
      [
       7.55187347068545,
       45.24085868308691
      ],
      [
       7.556251678936121,
       45.23648047483624
      ],
      [
       7.56024917342603,
       45.23191190970505
      ],
      [
       7.561581671589238,
       45.228485485856595
      ],
      [
       7.562533455991627,
       45.22429763448639
      ],
      [
       7.564817738557224,
       45.219729069355196
      ],
      [
       7.568815233046962,
       45.21554121798499
      ],
      [
       7.570909158732093,
       45.21249550789747
      ],
      [
       7.5747162963413075,
       45.210211225331875
      ],
      [
       7.578142720189817,
       45.207546229005345
      ],
      [
       7.578904147711739,
       45.204881232678815
      ],
      [
       7.579416450457188,
       45.20175631368801
      ]
     ],
     [
      [
       7.38873762412568,
       45.311100371979016
      ],
      [
       7.393115832376338,
       45.30824501877203
      ],
      [
       7.3974940406271354,
       45.303105382999426
      ],
      [
       7.400539750714586,
       45.29815610410742
      ],
      [
       7.400539750714586,
       45.293968252737045
      ],
      [
       7.400349393834119,
       45.29111289953016
      ],
      [
       7.402252962638784,
       45.28768647568171
      ],
      [
       7.407202241530911,
       45.28540219311611
      ],
      [
       7.411770806662105,
       45.284450408713724
      ],
      [
       7.415197230510557,
       45.28330826743098
      ],
      [
       7.419956152522218,
       45.281404698626375
      ],
      [
       7.424905431414345,
       45.27702649037565
      ],
      [
       7.432138992872069,
       45.27398078028813
      ],
      [
       7.438230413046938,
       45.27112542708113
      ],
      [
       7.444321833221977,
       45.27036399955921
      ],
      [
       7.449461468994571,
       45.27074471332014
      ],
      [
       7.453078249723376,
       45.269602572037456
      ],
      [
       7.455743246049906,
       45.267889360113145
      ],
      [
       7.457646814854513,
       45.26503400690626
      ],
      [
       7.45993109742011,
       45.26141722617734
      ],
      [
       7.463547878149086,
       45.25856187297029
      ],
      [
       7.470020012084888,
       45.25761008856807
      ],
      [
       7.475159647857538,
       45.2602750848946
      ],
      [
       7.478776428586286,
       45.263130438101484
      ],
      [
       7.4816317817933395,
       45.267508646352326
      ],
      [
       7.485058205641792,
       45.26979292891792
      ],
      [
       7.4892460570119965,
       45.27036399955921
      ],
      [
       7.493053194621325,
       45.2701736426788
      ],
      [
       7.495243655019465,
       45.26928376814209
      ]
     ]
    ]
   },
   "properties": {
    "pid": "383785",
    "origin": "BAMap39",
    "notes": null,
    "strabo_name": null
   }
  },
  {
   "type": "Feature",
   "geometry": {
    "type": "MultiLineString",
    "coordinates": [
     [
      [
       6.910937888386741,
       44.29910370889428
      ],
      [
       6.909986103984522,
       44.30314879260419
      ],
      [
       6.911651726688433,
       44.30719387631416
      ],
      [
       6.913317349392571,
       44.309811283420515
      ],
      [
       6.912365564990353,
       44.31171485222512
      ],
      [
       6.909034319582133,
       44.31433225933165
      ],
      [
       6.907844589079218,
       44.31813939694092
      ],
      [
       6.90855842738091,
       44.32099475014792
      ],
      [
       6.913793241593794,
       44.32480188775719
      ],
      [
       6.91974189410837,
       44.329084917567855
      ],
      [
       6.926642331025334,
       44.33574740838412
      ],
      [
       6.934256606243821,
       44.341458114798
      ],
      [
       6.939253474356178,
       44.34574114460867
      ],
      [
       6.943536504166673,
       44.34740676731258
      ],
      [
       6.947105695675418,
       44.34740676731258
      ],
      [
       6.950674887184164,
       44.345265252407444
      ],
      [
       6.955195863095298,
       44.34502730630675
      ],
      [
       6.959478892905736,
       44.34288579140161
      ],
      [
       6.9642378149173965,
       44.340982222597006
      ],
      [
       6.973517712840021,
       44.34050633039578
      ],
      [
       6.983035556863342,
       44.33931659989287
      ],
      [
       6.992553400886663,
       44.33574740838412
      ],
      [
       6.999929730004851,
       44.3324161629759
      ],
      [
       7.0039748137148194,
       44.329322863668324
      ],
      [
       7.0123029272352255,
       44.32289831895258
      ],
      [
       7.017299795347412,
       44.318853235242614
      ],
      [
       7.022296663459542,
       44.312190744426346
      ],
      [
       7.028959154276038,
       44.30552825361002
      ],
      [
       7.036811375595221,
       44.300293439397194
      ],
      [
       7.045853327417376,
       44.296248355687226
      ],
      [
       7.052039926032421,
       44.296248355687226
      ],
      [
       7.062271608357662,
       44.2960104095867
      ],
      [
       7.069172045274456,
       44.29838987059253
      ],
      [
       7.078927835398474,
       44.30148316990011
      ],
      [
       7.083686757410135,
       44.3021970082018
      ],
      [
       7.092728709232233,
       44.30053138549789
      ],
      [
       7.098677361746809,
       44.30053138549789
      ],
      [
       7.105339852563134,
       44.30124522379958
      ],
      [
       7.113192073882317,
       44.30386263090594
      ],
      [
       7.119854564698585,
       44.30576619971055
      ],
      [
       7.128658570420214,
       44.30648003801247
      ],
      [
       7.136272845638928,
       44.30648003801247
      ],
      [
       7.150430638623618,
       44.30719387631416
      ],
      [
       7.171845787676091,
       44.309811283420515
      ],
      [
       7.192071206225648,
       44.309811283420515
      ],
      [
       7.208489487165764,
       44.31195279832582
      ],
      [
       7.223004199301442,
       44.313142528828735
      ],
      [
       7.231808205023071,
       44.31385636713043
      ],
      [
       7.239422480241558,
       44.315521989834565
      ],
      [
       7.243705510052052,
       44.31671172033748
      ],
      [
       7.251129428390243,
       44.3174731478594
      ],
      [
       7.257601562326045,
       44.31766350473987
      ],
      [
       7.263692982501084,
       44.317282790978936
      ],
      [
       7.26902297515403,
       44.315188865293806
      ],
      [
       7.278160105416532,
       44.312523868967276
      ],
      [
       7.286726165037464,
       44.31157208456483
      ],
      [
       7.296053652180319,
       44.31023958640168
      ],
      [
       7.304048641159966,
       44.30928780199929
      ],
      [
       7.310475565336617,
       44.30821704454678
      ],
      [
       7.3190868347167,
       44.30452887998763
      ],
      [
       7.325178254891682,
       44.30509995062903
      ],
      [
       7.331414822187924,
       44.30764597390532
      ],
      [
       7.342310374133717,
       44.31004922952121
      ],
      [
       7.355444998885844,
       44.311381727684534
      ],
      [
       7.363249630984967,
       44.31119137080407
      ],
      [
       7.3697217649208255,
       44.310810657043135
      ],
      [
       7.377861901021788,
       44.31221453903652
      ],
      [
       7.384714748718579,
       44.31373739408019
      ],
      [
       7.389899594250323,
       44.31633100657649
      ],
      [
       7.397513869468867,
       44.31956707354453
      ],
      [
       7.40265350524146,
       44.32546813683905
      ],
      [
       7.40774793125496,
       44.32896594451756
      ],
      [
       7.4136942043086265,
       44.329655988209254
      ],
      [
       7.416549557515509,
       44.333843839579515
      ],
      [
       7.416694704636825,
       44.33772236101896
      ],
      [
       7.4194049107225055,
       44.33841240471065
      ],
      [
       7.421498836407636,
       44.33784133406925
      ],
      [
       7.423212048331948,
       44.33841240471065
      ],
      [
       7.424499336736005,
       44.34038735734555
      ],
      [
       7.422260263929559,
       44.34202918543963
      ],
      [
       7.418072412559354,
       44.3435520404833
      ],
      [
       7.421689193288103,
       44.345265252407444
      ],
      [
       7.42663847218023,
       44.3458363230489
      ],
      [
       7.4325395354748025,
       44.344313468005225
      ],
      [
       7.439011669410604,
       44.34145811479817
      ],
      [
       7.448148799672936,
       44.340887044156716
      ],
      [
       7.454430576728271,
       44.34107740103724
      ],
      [
       7.463758063871296,
       44.34317132672231
      ],
      [
       7.470230197807098,
       44.34564596616838
      ],
      [
       7.473275907894617,
       44.347359178092574
      ],
      [
       7.4763216179819665,
       44.34850131937543
      ],
      [
       7.480509469352171,
       44.34773989185351
      ],
      [
       7.482032324396016,
       44.34983381753864
      ],
      [
       7.484126250081147,
       44.35364095514808
      ],
      [
       7.487933387690418,
       44.3545927395503
      ],
      [
       7.489836956495196,
       44.35820952027922
      ],
      [
       7.498974086757585,
       44.36905986246575
      ],
      [
       7.505255863812863,
       44.37496092576026
      ],
      [
       7.511156927107436,
       44.3783873496086
      ],
      [
       7.514012280314262,
       44.37971984777192
      ],
      [
       7.518009774804227,
       44.382194487218044
      ],
      [
       7.526766191305626,
       44.387524479871104
      ],
      [
       7.535332250926501,
       44.393044829404516
      ],
      [
       7.541994741742997,
       44.39818446517717
      ],
      [
       7.546372949993668,
       44.40027839086224
      ],
      [
       7.553796868331915,
       44.40370481471075
      ],
      [
       7.557794362821653,
       44.40827337984189
      ],
      [
       7.557413649060663,
       44.41131908992941
      ],
      [
       7.55760400594113,
       44.4137937293753
      ],
      [
       7.560459359148183,
       44.41760086698474
      ],
      [
       7.563695426116169,
       44.41969479266987
      ],
      [
       7.5663604224425285,
       44.4223597889964
      ],
      [
       7.568644705008126,
       44.42331157339862
      ],
      [
       7.571500058215179,
       44.42426335780107
      ],
      [
       7.573974697661242,
       44.42768978164952
      ],
      [
       7.579114333433893,
       44.428260852290805
      ],
      [
       7.583873255445553,
       44.42902227981273
      ],
      [
       7.588632177457214,
       44.433019774302466
      ],
      [
       7.595485025153948,
       44.435304056868006
      ],
      [
       7.608810006786712,
       44.43987262199937
      ],
      [
       7.611094289352309,
       44.443108688967186
      ],
      [
       7.616614638885721,
       44.44558332841325
      ],
      [
       7.620041062734174,
       44.44805796785937
      ],
      [
       7.625942126028576,
       44.44977117978351
      ],
      [
       7.631272118681636,
       44.45243617611004
      ],
      [
       7.635650326932364,
       44.45586259995849
      ],
      [
       7.640028535183035,
       44.459669737567765
      ],
      [
       7.644216386553467,
       44.463096161416274
      ],
      [
       7.648594594804138,
       44.465380443981815
      ],
      [
       7.650688520489268,
       44.469568295352076
      ],
      [
       7.652592089293876,
       44.473185076080995
      ],
      [
       7.658683509468915,
       44.47642114304881
      ],
      [
       7.663016507960492,
       44.479918950727324
      ],
      [
       7.670821140059445,
       44.484677872738985
      ],
      [
       7.675389705190639,
       44.487723582826504
      ],
      [
       7.679387199680548,
       44.492482504838165
      ],
      [
       7.685478619855417,
       44.49571857180615
      ],
      [
       7.693854322596053,
       44.50047749381781
      ],
      [
       7.701087884053777,
       44.50523641582947
      ],
      [
       7.710225014316109,
       44.51361211856994
      ],
      [
       7.716126077610511,
       44.52293960571279
      ],
      [
       7.722217497785493,
       44.529031025887775
      ],
      [
       7.727357133558144,
       44.536835657986956
      ],
      [
       7.730593200525959,
       44.5421656506399
      ],
      [
       7.732306412450271,
       44.54825707081494
      ],
      [
       7.734209981254878,
       44.55149313778276
      ],
      [
       7.736874977581465,
       44.55320634970707
      ],
      [
       7.741253185832136,
       44.55434849098975
      ],
      [
       7.742966397756277,
       44.556442416674884
      ],
      [
       7.7433471115172665,
       44.558536342360014
      ],
      [
       7.7482963904093936,
       44.561201338686544
      ],
      [
       7.754197453703796,
       44.56196276620847
      ],
      [
       7.760524440518395,
       44.5685538731945
      ],
      [
       7.766615860693264,
       44.57198029704301
      ],
      [
       7.773659065270522,
       44.580165642903125
      ],
      [
       7.778227630401716,
       44.58378242363193
      ],
      [
       7.7789890579236385,
       44.58739920436085
      ],
      [
       7.778037273521193,
       44.59425205205764
      ],
      [
       7.78032155608679,
       44.598439903427845
      ],
      [
       7.78508047809845,
       44.60567346488557
      ],
      [
       7.787935831305504,
       44.61043238689723
      ],
      [
       7.78812618818597,
       44.61328774010428
      ],
      [
       7.787745474425037,
       44.618046662115944
      ],
      [
       7.790410470751567,
       44.62470915293221
      ],
      [
       7.794598322121772,
       44.6273741492588
      ],
      [
       7.799737957894422,
       44.629658431824396
      ],
      [
       7.803545095503864,
       44.63308485567268
      ],
      [
       7.8088750881567535,
       44.63574985199921
      ],
      [
       7.812872582646662,
       44.63917627584772
      ],
      [
       7.818012218419312,
       44.64355448409839
      ],
      [
       7.822771140430973,
       44.648884476751505
      ],
      [
       7.826197564279255,
       44.65135911619757
      ],
      [
       7.829814345008231,
       44.65173982995833
      ],
      [
       7.833050411976046,
       44.6534530418827
      ],
      [
       7.835715408302576,
       44.65573732444824
      ],
      [
       7.84028397343377,
       44.658402320774826
      ],
      [
       7.846565750489276,
       44.6604962464599
      ],
      [
       7.853228241305544,
       44.66316124278649
      ],
      [
       7.858558233958661,
       44.664113027188705
      ],
      [
       7.864840011013996,
       44.66354195654742
      ],
      [
       7.868647148623268,
       44.662019101503574
      ],
      [
       7.873025356874109,
       44.659354105177044
      ],
      [
       7.877213208244314,
       44.65611803820923
      ],
      [
       7.881954164410843,
       44.6534227852041
      ]
     ]
    ]
   },
   "properties": {
    "pid": "383786",
    "origin": "BAMap39",
    "notes": null,
    "strabo_name": null
   }
  },
  {
   "type": "Feature",
   "geometry": {
    "type": "MultiLineString",
    "coordinates": [
     [
      [
       7.684538424023242,
       44.15557589624853
      ],
      [
       7.692866537543648,
       44.15349386786843
      ],
      [
       7.698517757432495,
       44.153791300494156
      ],
      [
       7.703574112069885,
       44.15438616574561
      ],
      [
       7.710415062461647,
       44.15438616574561
      ],
      [
       7.713389388718935,
       44.154088733119885
      ],
      [
       7.71933804123351,
       44.15022210898541
      ],
      [
       7.727368722128188,
       44.14962724373395
      ],
      [
       7.734804537771407,
       44.14784264797958
      ],
      [
       7.738373729280153,
       44.146652917476665
      ],
      [
       7.740158325034526,
       44.144273456470835
      ],
      [
       7.741348055537441,
       44.141893995465004
      ],
      [
       7.745512112297644,
       44.1398119670849
      ],
      [
       7.749973601683576,
       44.136837640827615
      ],
      [
       7.75384022581805,
       44.13802737133053
      ],
      [
       7.760086310958354,
       44.138919669207716
      ],
      [
       7.770793885484591,
       44.13862223658199
      ],
      [
       7.778527133753539,
       44.13743250607907
      ],
      [
       7.784178353642386,
       44.13594534295043
      ],
      [
       7.79072187140842,
       44.134160747196056
      ],
      [
       7.794885928168623,
       44.12999669043585
      ],
      [
       7.796967956548724,
       44.129699257810124
      ],
      [
       7.801726878560385,
       44.129699257810124
      ],
      [
       7.805593502694859,
       44.12880695993294
      ],
      [
       7.808865261577876,
       44.127022364178565
      ],
      [
       7.81273188571235,
       44.124345470547006
      ],
      [
       7.815408779343909,
       44.124642903172735
      ],
      [
       7.819870268729841,
       44.12315574004409
      ],
      [
       7.8225471623614,
       44.12285830741836
      ],
      [
       7.8261163538701455,
       44.124345470547006
      ],
      [
       7.829090680127433,
       44.12315574004409
      ],
      [
       7.833849602139094,
       44.12047884641253
      ],
      [
       7.840690552530856,
       44.12107371166399
      ],
      [
       7.8513981270570925,
       44.12047884641253
      ],
      [
       7.860321105828956,
       44.119289115909616
      ],
      [
       7.866567190969261,
       44.11780195278097
      ],
      [
       7.872218410858108,
       44.117504520155244
      ],
      [
       7.882033687507158,
       44.119289115909616
      ],
      [
       7.890064368401835,
       44.12077627903826
      ],
      [
       7.893038694659123,
       44.12404803792128
      ],
      [
       7.897202751419326,
       44.129104392558666
      ],
      [
       7.901366808179529,
       44.13743250607907
      ],
      [
       7.903746269185359,
       44.14308372596792
      ],
      [
       7.905828297565461,
       44.14486832172229
      ],
      [
       7.912669247957223,
       44.14843751323104
      ],
      [
       7.915867640125896,
       44.15457255685774
      ],
      [
       7.9302177728752214,
       44.15587332887426
      ],
      [
       7.938992035334218,
       44.158847655131545
      ],
      [
       7.948509879357539,
       44.15825278988009
      ],
      [
       7.955350829749301,
       44.158847655131545
      ],
      [
       7.964868673772623,
       44.16301171189175
      ],
      [
       7.97051989366147,
       44.163904009768935
      ],
      [
       7.972304489415842,
       44.16449887502039
      ],
      [
       7.979442872433333,
       44.17461158429517
      ],
      [
       7.981822333439164,
       44.176098747423815
      ],
      [
       7.983606929193536,
       44.17937050630683
      ],
      [
       7.987473553328011,
       44.18234483256412
      ],
      [
       7.997883695228518,
       44.188293485078695
      ],
      [
       8.005394860470261,
       44.19026447194519
      ],
      [
       8.010078432883398,
       44.19424213759327
      ],
      [
       8.013945057017873,
       44.198108761727745
      ],
      [
       8.015134787520788,
       44.20138052061076
      ],
      [
       8.019001411655262,
       44.20375998161659
      ],
      [
       8.021380872661092,
       44.20643687524815
      ],
      [
       8.020786007409635,
       44.20970863413117
      ],
      [
       8.018703979029533,
       44.21387269089137
      ],
      [
       8.019893709532449,
       44.22636486117198
      ],
      [
       8.021678305286821,
       44.2317186484351
      ],
      [
       8.020488574783906,
       44.234990407318115
      ],
      [
       8.019893709532449,
       44.23885703145259
      ],
      [
       8.021380872661092,
       44.24153392508415
      ],
      [
       8.024950064169838,
       44.24331852083852
      ],
      [
       8.027626957801397,
       44.245103116592894
      ],
      [
       8.02673465992421,
       44.24807744285018
      ],
      [
       8.024057766292652,
       44.2555132584934
      ],
      [
       8.02435519891838,
       44.259677315253604
      ],
      [
       8.026437227298482,
       44.26265164151089
      ],
      [
       8.031493581935871,
       44.264138804639536
      ],
      [
       8.03446790819316,
       44.26651826564537
      ],
      [
       8.035062773444617,
       44.27008745715411
      ],
      [
       8.035360206070346,
       44.273954081288586
      ],
      [
       8.036252503947532,
       44.27573867704296
      ],
      [
       8.035657638696074,
       44.279307868551705
      ],
      [
       8.03417047556743,
       44.284364223189094
      ],
      [
       8.034765340818888,
       44.28793341469784
      ],
      [
       8.038037099701905,
       44.291800038832314
      ],
      [
       8.043390886965023,
       44.29507179771533
      ],
      [
       8.047554943725226,
       44.29745125872116
      ],
      [
       8.049934404731056,
       44.30042558497845
      ],
      [
       8.050826702608243,
       44.303994776487194
      ],
      [
       8.052313865736886,
       44.30726653537021
      ],
      [
       8.053503596239802,
       44.311430592130414
      ],
      [
       8.05380102886553,
       44.31559464889062
      ],
      [
       8.052313865736886,
       44.31975870565082
      ],
      [
       8.052313865736886,
       44.32213816665665
      ],
      [
       8.053503596239802,
       44.32511249291394
      ],
      [
       8.055883057245632,
       44.3277893865455
      ],
      [
       8.056775355122818,
       44.3319534433057
      ],
      [
       8.059452248754377,
       44.33492776956299
      ],
      [
       8.063021440263123,
       44.342958450457665
      ],
      [
       8.063021440263123,
       44.345337911463496
      ],
      [
       8.059749681380106,
       44.34860967034651
      ],
      [
       8.054395894116988,
       44.350394266100885
      ],
      [
       8.050604619581037,
       44.35474471397321
      ],
      [
       8.049117456452393,
       44.35712417497904
      ],
      [
       8.04763029332375,
       44.358908770733414
      ],
      [
       8.048820023826664,
       44.36009850123633
      ],
      [
       8.052313865736886,
       44.36199413850431
      ],
      [
       8.055585624619903,
       44.36318386900722
      ],
      [
       8.057370220374276,
       44.364968464761596
      ],
      [
       8.057667653000005,
       44.36675306051597
      ],
      [
       8.055883057245632,
       44.367347925767426
      ],
      [
       8.052016433111158,
       44.3670504931417
      ],
      [
       8.04666264584804,
       44.365265897387324
      ],
      [
       8.042498589087836,
       44.36467103213587
      ],
      [
       8.039821695456277,
       44.36556333001305
      ],
      [
       8.036252503947532,
       44.36824022364461
      ],
      [
       8.03446790819316,
       44.3712145499019
      ],
      [
       8.033278177690244,
       44.37389144353346
      ],
      [
       8.031196149310142,
       44.375081174036374
      ],
      [
       8.024950064169838,
       44.37627090453929
      ],
      [
       8.02435519891838,
       44.37865036554512
      ],
      [
       8.027329525175668,
       44.38043496129949
      ],
      [
       8.030303851432956,
       44.38132725917668
      ],
      [
       8.032088447187329,
       44.38340928755678
      ],
      [
       8.032088447187329,
       44.38578874856261
      ],
      [
       8.029708986181499,
       44.3887630748199
      ],
      [
       8.025917711645548,
       44.38954433118348
      ],
      [
       8.024430548516904,
       44.390436629060666
      ],
      [
       8.02435519891838,
       44.39381942945729
      ],
      [
       8.023165468415465,
       44.39530659258593
      ],
      [
       8.019001411655262,
       44.399173216720406
      ],
      [
       8.014837354895059,
       44.40006551459759
      ],
      [
       8.010970730760585,
       44.399768081971864
      ],
      [
       8.008888702380483,
       44.401850110351965
      ],
      [
       8.007996404503297,
       44.40601416711217
      ],
      [
       8.006509241374653,
       44.40750133024081
      ],
      [
       8.005319510871738,
       44.40750133024081
      ],
      [
       7.999668290982891,
       44.406906464989355
      ],
      [
       7.99490936897123,
       44.408393628118
      ],
      [
       7.986878688076553,
       44.41344998275539
      ],
      [
       7.982119766064892,
       44.41374741538112
      ],
      [
       7.977955709304689,
       44.41374741538112
      ],
      [
       7.97527881567313,
       44.41523457850976
      ],
      [
       7.9728993546673,
       44.416721741638405
      ],
      [
       7.971709624164385,
       44.419398635269964
      ],
      [
       7.969627595784283,
       44.42118323102434
      ],
      [
       7.966355836901267,
       44.421480663650065
      ],
      [
       7.962489212766792,
       44.42088579839861
      ],
      [
       7.960407184386691,
       44.42088579839861
      ],
      [
       7.9595148865095044,
       44.42237296152725
      ],
      [
       7.961002049638148,
       44.42445498990735
      ],
      [
       7.961299482263877,
       44.426834450913184
      ],
      [
       7.958920021258047,
       44.428619046667556
      ],
      [
       7.956837992877945,
       44.42742931616464
      ],
      [
       7.9532688013692,
       44.42475242253308
      ],
      [
       7.950591907737641,
       44.42237296152725
      ],
      [
       7.9467252836031665,
       44.42326525940444
      ],
      [
       7.946130418351709,
       44.42504985515881
      ],
      [
       7.946427850977438,
       44.428916479293285
      ],
      [
       7.943750957345879,
       44.43070107504766
      ],
      [
       7.938992035334218,
       44.42951134454474
      ],
      [
       7.934827978574015,
       44.42534728778454
      ],
      [
       7.932448517568185,
       44.42029093314715
      ],
      [
       7.929474191310897,
       44.41791147214132
      ],
      [
       7.924715269299236,
       44.41731660688986
      ],
      [
       7.922633240919135,
       44.42029093314715
      ],
      [
       7.923525538796321,
       44.42326525940444
      ],
      [
       7.925012701924965,
       44.426537018287455
      ],
      [
       7.925904999802151,
       44.4280241814161
      ],
      [
       7.923525538796321,
       44.42951134454474
      ],
      [
       7.9214435104162195,
       44.428619046667556
      ],
      [
       7.919361482036118,
       44.4280241814161
      ],
      [
       7.916684588404559,
       44.426834450913184
      ],
      [
       7.909843638012797,
       44.425942153036
      ],
      [
       7.905084716001136,
       44.425942153036
      ],
      [
       7.902110389743848,
       44.42742931616464
      ],
      [
       7.9003257939894755,
       44.42980877717047
      ],
      [
       7.9018129571181195,
       44.4321882381763
      ],
      [
       7.904787283375407,
       44.43099850767339
      ],
      [
       7.906274446504051,
       44.4321882381763
      ],
      [
       7.906274446504051,
       44.433675401304946
      ],
      [
       7.904787283375407,
       44.43516256443359
      ],
      [
       7.902407822369577,
       44.436649727562234
      ],
      [
       7.897946332983645,
       44.43932662119379
      ],
      [
       7.893782276223442,
       44.44170608219962
      ],
      [
       7.889915652088968,
       44.44408554320545
      ],
      [
       7.887536191083138,
       44.445870138959826
      ],
      [
       7.887536191083138,
       44.44795216733993
      ],
      [
       7.889915652088968,
       44.448844465217114
      ],
      [
       7.892592545720527,
       44.4476547347142
      ],
      [
       7.895269439352086,
       44.446465004211284
      ],
      [
       7.897946332983645,
       44.446167571585555
      ],
      [
       7.899433496112289,
       44.44795216733993
      ],
      [
       7.898243765609374,
       44.45062906097149
      ],
      [
       7.8961617372292725,
       44.45271108935159
      ],
      [
       7.8905105173404255,
       44.45419825248023
      ],
      [
       7.887833623708866,
       44.4539008198545
      ],
      [
       7.887833623708866,
       44.456280280860334
      ],
      [
       7.8905105173404255,
       44.45717257873752
      ],
      [
       7.8943771414749,
       44.45925460711762
      ],
      [
       7.895566871977815,
       44.461039202871994
      ],
      [
       7.8943771414749,
       44.463121231252096
      ],
      [
       7.892889978346256,
       44.465500692257926
      ],
      [
       7.892295113094798,
       44.46966474901813
      ],
      [
       7.8943771414749,
       44.47204421002396
      ],
      [
       7.897054035106459,
       44.47382880577833
      ],
      [
       7.897946332983645,
       44.475910834158434
      ],
      [
       7.896459169855001,
       44.477695429912806
      ],
      [
       7.896459169855001,
       44.480372323544366
      ],
      [
       7.898541198235103,
       44.48245435192447
      ],
      [
       7.901515524492391,
       44.48215691929874
      ],
      [
       7.905679581252594,
       44.480372323544366
      ],
      [
       7.908653907509882,
       44.48126462142155
      ],
      [
       7.910438503264254,
       44.483049217175925
      ],
      [
       7.909248772761339,
       44.485726110807484
      ],
      [
       7.90895134013561,
       44.48840300443904
      ],
      [
       7.911330801141441,
       44.48751070656186
      ],
      [
       7.913412829521542,
       44.4869158413104
      ],
      [
       7.915494857901644,
       44.4889978696905
      ],
      [
       7.914899992650186,
       44.492864493824975
      ],
      [
       7.913710262147271,
       44.49643368533372
      ],
      [
       7.909843638012797,
       44.49821828108809
      ],
      [
       7.903894985498221,
       44.497920848462364
      ],
      [
       7.899433496112289,
       44.49732598321091
      ],
      [
       7.8976489003579164,
       44.49970544421674
      ],
      [
       7.89913606348656,
       44.50416693360267
      ],
      [
       7.902407822369577,
       44.50595152935704
      ],
      [
       7.9059770138783225,
       44.50684382723423
      ],
      [
       7.910735935889983,
       44.50565409673131
      ],
      [
       7.915494857901644,
       44.502679770474025
      ],
      [
       7.91876661678466,
       44.50149003997111
      ],
      [
       7.922335808293406,
       44.50208490522257
      ],
      [
       7.921740943041948,
       44.50565409673131
      ],
      [
       7.914602560024457,
       44.50892585561433
      ],
      [
       7.907166744381238,
       44.51130531662016
      ],
      [
       7.902705254995306,
       44.51100788399443
      ],
      [
       7.897946332983645,
       44.51130531662016
      ],
      [
       7.896459169855001,
       44.51338734500026
      ],
      [
       7.897351467732188,
       44.51546937338036
      ],
      [
       7.902407822369577,
       44.51844369963765
      ],
      [
       7.908059042258424,
       44.522310323772125
      ],
      [
       7.910438503264254,
       44.5240949195265
      ],
      [
       7.910438503264254,
       44.527069245783785
      ],
      [
       7.903894985498221,
       44.53539735930419
      ],
      [
       7.897946332983645,
       44.5437254728246
      ],
      [
       7.8976489003579164,
       44.5478895295848
      ],
      [
       7.897946332983645,
       44.55116128846782
      ],
      [
       7.901515524492391,
       44.553838182099376
      ],
      [
       7.903894985498221,
       44.55770480623385
      ],
      [
       7.905084716001136,
       44.56305859349697
      ],
      [
       7.908059042258424,
       44.566627785005714
      ],
      [
       7.910735935889983,
       44.569007246011545
      ],
      [
       7.910735935889983,
       44.57436103327466
      ],
      [
       7.908356474884153,
       44.57911995528632
      ],
      [
       7.902110389743848,
       44.581201983666425
      ],
      [
       7.894079708849171,
       44.581201983666425
      ],
      [
       7.889618219463239,
       44.5829865794208
      ],
      [
       7.886643893205951,
       44.58655577092954
      ],
      [
       7.886049027954494,
       44.58982752981256
      ],
      [
       7.887536191083138,
       44.59280185606985
      ],
      [
       7.888428488960324,
       44.596073614952864
      ],
      [
       7.885454162703036,
       44.59785821070724
      ],
      [
       7.884264432200121,
       44.60142740221598
      ],
      [
       7.881587538568562,
       44.60440172847327
      ],
      [
       7.877720914434088,
       44.61005294836212
      ],
      [
       7.877720914434088,
       44.613027274619405
      ],
      [
       7.87950551018846,
       44.615704168250964
      ],
      [
       7.8806952406913755,
       44.617786196631066
      ],
      [
       7.880397808065647,
       44.62165282076554
      ],
      [
       7.877720914434088,
       44.6243297143971
      ],
      [
       7.878018347059816,
       44.6284937711573
      ],
      [
       7.87950551018846,
       44.63206296266605
      ],
      [
       7.8806952406913755,
       44.635334721549064
      ],
      [
       7.87950551018846,
       44.63890391305781
      ],
      [
       7.875936318679715,
       44.64068850881218
      ],
      [
       7.8693928009136815,
       44.64158080668937
      ],
      [
       7.865823609404936,
       44.6418782393151
      ],
      [
       7.865823609404936,
       44.6439602676952
      ],
      [
       7.869987666165139,
       44.647232026578216
      ],
      [
       7.875936318679715,
       44.65050378546123
      ],
      [
       7.8806952406913755,
       44.65288324646706
      ],
      [
       7.88694132583168,
       44.65556014009862
      ],
      [
       7.88932078683751,
       44.66091392736174
      ],
      [
       7.8905105173404255,
       44.66745744512777
      ],
      [
       7.893187410971985,
       44.669836906133604
      ],
      [
       7.897054035106459,
       44.67251379976516
      ],
      [
       7.902110389743848,
       44.674298395519536
      ],
      [
       7.90657187912978,
       44.67489326077099
      ],
      [
       7.909546205387068,
       44.67786758702828
      ],
      [
       7.9157922905273725,
       44.68292394166567
      ],
      [
       7.920253779913304,
       44.68560083529723
      ],
      [
       7.927392162930795,
       44.68708799842587
      ],
      [
       7.929771623936626,
       44.68619570054869
      ],
      [
       7.934530545948286,
       44.68768286367733
      ],
      [
       7.939586900585676,
       44.688872594180246
      ],
      [
       7.944940687848794,
       44.68827772892879
      ],
      [
       7.949699609860454,
       44.69065718993462
      ],
      [
       7.955350829749301,
       44.69333408356618
      ],
      [
       7.959812319135233,
       44.69363151619191
      ],
      [
       7.963381510643979,
       44.69363151619191
      ],
      [
       7.970222461035741,
       44.694226381443364
      ],
      [
       7.976171113550317,
       44.69482124669482
      ],
      [
       7.981822333439164,
       44.694226381443364
      ],
      [
       7.984499227070723,
       44.69214435306326
      ],
      [
       7.99015044695957,
       44.69244178568899
      ],
      [
       7.994314503719773,
       44.69452381406909
      ],
      [
       7.995206801596959,
       44.696903275074924
      ],
      [
       7.995206801596959,
       44.70017503395794
      ],
      [
       7.997288829977061,
       44.703744225466686
      ],
      [
       8.001452886737264,
       44.70523138859533
      ],
      [
       8.005319510871738,
       44.704041658092414
      ],
      [
       8.008591269754755,
       44.706421119098245
      ],
      [
       8.012755326514958,
       44.70790828222689
      ],
      [
       8.018703979029533,
       44.70761084960116
      ],
      [
       8.024057766292652,
       44.709098012729804
      ],
      [
       8.030303851432956,
       44.70969287798126
      ],
      [
       8.033873042941702,
       44.70939544535553
      ],
      [
       8.037739667076176,
       44.70761084960116
      ],
      [
       8.042201156462108,
       44.706421119098245
      ],
      [
       8.046067780596582,
       44.70523138859533
      ],
      [
       8.053206163614073,
       44.708800580104075
      ],
      [
       8.055288191994174,
       44.71177490636136
      ],
      [
       8.056775355122818,
       44.71445179999292
      ],
      [
       8.057965085625733,
       44.71742612625021
      ],
      [
       8.061831709760208,
       44.72069788513323
      ],
      [
       8.063021440263123,
       44.72307734613906
      ],
      [
       8.062426575011665,
       44.7266465376478
      ],
      [
       8.06361630551458,
       44.728728566027904
      ],
      [
       8.067780362274783,
       44.72932343127936
      ],
      [
       8.070754688532071,
       44.728431133402175
      ],
      [
       8.074026447415088,
       44.728133700776446
      ],
      [
       8.076703341046647,
       44.72902599865363
      ],
      [
       8.08086739780685,
       44.73289262278811
      ],
      [
       8.08421450628839,
       44.73783793591189
      ],
      [
       8.088005780824341,
       44.74241046681143
      ],
      [
       8.090385241830171,
       44.74746682144882
      ],
      [
       8.096036461719018,
       44.750738580331834
      ],
      [
       8.100795383730679,
       44.75252317608621
      ],
      [
       8.10555430574234,
       44.75430777184058
      ],
      [
       8.107041468870984,
       44.75728209809787
      ],
      [
       8.10793376674817,
       44.76114872223234
      ],
      [
       8.111800390882644,
       44.76323075061244
      ],
      [
       8.114477284514203,
       44.76323075061244
      ],
      [
       8.117451610771491,
       44.765907644244
      ],
      [
       8.118641341274406,
       44.76888197050129
      ],
      [
       8.120723369654508,
       44.770369133629934
      ],
      [
       8.123697695911796,
       44.77155886413285
      ],
      [
       8.127266887420541,
       44.77661521877024
      ],
      [
       8.127266887420541,
       44.7792921124018
      ],
      [
       8.128159185297728,
       44.782266438659086
      ],
      [
       8.130836078929287,
       44.785240764916374
      ],
      [
       8.13500013568949,
       44.78583563016783
      ],
      [
       8.138569327198235,
       44.78643049541929
      ],
      [
       8.140948788204065,
       44.78880995642512
      ],
      [
       8.141246220829794,
       44.79386631106251
      ],
      [
       8.138569327198235,
       44.79832780044844
      ],
      [
       8.135595000940947,
       44.80159955933146
      ],
      [
       8.135297568315218,
       44.80368158771156
      ],
      [
       8.137082164069591,
       44.80546618346593
      ],
      [
       8.137082164069591,
       44.809630240226134
      ],
      [
       8.138569327198235,
       44.81260456648342
      ],
      [
       8.141841086081248,
       44.81825578637227
      ],
      [
       8.146600008092909,
       44.82033781475237
      ],
      [
       8.152251227981756,
       44.821824977881015
      ],
      [
       8.153440958484671,
       44.82360957363539
      ],
      [
       8.152846093233213,
       44.82777363039559
      ],
      [
       8.152846093233213,
       44.83074795665288
      ],
      [
       8.155225554239044,
       44.834317148161624
      ],
      [
       8.156945396072908,
       44.835081522310006
      ]
     ]
    ]
   },
   "properties": {
    "pid": "383790",
    "origin": "BAMap39",
    "notes": null,
    "strabo_name": null
   }
  },
  {
   "type": "Feature",
   "geometry": {
    "type": "MultiLineString",
    "coordinates": [
     [
      [
       7.080305543320719,
       44.71579254077449
      ],
      [
       7.0789730451573405,
       44.71293718756749
      ],
      [
       7.079924829559786,
       44.70951076371898
      ],
      [
       7.084493394690924,
       44.70684576739245
      ],
      [
       7.0928690974313895,
       44.703228986663646
      ],
      [
       7.1004833726500465,
       44.70018327657618
      ],
      [
       7.103529082737566,
       44.698850778412975
      ],
      [
       7.105623008422697,
       44.69866042153251
      ],
      [
       7.10847836162975,
       44.70132541785904
      ],
      [
       7.113998711163106,
       44.7017061316198
      ],
      [
       7.121993700142809,
       44.701515774739505
      ],
      [
       7.128846547839544,
       44.7017061316198
      ],
      [
       7.138935462504321,
       44.70265791602225
      ],
      [
       7.144646168918371,
       44.70265791602225
      ],
      [
       7.150737589093239,
       44.701515774739505
      ],
      [
       7.160065076236094,
       44.697898994010586
      ],
      [
       7.1695829202594155,
       44.695233997684
      ],
      [
       7.177958622999995,
       44.691997930716184
      ],
      [
       7.185763255099005,
       44.68761972246534
      ],
      [
       7.194519671600574,
       44.684954726138756
      ],
      [
       7.198707522970778,
       44.68476436925846
      ],
      [
       7.204227872504191,
       44.68514508301928
      ],
      [
       7.209938578918241,
       44.68286080045368
      ],
      [
       7.219266066061095,
       44.68209937293193
      ],
      [
       7.22383463119229,
       44.683241514214615
      ],
      [
       7.226880341279809,
       44.68476436925846
      ],
      [
       7.233542832096077,
       44.686287224302134
      ],
      [
       7.24114521000979,
       44.68745316019505
      ],
      [
       7.2510437677940445,
       44.68612066203167
      ],
      [
       7.264178392546171,
       44.68212316754193
      ],
      [
       7.275028734732643,
       44.680981026259076
      ],
      [
       7.283594794353746,
       44.67812567305219
      ],
      [
       7.2931126383770675,
       44.67546067672566
      ],
      [
       7.30377262368313,
       44.66765604462648
      ],
      [
       7.316716891554904,
       44.658518914364095
      ],
      [
       7.31728796219636,
       44.656805702439954
      ],
      [
       7.320524029164176,
       44.65433106299389
      ],
      [
       7.328709375024289,
       44.652808207950045
      ],
      [
       7.336133293362479,
       44.648429999699374
      ],
      [
       7.343557211700727,
       44.64157715200258
      ],
      [
       7.345080066744401,
       44.639673583197975
      ],
      [
       7.349267918114606,
       44.63738930063238
      ],
      [
       7.357072550213786,
       44.63738930063238
      ],
      [
       7.364686825432443,
       44.635485731827714
      ],
      [
       7.374014312575298,
       44.634533947425325
      ],
      [
       7.380676803391623,
       44.631868951098795
      ],
      [
       7.386958580446901,
       44.63072680981605
      ],
      [
       7.396857138231212,
       44.6295846685332
      ],
      [
       7.4101821198639755,
       44.6295846685332
      ],
      [
       7.42217460333336,
       44.63529537494725
      ],
      [
       7.423316744616045,
       44.63796037127361
      ],
      [
       7.423507101496568,
       44.64100608136113
      ],
      [
       7.426172097823098,
       44.643290363926724
      ],
      [
       7.4339767299222785,
       44.64766857217745
      ],
      [
       7.444256001467352,
       44.65452141987436
      ],
      [
       7.448824566598489,
       44.661564624451614
      ],
      [
       7.449014923479012,
       44.66575247582182
      ],
      [
       7.451489562925076,
       44.670701754714
      ],
      [
       7.451679919805542,
       44.67469924920374
      ],
      [
       7.452060633566532,
       44.67812567305219
      ],
      [
       7.453964202371139,
       44.680981026259076
      ],
      [
       7.453393131729683,
       44.684978520748984
      ],
      [
       7.453773845490673,
       44.69126029780432
      ],
      [
       7.45358348861015,
       44.69487707853324
      ],
      [
       7.45358348861015,
       44.69887457302298
      ],
      [
       7.453012417968921,
       44.706298491361224
      ],
      [
       7.454725629893062,
       44.71010562897044
      ],
      [
       7.45834241062181,
       44.7148645509821
      ],
      [
       7.45834241062181,
       44.71695847666723
      ],
      [
       7.455867771175747,
       44.71886204547184
      ],
      [
       7.449395637239945,
       44.7234306106032
      ],
      [
       7.448824566598489,
       44.730664172060926
      ],
      [
       7.448443852837727,
       44.73561345095288
      ],
      [
       7.45091849228379,
       44.74018201608425
      ],
      [
       7.456819555578193,
       44.7432277261716
      ],
      [
       7.4606266931874075,
       44.74779629130279
      ],
      [
       7.4621495482312525,
       44.75065164450979
      ],
      [
       7.466337399601514,
       44.7517937857927
      ],
      [
       7.470905964732651,
       44.75122271515124
      ],
      [
       7.473951674820171,
       44.75046128762932
      ],
      [
       7.4769973849076905,
       44.7517937857927
      ],
      [
       7.479472024353754,
       44.75522020964098
      ],
      [
       7.480804522516962,
       44.7582659197285
      ],
      [
       7.4848020170067,
       44.76035984541363
      ],
      [
       7.489370582137894,
       44.76016948853311
      ],
      [
       7.492225935344891,
       44.762453771098706
      ],
      [
       7.494700574790954,
       44.767212693110366
      ],
      [
       7.498126998639464,
       44.768545191273745
      ],
      [
       7.501934136248678,
       44.7693066187955
      ],
      [
       7.504408775694799,
       44.77140054448063
      ],
      [
       7.504408775694799,
       44.77387518392669
      ],
      [
       7.504028061933809,
       44.777301607775144
      ],
      [
       7.507644842662785,
       44.782060529786804
      ],
      [
       7.511642337152523,
       44.78529659675479
      ],
      [
       7.515449474761738,
       44.786819451798465
      ],
      [
       7.519446969251703,
       44.786819451798465
      ],
      [
       7.5224926793389955,
       44.78529659675479
      ],
      [
       7.526490173828904,
       44.78758087932039
      ],
      [
       7.529535883916253,
       44.78834230684214
      ],
      [
       7.532771950884239,
       44.78967480500552
      ],
      [
       7.533723735286685,
       44.791578373810125
      ],
      [
       7.533533378406162,
       44.79405301325619
      ],
      [
       7.5346755196889035,
       44.796718009582776
      ],
      [
       7.537150159134967,
       44.797289080224175
      ],
      [
       7.543241579310006,
       44.79500479765841
      ],
      [
       7.549142642604352,
       44.79690836646324
      ],
      [
       7.557327988464465,
       44.80128657471391
      ],
      [
       7.5636097655198,
       44.8039515710405
      ],
      [
       7.565703691204931,
       44.80661656736703
      ],
      [
       7.565513334324464,
       44.80832977929117
      ],
      [
       7.562467624237115,
       44.810233348095835
      ],
      [
       7.5603736985519845,
       44.812517630661375
      ],
      [
       7.562467624237115,
       44.813850128824754
      ],
      [
       7.567226546248776,
       44.814992270107496
      ],
      [
       7.571985468260436,
       44.81937047835817
      ],
      [
       7.575602248989185,
       44.82184511780423
      ],
      [
       7.578267245315772,
       44.8220354746847
      ],
      [
       7.580170814120379,
       44.820322262760556
      ],
      [
       7.580361171000845,
       44.81708619579257
      ],
      [
       7.581122598522768,
       44.814611556346506
      ],
      [
       7.5858815205344285,
       44.81423084258557
      ],
      [
       7.588165803100026,
       44.815563340748895
      ],
      [
       7.590450085665623,
       44.81879940771671
      ],
      [
       7.5948282939163505,
       44.81994154899962
      ],
      [
       7.603013639776464,
       44.821654760923764
      ],
      [
       7.61100862875594,
       44.82355832972837
      ],
      [
       7.614244695723926,
       44.82565225541367
      ],
      [
       7.6247143241494655,
       44.82869796550102
      ],
      [
       7.631757528726894,
       44.83269545999093
      ],
      [
       7.637658592021296,
       44.83478938567606
      ],
      [
       7.645843937881409,
       44.84088080585087
      ],
      [
       7.650793216773536,
       44.846401155384456
      ],
      [
       7.65022214613208,
       44.850398649874194
      ],
      [
       7.649651075490681,
       44.85401543060317
      ],
      [
       7.65060285989307,
       44.855538285646844
      ],
      [
       7.653267856219429,
       44.855157571885854
      ],
      [
       7.6576460644703275,
       44.854205787483636
      ],
      [
       7.660691774557677,
       44.855538285646844
      ],
      [
       7.6625953433624545,
       44.85706114069052
      ],
      [
       7.660691774557677,
       44.860297207658505
      ],
      [
       7.660311060796857,
       44.862962203985035
      ],
      [
       7.661833915840532,
       44.864675415909176
      ],
      [
       7.666402480971726,
       44.86429470214824
      ],
      [
       7.672874614907528,
       44.862010419582646
      ],
      [
       7.675349254353591,
       44.86220077646311
      ],
      [
       7.677443180038722,
       44.86429470214824
      ],
      [
       7.677062466277732,
       44.86791148287716
      ],
      [
       7.674587826831839,
       44.87152826360597
      ],
      [
       7.674016756190383,
       44.87438361681296
      ],
      [
       7.677062466277732,
       44.87609682873716
      ],
      [
       7.681059960767641,
       44.87590647185664
      ],
      [
       7.685628525898835,
       44.873812546171564
      ],
      [
       7.687722451583966,
       44.87438361681296
      ],
      [
       7.689054949747117,
       44.876858256259084
      ],
      [
       7.688483879105888,
       44.880284680107536
      ],
      [
       7.68677066718152,
       44.88237860579267
      ],
      [
       7.686389953420758,
       44.88485324523873
      ],
      [
       7.689626020388573,
       44.88675681404334
      ],
      [
       7.691148875432418,
       44.8892314534894
      ],
      [
       7.6898163772690395,
       44.891706092935465
      ],
      [
       7.682202102050383,
       44.8957035874252
      ],
      [
       7.6799178194847855,
       44.89836858375179
      ],
      [
       7.680298533245718,
       44.90141429383931
      ],
      [
       7.684296027735456,
       44.90198536448071
      ],
      [
       7.687912808464432,
       44.90484071768759
      ],
      [
       7.689435663508107,
       44.90750571401412
      ],
      [
       7.68715138094251,
       44.909980353460185
      ],
      [
       7.683344243333238,
       44.91397784794992
      ],
      [
       7.6782046075606445,
       44.91740427179843
      ],
      [
       7.674778183712135,
       44.92064033876642
      ],
      [
       7.674968540592658,
       44.922543907571026
      ],
      [
       7.6791563919630335,
       44.92501854701709
      ],
      [
       7.682963529572305,
       44.92939675526782
      ],
      [
       7.683344243333238,
       44.93377496351849
      ],
      [
       7.681631031409097,
       44.939485669932594
      ],
      [
       7.6814406745286306,
       44.94633851762933
      ],
      [
       7.682773172691782,
       44.94938422771685
      ],
      [
       7.686389953420758,
       44.951668510282445
      ],
      [
       7.690387447910496,
       44.954333506608975
      ],
      [
       7.692481373595626,
       44.95452386348927
      ],
      [
       7.697811366248686,
       44.95090708276052
      ],
      [
       7.702570288260347,
       44.95109743964099
      ],
      [
       7.7063774258696185,
       44.95281065156513
      ],
      [
       7.705996712108686,
       44.95547564789172
      ],
      [
       7.701618503857958,
       44.95985385614239
      ],
      [
       7.700666719455739,
       44.964803135034515
      ],
      [
       7.694004228639301,
       44.96803920200256
      ],
      [
       7.690768161671485,
       44.97451133593836
      ],
      [
       7.690006734149563,
       44.9785088304281
      ],
      [
       7.6848670983769125,
       44.99012060013649
      ],
      [
       7.683915313974694,
       44.99316631022401
      ],
      [
       7.682773172691782,
       44.99449880838739
      ],
      [
       7.6764913956365035,
       44.99678309095299
      ],
      [
       7.675349254353591,
       44.998686659757595
      ],
      [
       7.675729968114581,
       45.00192272672558
      ],
      [
       7.680679247006708,
       45.003826295530246
      ],
      [
       7.682963529572305,
       45.00572986433485
      ],
      [
       7.682963529572305,
       45.00934664506366
      ],
      [
       7.680298533245718,
       45.01505735147771
      ],
      [
       7.6764913956365035,
       45.01924520284791
      ],
      [
       7.674397469951373,
       45.02533662302295
      ],
      [
       7.675158897473125,
       45.03237982760021
      ],
      [
       7.679537105723796,
       45.04113624410161
      ],
      [
       7.6858188827793015,
       45.04665659363519
      ],
      [
       7.6865803103010535,
       45.0485601624398
      ],
      [
       7.685247812137902,
       45.05027337436394
      ],
      [
       7.6865803103010535,
       45.053890155092915
      ],
      [
       7.692862087356559,
       45.061314073431106
      ],
      [
       7.696669224965831,
       45.06550192480131
      ],
      [
       7.7046642139454775,
       45.06949941929105
      ],
      [
       7.713801344207866,
       45.07140298809571
      ],
      [
       7.72103490566559,
       45.07254512937857
      ],
      [
       7.7252227570357945,
       45.07425834130271
      ],
      [
       7.728078110242848,
       45.07501976882463
      ],
      [
       7.728649180884247,
       45.07749440827075
      ],
      [
       7.726555255199173,
       45.07977869083629
      ],
      [
       7.722748117589731,
       45.08510868348941
      ],
      [
       7.7212252625460565,
       45.08853510733769
      ],
      [
       7.722557760709265,
       45.09234224494713
      ],
      [
       7.726555255199173,
       45.095197598154016
      ],
      [
       7.7311238203303105,
       45.09462652751273
      ],
      [
       7.735692385461505,
       45.09158081742521
      ],
      [
       7.739880236831709,
       45.09100974678381
      ],
      [
       7.744448801962903,
       45.09386509999081
      ],
      [
       7.753014861584006,
       45.097862594480546
      ],
      [
       7.758725567997885,
       45.09995652016568
      ],
      [
       7.764245917531468,
       45.10281187337267
      ],
      [
       7.765768772575143,
       45.10757079538433
      ],
      [
       7.767481984499284,
       45.11213936051553
      ],
      [
       7.768624125782196,
       45.115375427483514
      ],
      [
       7.7691951964235955,
       45.119563278853775
      ],
      [
       7.77071805146727,
       45.122228275180305
      ],
      [
       7.772050549630649,
       45.12603541278958
      ],
      [
       7.775096259717998,
       45.12927147975756
      ],
      [
       7.782710534936655,
       45.13212683296456
      ],
      [
       7.791276594557587,
       45.13345933112777
      ],
      [
       7.797368014732626,
       45.134791829291146
      ],
      [
       7.801555866102831,
       45.13726646873721
      ],
      [
       7.804791933070817,
       45.137837539378495
      ],
      [
       7.809741211963001,
       45.13669539809575
      ],
      [
       7.814500133974661,
       45.13917003754182
      ],
      [
       7.82325655047606,
       45.14297717515109
      ],
      [
       7.8274444018462646,
       45.14678431276053
      ],
      [
       7.829347970650872,
       45.1511625210112
      ],
      [
       7.829919041292328,
       45.15496965862047
      ],
      [
       7.8318226100969355,
       45.15820572558846
      ],
      [
       7.8350586770649215,
       45.15915750999068
      ],
      [
       7.837533316511042,
       45.16029965127359
      ],
      [
       7.837152602750052,
       45.16334536136111
      ],
      [
       7.838104387152441,
       45.167913926492304
      ],
      [
       7.8422922385227025,
       45.170198209057844
      ],
      [
       7.84724151741483,
       45.17172106410152
      ],
      [
       7.852190796306957,
       45.17571855859126
      ],
      [
       7.857901502720836,
       45.17686069987417
      ],
      [
       7.862850781612963,
       45.178764268678776
      ],
      [
       7.8687518449075355,
       45.18142926500536
      ],
      [
       7.8721782687558175,
       45.18238104940775
      ],
      [
       7.87807933205039,
       45.18333283380997
      ],
      [
       7.882838254062051,
       45.185807473256034
      ],
      [
       7.889310387997853,
       45.18637854389749
      ],
      [
       7.896163235694587,
       45.1854267594951
      ],
      [
       7.908726789805428,
       45.18390390445143
      ],
      [
       7.913866425578078,
       45.18409426133189
      ],
      [
       7.919386775111661,
       45.18428461821236
      ],
      [
       7.925858909047463,
       45.18295212004898
      ],
      [
       7.92860020851412,
       45.18170607483688
      ]
     ]
    ]
   },
   "properties": {
    "pid": "393469",
    "origin": "BAMap39",
    "notes": null,
    "strabo_name": "Padus"
   }
  },
  {
   "type": "Feature",
   "geometry": {
    "type": "MultiLineString",
    "coordinates": [
     [
      [
       7.92860020851412,
       45.18170607483688
      ],
      [
       7.930046760417667,
       45.18104855124437
      ],
      [
       7.932140686102798,
       45.17895462555924
      ],
      [
       7.93385389802711,
       45.17590891547178
      ],
      [
       7.9389935337995325,
       45.174386060428105
      ],
      [
       7.94603673837679,
       45.17419570354758
      ],
      [
       7.952889586073752,
       45.17571855859126
      ],
      [
       7.960313504411772,
       45.17419570354758
      ],
      [
       7.965453140184422,
       45.17457641730857
      ],
      [
       7.97211563100069,
       45.1766703429937
      ],
      [
       7.98030097686086,
       45.178002841157024
      ],
      [
       7.991912746569255,
       45.178764268678776
      ],
      [
       8.003334159397241,
       45.17895462555924
      ],
      [
       8.008854508930824,
       45.18047748060292
      ],
      [
       8.019573572167815,
       45.17992982001226
      ],
      [
       8.029091416191136,
       45.17935874937086
      ],
      [
       8.036134620768394,
       45.17612268240305
      ],
      [
       8.041274256540817,
       45.17345768607646
      ],
      [
       8.051363171205594,
       45.17345768607646
      ],
      [
       8.063355654674979,
       45.1751708980006
      ],
      [
       8.071350643654625,
       45.178026251207655
      ],
      [
       8.079155275753806,
       45.17840696496859
      ],
      [
       8.084104554645762,
       45.17878767872958
      ],
      [
       8.090005617940335,
       45.180691247534185
      ],
      [
       8.095716324354385,
       45.18145267505611
      ],
      [
       8.10371131333386,
       45.17992982001226
      ],
      [
       8.11284844359625,
       45.17650339616398
      ],
      [
       8.122556644500037,
       45.1745998273592
      ],
      [
       8.130551633479683,
       45.172886615435004
      ],
      [
       8.145399470156121,
       45.1709830466304
      ],
      [
       8.157391953625506,
       45.17117340351086
      ],
      [
       8.170716935258099,
       45.16984090534754
      ],
      [
       8.180425136161887,
       45.172315544793605
      ],
      [
       8.188800838902296,
       45.17364804295693
      ],
      [
       8.197366898523399,
       45.17669375304445
      ],
      [
       8.203648675578734,
       45.17821660808812
      ],
      [
       8.213547233363045,
       45.17650339616398
      ],
      [
       8.219638653537856,
       45.17250590167407
      ],
      [
       8.227062571876104,
       45.1709830466304
      ],
      [
       8.234296133333828,
       45.16984090534754
      ],
      [
       8.241148981030562,
       45.17117340351086
      ],
      [
       8.251047538814873,
       45.17555161176159
      ],
      [
       8.259803955316443,
       45.17992982001226
      ],
      [
       8.268750728698308,
       45.182404459458326
      ],
      [
       8.275032505753643,
       45.18335624386077
      ],
      [
       8.282837137852823,
       45.181833388816926
      ],
      [
       8.292164624995678,
       45.17821660808812
      ],
      [
       8.29825604517049,
       45.17421911359838
      ],
      [
       8.301872825899466,
       45.16850840718433
      ],
      [
       8.304537822225996,
       45.165462697096814
      ],
      [
       8.309296744237656,
       45.16374948517267
      ],
      [
       8.317101376336836,
       45.161845916368065
      ],
      [
       8.323383153392172,
       45.15918092004148
      ],
      [
       8.329855287327973,
       45.15423164114935
      ],
      [
       8.332710640535026,
       45.15023414665961
      ],
      [
       8.337469562546687,
       45.149282362257225
      ],
      [
       8.344132053362955,
       45.150614860420376
      ],
      [
       8.354601681788665,
       45.15385092738836
      ],
      [
       8.361835243246446,
       45.15689663747588
      ],
      [
       8.367165235899336,
       45.158800206280546
      ],
      [
       8.378586648727492,
       45.15803877875862
      ],
      [
       8.387533422109357,
       45.154993068671274
      ],
      [
       8.39476698356708,
       45.150614860420376
      ],
      [
       8.401239117502882,
       45.146236652169705
      ],
      [
       8.406759467036466,
       45.14128737327758
      ],
      [
       8.4130412440918,
       45.140145231994836
      ],
      [
       8.421036233071447,
       45.14128737327758
      ],
      [
       8.425985511963574,
       45.14242951456043
      ],
      [
       8.431505861496987,
       45.14242951456043
      ],
      [
       8.437597281672026,
       45.141097016397055
      ],
      [
       8.442927274325143,
       45.14071630263629
      ],
      [
       8.449399408260945,
       45.14223915767997
      ],
      [
       8.454919757794528,
       45.14547522464795
      ],
      [
       8.464247244937383,
       45.1490920053767
      ],
      [
       8.471100092634117,
       45.149853432898624
      ],
      [
       8.481189007298894,
       45.14833057785478
      ],
      [
       8.488803282517438,
       45.1513762879423
      ],
      [
       8.49527541645341,
       45.15023414665961
      ],
      [
       8.498701840301692,
       45.14794986409402
      ],
      [
       8.504222189835275,
       45.14680772281116
      ],
      [
       8.50879075496647,
       45.14794986409402
      ],
      [
       8.510694323771077,
       45.15004378977915
      ],
      [
       8.512788249456207,
       45.15308949986644
      ],
      [
       8.515925100110792,
       45.15451631121147
      ],
      [
       8.519450740272475,
       45.15289914298614
      ],
      [
       8.5266843017302,
       45.1485209347353
      ],
      [
       8.532395008144306,
       45.146236652169705
      ],
      [
       8.539438212721507,
       45.14528486776749
      ],
      [
       8.548004272342439,
       45.14471379712603
      ],
      [
       8.556189618202609,
       45.1420488007995
      ],
      [
       8.562471395257887,
       45.137480235668306
      ],
      [
       8.564946034704008,
       45.13519595310271
      ],
      [
       8.568562815432927,
       45.13119845861297
      ],
      [
       8.576938518173392,
       45.12548775219892
      ],
      [
       8.583791365870127,
       45.12206132835041
      ],
      [
       8.591595997969307,
       45.11558919441461
      ],
      [
       8.596354919980968,
       45.11216277056633
      ],
      [
       8.601494555753618,
       45.106261707271756
      ],
      [
       8.607395619048134,
       45.100931714618696
      ],
      [
       8.61539060802761,
       45.0927463687587
      ],
      [
       8.619388102517348,
       45.08893923114931
      ],
      [
       8.622814526365858,
       45.08589352106196
      ],
      [
       8.623956667648713,
       45.082657454093976
      ],
      [
       8.62110131444166,
       45.078850316484704
      ],
      [
       8.618245961234663,
       45.07656603391911
      ],
      [
       8.62053024380026,
       45.074091394473044
      ],
      [
       8.626621663975072,
       45.07066497062459
      ],
      [
       8.63404558231332,
       45.06571569173241
      ],
      [
       8.637281649281306,
       45.06305069540588
      ],
      [
       8.634997366715709,
       45.060195342198824
      ],
      [
       8.632522727269645,
       45.056578561470076
      ],
      [
       8.632142013508656,
       45.05239071009987
      ],
      [
       8.634997366715709,
       45.045347505522614
      ],
      [
       8.640708073129758,
       45.03849465782582
      ],
      [
       8.64660913642416,
       45.03392609269463
      ],
      [
       8.651177701555298,
       45.031451453248565
      ],
      [
       8.654223411642818,
       45.027453958758656
      ],
      [
       8.655175196045036,
       45.02345646426892
      ],
      [
       8.661076259339609,
       45.02212396610554
      ],
      [
       8.67021338960194,
       45.02345646426892
      ],
      [
       8.680111947386251,
       45.0268828881172
      ],
      [
       8.686584081322053,
       45.02726360187819
      ],
      [
       8.693246572138321,
       45.024788962432126
      ],
      [
       8.700860847357035,
       45.02079146794239
      ],
      [
       8.706190840010152,
       45.018316828496324
      ],
      [
       8.712282260184963,
       45.01869754225726
      ],
      [
       8.717231539077147,
       45.01679397345265
      ],
      [
       8.722561531730207,
       45.01508076152828
      ],
      [
       8.73150830511213,
       45.014890404647986
      ],
      [
       8.739312937211253,
       45.01717468721358
      ],
      [
       8.745023643625359,
       45.01850718537679
      ],
      [
       8.756635413333754,
       45.01869754225726
      ],
      [
       8.767295398639817,
       45.02193360922524
      ],
      [
       8.774909673858474,
       45.0245986055516
      ],
      [
       8.781952878435732,
       45.027834672519646
      ],
      [
       8.793374291263717,
       45.02802502940011
      ],
      [
       8.802130707765286,
       45.027834672519646
      ],
      [
       8.810316053625229,
       45.030118955085186
      ],
      [
       8.8146942618759,
       45.034497163335914
      ],
      [
       8.821166395811929,
       45.038875371586585
      ],
      [
       8.830493882954727,
       45.04249215231556
      ],
      [
       8.8407731544998,
       45.046680003685765
      ],
      [
       8.84686457467484,
       45.048393215609906
      ],
      [
       8.855430634295772,
       45.04915464313183
      ],
      [
       8.863996693916874,
       45.050106427534274
      ],
      [
       8.873514537940196,
       45.05391356514349
      ],
      [
       8.881319170039149,
       45.05638820458961
      ],
      [
       8.891979155345382,
       45.060195342198824
      ],
      [
       8.89864164616165,
       45.06286033852541
      ],
      [
       8.908730560826427,
       45.06571569173241
      ],
      [
       8.914631624120773,
       45.06761926053707
      ],
      [
       8.920913401176279,
       45.06819033117847
      ],
      [
       8.926243393829395,
       45.06742890365655
      ],
      [
       8.931763743362808,
       45.06952282934185
      ],
      [
       8.940520159864377,
       45.07561424951672
      ],
      [
       8.94813443508292,
       45.07827924584325
      ],
      [
       8.954035498377436,
       45.08075388528931
      ],
      [
       8.966806700796099,
       45.08305033232597
      ],
      [
       8.972136693448988,
       45.08647675617442
      ],
      [
       8.980893109950557,
       45.08952246626177
      ],
      [
       8.991362738376097,
       45.09047425066416
      ],
      [
       9.000690225518952,
       45.088951395620484
      ],
      [
       9.00944664202052,
       45.08952246626177
      ],
      [
       9.016489846597779,
       45.09142603506655
      ],
      [
       9.027149831903841,
       45.09294889011022
      ],
      [
       9.036667675927163,
       45.091806748827366
      ],
      [
       9.043520523623897,
       45.08647675617442
      ],
      [
       9.04942158691847,
       45.08419247360882
      ],
      [
       9.055893720854272,
       45.084953901130575
      ],
      [
       9.061414070387855,
       45.08666711305489
      ],
      [
       9.065792278638526,
       45.09028389378369
      ],
      [
       9.062348563362775,
       45.09560172196575
      ],
      [
       9.061967849601785,
       45.10112207149916
      ],
      [
       9.062158206482252,
       45.10550027974983
      ],
      [
       9.066726771613446,
       45.10911706047881
      ],
      [
       9.071104979864344,
       45.111020629283416
      ],
      [
       9.07700604315869,
       45.111020629283416
      ],
      [
       9.088617812867142,
       45.108736346717876
      ],
      [
       9.095851374324866,
       45.10607135039129
      ],
      [
       9.109937783479381,
       45.107594205435134
      ],
      [
       9.120597768785558,
       45.110259201761494
      ],
      [
       9.13182882473302,
       45.11311455496855
      ],
      [
       9.141156311875875,
       45.11482776689286
      ],
      [
       9.147818802692143,
       45.11692169257799
      ],
      [
       9.151054869660186,
       45.12168061458965
      ],
      [
       9.153910222867182,
       45.13138881549344
      ],
      [
       9.158669144878843,
       45.136718808146384
      ],
      [
       9.167425561380242,
       45.1426198714409
      ],
      [
       9.175230193479422,
       45.14604629528924
      ],
      [
       9.18227339805668,
       45.146236652169705
      ],
      [
       9.191600885199534,
       45.14395236960411
      ],
      [
       9.201118729222856,
       45.14300058520189
      ],
      [
       9.208161933800113,
       45.14528486776749
      ],
      [
       9.214443710855392,
       45.14775950721355
      ],
      [
       9.221296558552353,
       45.14833057785478
      ],
      [
       9.22929154753183,
       45.147569150333084
      ],
      [
       9.237286536511476,
       45.14433308336504
      ],
      [
       9.24490081173019,
       45.141097016397055
      ],
      [
       9.251372945665992,
       45.137480235668306
      ],
      [
       9.256702938319108,
       45.133673098059035
      ],
      [
       9.264697927298585,
       45.12662989348178
      ],
      [
       9.27402541444144,
       45.12605882284032
      ],
      [
       9.282401117182019,
       45.12643953660131
      ],
      [
       9.286588968552223,
       45.12739132100353
      ],
      [
       9.297248953858457,
       45.12643953660131
      ],
      [
       9.305624656598866,
       45.12396489715525
      ],
      [
       9.31495214374172,
       45.11939633202405
      ],
      [
       9.322376062079968,
       45.115398837534144
      ],
      [
       9.337033541875883,
       45.109688131120265
      ],
      [
       9.349216382225734,
       45.10416778158668
      ],
      [
       9.361589579456108,
       45.10569063663036
      ],
      [
       9.380815624383047,
       45.100931714618696
      ],
      [
       9.408227015170326,
       45.09598243572651
      ],
      [
       9.427833773858424,
       45.09426922380237
      ],
      [
       9.443062324295624,
       45.094078866921905
      ],
      [
       9.457148733450083,
       45.09598243572651
      ],
      [
       9.472186927006987,
       45.09845707517263
      ],
      [
       9.483989053595906,
       45.10112207149916
      ],
      [
       9.49464903890214,
       45.10378706782569
      ],
      [
       9.501882600359863,
       45.10378706782569
      ],
      [
       9.510639016861262,
       45.100170287096944
      ],
      [
       9.516349723275312,
       45.09541136508528
      ],
      [
       9.52034721776505,
       45.08855851738849
      ],
      [
       9.523012214091636,
       45.08418030913765
      ],
      [
       9.527200065461841,
       45.08132495593077
      ],
      [
       9.531007203071113,
       45.07904067336517
      ],
      [
       9.540144333333615,
       45.08303816785491
      ],
      [
       9.548710392954547,
       45.08684530546418
      ],
      [
       9.550804318639678,
       45.09065244307362
      ],
      [
       9.54909110671548,
       45.09788600453135
      ],
      [
       9.54376111406242,
       45.10607135039129
      ],
      [
       9.536337195724172,
       45.118444547621664
      ],
      [
       9.533672199397643,
       45.12149025770918
      ],
      [
       9.534243270039099,
       45.13119845861297
      ],
      [
       9.537669693887551,
       45.13500559622224
      ],
      [
       9.541476831496823,
       45.13690916502685
      ],
      [
       9.547377894791168,
       45.13595738062463
      ],
      [
       9.554040385607664,
       45.13215024301519
      ],
      [
       9.556705381934194,
       45.12834310540592
      ],
      [
       9.562796802109062,
       45.117492763219275
      ],
      [
       9.569078579164398,
       45.1094977742398
      ],
      [
       9.576121783741598,
       45.10340635406476
      ],
      [
       9.586416053101573,
       45.10140674156128
      ],
      [
       9.595728542429697,
       45.10340635406476
      ],
      [
       9.603533174528877,
       45.10645206415228
      ],
      [
       9.61209923414981,
       45.11063991552248
      ],
      [
       9.615335301117796,
       45.117492763219275
      ],
      [
       9.61476423047634,
       45.130627387971515
      ],
      [
       9.615906371759252,
       45.13443452558079
      ],
      [
       9.618571368085782,
       45.13767059254877
      ],
      [
       9.62523385890205,
       45.13862237695116
      ],
      [
       9.63246742035983,
       45.1332923842981
      ],
      [
       9.636464914849569,
       45.12834310540592
      ],
      [
       9.639715979632285,
       45.124630280978295
      ],
      [
       9.641033479980706,
       45.119777045784815
      ],
      [
       9.641033479980706,
       45.112733841207614
      ],
      [
       9.640652766219773,
       45.107594205435134
      ],
      [
       9.638749197415109,
       45.10264492654301
      ],
      [
       9.636845628610502,
       45.098837788933565
      ],
      [
       9.633609561642515,
       45.09369815316097
      ],
      [
       9.63246742035983,
       45.08874887426879
      ],
      [
       9.636655271730035,
       45.08398995225713
      ],
      [
       9.649599539601809,
       45.08132495593077
      ],
      [
       9.663305234995335,
       45.082657454093976
      ],
      [
       9.672442365257723,
       45.080944242169835
      ],
      [
       9.680056640476437,
       45.07694674767987
      ],
      [
       9.690731623597344,
       45.07113999756717
      ],
      [
       9.70175732484961,
       45.06266998164489
      ],
      [
       9.706706603741736,
       45.061337483481736
      ],
      [
       9.7173665890478,
       45.059624271557595
      ],
      [
       9.725361578027446,
       45.062289267884125
      ],
      [
       9.733737280767855,
       45.06723854677625
      ],
      [
       9.740590128464646,
       45.069713186222145
      ],
      [
       9.746300834878696,
       45.08075388528931
      ],
      [
       9.752201898173041,
       45.086654948583714
      ],
      [
       9.75658010642394,
       45.088368160508026
      ],
      [
       9.759435459630822,
       45.092365654997764
      ],
      [
       9.760577600913678,
       45.097124577009424
      ],
      [
       9.757531890826158,
       45.10264492654301
      ],
      [
       9.755818678902017,
       45.10645206415228
      ],
      [
       9.756009035782483,
       45.109688131120265
      ],
      [
       9.757722247706624,
       45.11159169992487
      ],
      [
       9.763242597240207,
       45.11159169992487
      ],
      [
       9.768191876132391,
       45.10987848800073
      ],
      [
       9.77180865686114,
       45.103977424706216
      ],
      [
       9.773331511904985,
       45.09731493388989
      ],
      [
       9.779042218318864,
       45.091984941236774
      ],
      [
       9.786466136657111,
       45.08589352106196
      ],
      [
       9.79522255315851,
       45.082276740332986
      ],
      [
       9.806834322866905,
       45.08018281464791
      ],
      [
       9.811973958639555,
       45.079611744006456
      ],
      [
       9.81882680633629,
       45.07732746144086
      ],
      [
       9.82130144578241,
       45.07123604126599
      ],
      [
       9.823410369282385,
       45.06657143243598
      ],
      [
       9.82759822065259,
       45.06295465170717
      ],
      [
       9.831405358261861,
       45.06181251042432
      ],
      [
       9.836544994034512,
       45.06352572234846
      ],
      [
       9.835958925578325,
       45.07085532750506
      ],
      [
       9.835197498056573,
       45.075804606397185
      ],
      [
       9.833293929251795,
       45.083228524735375
      ],
      [
       9.832151787969053,
       45.088368160508026
      ],
      [
       9.832342144849576,
       45.0921752981173
      ],
      [
       9.837672137502466,
       45.09826671829211
      ],
      [
       9.845096055840713,
       45.099218502694555
      ],
      [
       9.854423542983511,
       45.09940885957502
      ],
      [
       9.859372821875695,
       45.096743863248435
      ],
      [
       9.864702814528755,
       45.09331743940015
      ],
      [
       9.869476734355146,
       45.08941425809189
      ],
      [
       9.872697803508402,
       45.08379959537683
      ],
      [
       9.87612422735674,
       45.08018281464791
      ],
      [
       9.881073506248867,
       45.077517818321326
      ],
      [
       9.886022785140995,
       45.07732746144086
      ],
      [
       9.893446703479242,
       45.07999245776739
      ],
      [
       9.90107597651263,
       45.08522640672163
      ],
      [
       9.903916331904952,
       45.090462086193156
      ],
      [
       9.912101677764895,
       45.0963631494875
      ],
      [
       9.922380949310138,
       45.101198214251326
      ],
      [
       9.934754146540513,
       45.10614749314351
      ],
      [
       9.942368421759,
       45.11414248212316
      ],
      [
       9.947317700651126,
       45.119472474776046
      ],
      [
       9.956264474033219,
       45.12346996926601
      ],
      [
       9.962926964849487,
       45.12708674999476
      ],
      [
       9.96882802814389,
       45.12918067567989
      ],
      [
       9.975109805199395,
       45.13203602888689
      ],
      [
       9.98063015473275,
       45.13298781328933
      ],
      [
       9.989576928114843,
       45.133368527050266
      ],
      [
       9.994716563887266,
       45.13013246008228
      ],
      [
       10.001569411584228,
       45.12270854174409
      ],
      [
       10.006518690476355,
       45.117759262851905
      ],
      [
       10.016226891379972,
       45.10786070506765
      ],
      [
       10.023079739076934,
       45.10329213993646
      ],
      [
       10.029742229893202,
       45.09605857847873
      ],
      [
       10.03678543447046,
       45.082923953726606
      ],
      [
       10.045922564732848,
       45.06484005008224
      ],
      [
       10.048587561059378,
       45.05227649597157
      ],
      [
       10.052775412429583,
       45.04256829506778
      ],
      [
       10.063625754616282,
       45.03533473361
      ],
      [
       10.0733339555199,
       45.031146882239796
      ],
      [
       10.087039650913653,
       45.02772045839134
      ],
      [
       10.097889993100125,
       45.02467474830382
      ],
      [
       10.111786045374174,
       45.02657831710843
      ],
      [
       10.125301383887404,
       45.02924331343502
      ],
      [
       10.136151726073933,
       45.03228902352254
      ],
      [
       10.147953852662795,
       45.036286518012275
      ],
      [
       10.158613837969028,
       45.041616510665335
      ],
      [
       10.164514901263374,
       45.04313936570918
      ],
      [
       10.171177392079699,
       45.04485257763332
      ],
      [
       10.17764952601567,
       45.04256829506778
      ],
      [
       10.191355221409196,
       45.03952258498026
      ],
      [
       10.20677412872692,
       45.03190830976155
      ],
      [
       10.222383392925224,
       45.02657831710843
      ],
      [
       10.23856372776487,
       45.02924331343502
      ],
      [
       10.246178002983527,
       45.028481885913266
      ],
      [
       10.253601921321774,
       45.026387960228135
      ],
      [
       10.258551200213901,
       45.02124832445554
      ],
      [
       10.263310122225562,
       45.01439547675875
      ],
      [
       10.268259401117689,
       45.00792334282278
      ],
      [
       10.277967602021306,
       45.00354513457205
      ],
      [
       10.290150442371214,
       44.99859585567992
      ],
      [
       10.300239357035935,
       44.99535978871211
      ],
      [
       10.313754695548994,
       44.987745513493394
      ],
      [
       10.330506101030096,
       44.982415520840334
      ],
      [
       10.344211796423792,
       44.976324100665465
      ],
      [
       10.355442852371255,
       44.97137482177334
      ],
      [
       10.363057127589968,
       44.96813875480535
      ],
      [
       10.371052116569444,
       44.968900182327275
      ],
      [
       10.380760317473232,
       44.97822766947007
      ],
      [
       10.384567455082674,
       44.98165409331841
      ],
      [
       10.393133514703607,
       44.98622265844955
      ],
      [
       10.403793500009783,
       44.98603230156925
      ],
      [
       10.412740273391648,
       44.98222516395981
      ],
      [
       10.420544905490829,
       44.978418026350596
      ],
      [
       10.425874898143775,
       44.97270731993649
      ],
      [
       10.428539894470305,
       44.965473758478765
      ],
      [
       10.428159180709372,
       44.95747876949929
      ],
      [
       10.434364815012657,
       44.95557520069451
      ],
      [
       10.442740517753123,
       44.952339133726696
      ],
      [
       10.45073550673277,
       44.94605735667119
      ],
      [
       10.461014778277843,
       44.93825272457218
      ],
      [
       10.472626547986238,
       44.93539737136513
      ],
      [
       10.485761172738535,
       44.93254201815813
      ],
      [
       10.500989723175906,
       44.927212025505014
      ],
      [
       10.510126853438294,
       44.91807489524268
      ],
      [
       10.519073626820159,
       44.917503824601226
      ],
      [
       10.531827537811466,
       44.91445811451388
      ],
      [
       10.541535738715083,
       44.91350633011149
      ],
      [
       10.553147508423706,
       44.912744902589566
      ],
      [
       10.566282133175775,
       44.91350633011149
      ],
      [
       10.579987828569358,
       44.918455609003615
      ],
      [
       10.603592081747138,
       44.921120605330145
      ],
      [
       10.618439918423576,
       44.924547029178484
      ],
      [
       10.631193829414883,
       44.931019163114456
      ],
      [
       10.636523822068,
       44.93901415209393
      ],
      [
       10.642615242242869,
       44.947580211715035
      ],
      [
       10.647754878015462,
       44.95271984748763
      ],
      [
       10.653275227549045,
       44.95614627133597
      ],
      [
       10.660889502767589,
       44.960714836467105
      ],
      [
       10.66736163670356,
       44.96737732728343
      ],
      [
       10.67516626880257,
       44.97480124562162
      ],
      [
       10.683161257782217,
       44.98070230891619
      ],
      [
       10.698580165099884,
       44.98431908964494
      ],
      [
       10.707907652242909,
       44.98469980340593
      ],
      [
       10.714950856820167,
       44.98698408597147
      ],
      [
       10.719709778831827,
       44.98964908229806
      ],
      [
       10.725610842126173,
       44.992504435505055
      ],
      [
       10.730750477898823,
       44.992504435505055
      ],
      [
       10.734938329269028,
       44.99041050981998
      ],
      [
       10.73836475311748,
       44.986793729091005
      ],
      [
       10.741029749444067,
       44.97994088139427
      ],
      [
       10.745027243933805,
       44.977275885067684
      ],
      [
       10.750547593467388,
       44.97822766947007
      ],
      [
       10.755116158598582,
       44.98222516395981
      ],
      [
       10.758923296207797,
       44.98755515661293
      ],
      [
       10.76482435950237,
       44.989839439178525
      ],
      [
       10.772057920960094,
       44.987745513493394
      ],
      [
       10.77795898425444,
       44.985461230927854
      ],
      [
       10.79090325212627,
       44.98565158780832
      ],
      [
       10.79623324477916,
       44.98926836853707
      ],
      [
       10.797375386062072,
       44.99383693366826
      ],
      [
       10.795471817257408,
       44.999737996962835
      ],
      [
       10.788428612680207,
       45.00487763273543
      ],
      [
       10.7827179062661,
       45.00906548410563
      ],
      [
       10.775484344808376,
       45.013824406117294
      ],
      [
       10.773771132884235,
       45.0174411868461
      ],
      [
       10.773580776003769,
       45.02181939509677
      ],
      [
       10.776626486091288,
       45.025055462064756
      ],
      [
       10.781956478744178,
       45.0260072464672
      ],
      [
       10.790332181484814,
       45.02733974463035
      ],
      [
       10.79661395854015,
       45.03019509783741
      ],
      [
       10.800611453030058,
       45.032098666642014
      ],
      [
       10.807273943846326,
       45.03190830976155
      ],
      [
       10.811081081455598,
       45.0282915290328
      ],
      [
       10.815649646586792,
       45.023722963901605
      ],
      [
       10.821169996120375,
       45.020677253814085
      ],
      [
       10.828974628219555,
       45.01991582629216
      ],
      [
       10.836398546557746,
       45.02143868133601
      ],
      [
       10.840396041047484,
       45.023342250140615
      ],
      [
       10.84268032361308,
       45.02753010151088
      ],
      [
       10.843441751135003,
       45.03095652535933
      ],
      [
       10.848010316266198,
       45.033811878566155
      ],
      [
       10.852198167636402,
       45.03400223544668
      ],
      [
       10.863809937344854,
       45.03133723912009
      ],
      [
       10.87275671072672,
       45.02962402719595
      ],
      [
       10.88018062906491,
       45.03019509783741
      ],
      [
       10.887604547403157,
       45.03228902352254
      ],
      [
       10.892173112534294,
       45.03609616113175
      ],
      [
       10.89578989326327,
       45.041045440023936
      ],
      [
       10.898264532709334,
       45.04542364827478
      ],
      [
       10.900929529035693,
       45.04846935836213
      ],
      [
       10.905498094167058,
       45.050372927166734
      ],
      [
       10.908163090493417,
       45.05379935101524
      ],
      [
       10.908543804254407,
       45.058558273026904
      ],
      [
       10.907020949210732,
       45.06484005008224
      ],
      [
       10.90416559600368,
       45.069789328974366
      ],
      [
       10.904546309764669,
       45.07397718034474
      ],
      [
       10.907592019852189,
       45.077593961073546
      ],
      [
       10.91197022810286,
       45.0789264592367
      ],
      [
       10.921107358365248,
       45.078545745475935
      ],
      [
       10.930054131747113,
       45.0766421766711
      ],
      [
       10.939000905128978,
       45.07302539594235
      ],
      [
       10.955371596849261,
       45.067695403289235
      ],
      [
       10.96543743795263,
       45.068475001240586
      ],
      [
       10.978785493146631,
       45.0701700427353
      ],
      [
       10.990016549094094,
       45.0695989720939
      ],
      [
       10.999915106878348,
       45.06845683081116
      ],
      [
       11.009052237140736,
       45.0636979087995
      ],
      [
       11.014953300435252,
       45.06046184183151
      ],
      [
       11.02466150133887,
       45.05646434734177
      ],
      [
       11.034940772884113,
       45.05170542533011
      ],
      [
       11.04236469122236,
       45.04789828772084
      ],
      [
       11.051882535245682,
       45.045042934513845
      ],
      [
       11.06063895174708,
       45.04428150699192
      ],
      [
       11.071298937053257,
       45.04523329139431
      ],
      [
       11.080436067315645,
       45.04713686019892
      ],
      [
       11.093189978306953,
       45.04904042900358
      ],
      [
       11.10289817921074,
       45.0520861390911
      ],
      [
       11.110512454429283,
       45.058177559265914
      ],
      [
       11.114129235158202,
       45.0614136262339
      ],
      [
       11.117555659006484,
       45.066362905126084
      ],
      [
       11.12155315349645,
       45.068076117050225
      ],
      [
       11.125360291105665,
       45.06712433264778
      ],
      [
       11.127834930551728,
       45.062936481277575
      ],
      [
       11.135068492009509,
       45.057225774863696
      ],
      [
       11.140565767981684,
       45.052294666401
      ],
      [
       11.145918834195982,
       45.04885007212306
      ],
      [
       11.153533109414695,
       45.046756146437986
      ],
      [
       11.163241310318483,
       45.04618507579653
      ],
      [
       11.170094158015274,
       45.04885007212306
      ],
      [
       11.176566291951247,
       45.05170542533011
      ],
      [
       11.182657712126115,
       45.05475113541763
      ],
      [
       11.192365913029903,
       45.05874862990737
      ],
      [
       11.201312686411768,
       45.058558273026904
      ],
      [
       11.210259459793633,
       45.05836791614638
      ],
      [
       11.217493021251357,
       45.05589327670032
      ],
      [
       11.224345868948319,
       45.051515068449646
      ],
      [
       11.227962649677124,
       45.04846935836213
      ],
      [
       11.233102285449718,
       45.0458043620356
      ],
      [
       11.235386568015315,
       45.0440911501114
      ],
      [
       11.242429772592573,
       45.04428150699192
      ],
      [
       11.245475482680092,
       45.04599471891606
      ],
      [
       11.248140479006622,
       45.04808864460114
      ],
      [
       11.250805475332982,
       45.051515068449646
      ],
      [
       11.253660828540035,
       45.05379935101524
      ],
      [
       11.25727760926901,
       45.05684506110276
      ],
      [
       11.263178672563356,
       45.05741613174416
      ],
      [
       11.267176167053265,
       45.05532220605892
      ],
      [
       11.270221877140614,
       45.0520861390911
      ],
      [
       11.27041223402108,
       45.04846935836213
      ],
      [
       11.269270092738395,
       45.04390079323093
      ],
      [
       11.26603402577041,
       45.03838044369752
      ],
      [
       11.262226888161138,
       45.03457330608808
      ],
      [
       11.262226888161138,
       45.03057581159834
      ],
      [
       11.263178672563356,
       45.023342250140615
      ],
      [
       11.266985810172798,
       45.02105796757502
      ],
      [
       11.272886873467144,
       45.019725469411696
      ],
      [
       11.281072219327314,
       45.018012257487555
      ],
      [
       11.290018992709179,
       45.01610868868289
      ],
      [
       11.303870425972661,
       45.01696547836923
      ]
     ]
    ]
   },
   "properties": {
    "pid": "393469",
    "origin": "BAMap39",
    "notes": null,
    "strabo_name": "Padus"
   }
  },
  {
   "type": "Feature",
   "geometry": {
    "type": "MultiLineString",
    "coordinates": [
     [
      [
       4.953215321629372,
       44.13959075614178
      ],
      [
       4.9543904722695284,
       44.13712912480083
      ],
      [
       4.9551043105712775,
       44.13570144819733
      ],
      [
       4.9546284183701115,
       44.13379787939267
      ],
      [
       4.953438687867196,
       44.132132256688585
      ],
      [
       4.948917711956119,
       44.12880101128042
      ],
      [
       4.946062358749122,
       44.12761128077751
      ],
      [
       4.943207005542126,
       44.127373334676925
      ],
      [
       4.938686029631048,
       44.126659496375176
      ],
      [
       4.936306568625218,
       44.12546976587226
      ],
      [
       4.935354784222886,
       44.123566197067596
      ],
      [
       4.933689161518805,
       44.1221385204641
      ],
      [
       4.9313097005129745,
       44.1221385204641
      ],
      [
       4.930595862211225,
       44.12142468216235
      ],
      [
       4.929168185607727,
       44.117855490653604
      ],
      [
       4.926788724601897,
       44.11428629914486
      ],
      [
       4.922029802590236,
       44.11262067644078
      ],
      [
       4.919412395483823,
       44.11024121543495
      ],
      [
       4.918936503282657,
       44.10714791612737
      ],
      [
       4.919650341584406,
       44.10262694021629
      ],
      [
       4.92155391038907,
       44.099057748707544
      ],
      [
       4.923457479193734,
       44.095250611098216
      ],
      [
       4.9236954252943175,
       44.09239525789122
      ],
      [
       4.922029802590236,
       44.08858812028189
      ],
      [
       4.922267748690819,
       44.08716044367839
      ],
      [
       4.92155391038907,
       44.08525687487373
      ],
      [
       4.922981586992568,
       44.08406714437081
      ],
      [
       4.925598994098982,
       44.08359125216965
      ],
      [
       4.92702667070248,
       44.08216357556615
      ],
      [
       4.927264616803063,
       44.080260006761485
      ],
      [
       4.927740509004229,
       44.07883233015799
      ],
      [
       4.929882023909476,
       44.07811849185624
      ],
      [
       4.93249943101589,
       44.0785943840574
      ],
      [
       4.933927107619388,
       44.07835643795682
      ],
      [
       4.933213269317639,
       44.07621492305157
      ],
      [
       4.930833808311808,
       44.07502519254866
      ],
      [
       4.930833808311808,
       44.072407785442245
      ],
      [
       4.933213269317639,
       44.070266270537
      ],
      [
       4.933784339959038,
       44.06812475563175
      ],
      [
       4.933213269317639,
       44.06603082994662
      ],
      [
       4.932451841795773,
       44.06431761802242
      ],
      [
       4.932642198676239,
       44.06184297857636
      ],
      [
       4.9313097005129745,
       44.059368339130295
      ],
      [
       4.931119343632508,
       44.05746477032563
      ],
      [
       4.932261484915307,
       44.0553708446405
      ],
      [
       4.932642198676239,
       44.0530865620749
      ],
      [
       4.930548272991109,
       44.04985049510697
      ],
      [
       4.930928986752042,
       44.04794692630231
      ],
      [
       4.931500057393441,
       44.04585300061718
      ],
      [
       4.930548272991109,
       44.043378361171115
      ],
      [
       4.926931492262247,
       44.04147479236645
      ],
      [
       4.92198221337012,
       44.042236219888316
      ],
      [
       4.915700436314728,
       44.04185550612738
      ],
      [
       4.912464369346798,
       44.04033265108365
      ],
      [
       4.906372949171873,
       44.04033265108365
      ],
      [
       4.902565811562544,
       44.04033265108365
      ],
      [
       4.894190108822022,
       44.04033265108365
      ],
      [
       4.889811900571294,
       44.04033265108365
      ],
      [
       4.886766190483831,
       44.039190509800854
      ],
      [
       4.8846722647987,
       44.035954442832924
      ],
      [
       4.88257833911357,
       44.03367016026733
      ],
      [
       4.879722985906573,
       44.032147305223596
      ],
      [
       4.877010400359927,
       44.02995820109823
      ],
      [
       4.87724834646051,
       44.0261510634889
      ],
      [
       4.877962184762259,
       44.02353365638249
      ],
      [
       4.878200130862842,
       44.020678303175494
      ],
      [
       4.877724238661676,
       44.0178229499685
      ],
      [
       4.875582723756429,
       44.016157327264416
      ],
      [
       4.872965316650015,
       44.015205542862084
      ],
      [
       4.872489424448849,
       44.013777866258586
      ],
      [
       4.871061747845351,
       44.01187429745392
      ],
      [
       4.867492556336606,
       44.01068456695101
      ],
      [
       4.8667787180348565,
       44.00949483644809
      ],
      [
       4.866064879733107,
       44.007353321542844
      ],
      [
       4.862971580425528,
       44.004973860537014
      ],
      [
       4.85845060451445,
       44.00283234563177
      ],
      [
       4.855833197408037,
       44.001166722927685
      ],
      [
       4.853929628603373,
       43.998073423620106
      ],
      [
       4.852739898100458,
       43.99545601651369
      ],
      [
       4.85014020974773,
       43.99331782387476
      ],
      [
       4.845380385983825,
       43.99233557848869
      ]
     ]
    ]
   },
   "properties": {
    "pid": null,
    "origin": "BAMap15",
    "notes": "Ovidis?",
    "strabo_name": null
   }
  },
  {
   "type": "Feature",
   "geometry": {
    "type": "MultiLineString",
    "coordinates": [
     [
      [
       4.9532205706083205,
       44.14012327989983
      ],
      [
       4.946490661730172,
       44.14298259887517
      ],
      [
       4.943397362422592,
       44.144886167679836
      ],
      [
       4.941969685819094,
       44.147979466987415
      ],
      [
       4.941969685819094,
       44.1496450896915
      ],
      [
       4.941017901416762,
       44.15131071239558
      ],
      [
       4.939828170913847,
       44.152738388999076
      ],
      [
       4.939828170913847,
       44.154166065602574
      ],
      [
       4.938876386511515,
       44.155117850004906
      ],
      [
       4.935307195002769,
       44.15369017340141
      ],
      [
       4.932689787896356,
       44.15321428120024
      ],
      [
       4.929120596387611,
       44.15392811950199
      ],
      [
       4.92674113538178,
       44.155831688306655
      ],
      [
       4.926503189281197,
       44.15844909541307
      ],
      [
       4.926265243180614,
       44.16011471811715
      ],
      [
       4.923409889973618,
       44.162018286921814
      ],
      [
       4.9205545367666215,
       44.16035266421773
      ],
      [
       4.916271506956127,
       44.15916293371482
      ],
      [
       4.9127023154473815,
       44.159638825915984
      ],
      [
       4.910084908340968,
       44.16106650251948
      ],
      [
       4.909371070039219,
       44.16320801742473
      ],
      [
       4.908181339536304,
       44.16487364012881
      ],
      [
       4.9050880402287245,
       44.16534953232998
      ],
      [
       4.90318447142406,
       44.16630131673231
      ],
      [
       4.902708579222894,
       44.16891872383872
      ],
      [
       4.901280902619396,
       44.17106023874397
      ],
      [
       4.899139387714149,
       44.17320175364922
      ],
      [
       4.8979496572112335,
       44.17605710685621
      ],
      [
       4.892881405268815,
       44.17748478345971
      ],
      [
       4.891215782564734,
       44.17986424446554
      ],
      [
       4.889550159860653,
       44.18152986716962
      ],
      [
       4.887884537156571,
       44.181767813270206
      ],
      [
       4.885267130050158,
       44.18129192106904
      ],
      [
       4.8816979385414125,
       44.18057808276729
      ],
      [
       4.87836669313325,
       44.18057808276729
      ],
      [
       4.876463124328586,
       44.179388352264375
      ],
      [
       4.874559555523922,
       44.177008891258545
      ],
      [
       4.872418040618674,
       44.17558121465505
      ],
      [
       4.869562687411678,
       44.17415353805155
      ],
      [
       4.8662314420035155,
       44.17415353805155
      ],
      [
       4.863614034897102,
       44.17581916075563
      ],
      [
       4.86028278948894,
       44.17558121465505
      ],
      [
       4.855285921376696,
       44.17724683735913
      ],
      [
       4.851478783767368,
       44.17748478345971
      ],
      [
       4.847909592258622,
       44.17677094515796
      ],
      [
       4.844816292951043,
       44.176295052956796
      ],
      [
       4.84148504754288,
       44.17605710685621
      ],
      [
       4.838153802134718,
       44.17581916075563
      ],
      [
       4.836488179430637,
       44.17605710685621
      ],
      [
       4.832681041821308,
       44.17272586144805
      ],
      [
       4.831491311318393,
       44.17106023874397
      ],
      [
       4.831015419117227,
       44.16796693943639
      ],
      [
       4.829349796413146,
       44.16558747843056
      ],
      [
       4.828398012010814,
       44.16415980182706
      ],
      [
       4.825304712703234,
       44.16273212522356
      ],
      [
       4.821973467295072,
       44.16273212522356
      ],
      [
       4.8191181140880754,
       44.16249417912298
      ],
      [
       4.815073030378164,
       44.16035266421773
      ],
      [
       4.811027946668252,
       44.15844909541307
      ],
      [
       4.806982862958341,
       44.1579732032119
      ],
      [
       4.80769670126009,
       44.15559374220607
      ],
      [
       4.808410539561839,
       44.15392811950199
      ],
      [
       4.8119797310705845,
       44.153452227300825
      ],
      [
       4.81554892257933,
       44.15250044289849
      ],
      [
       4.817214545283411,
       44.15131071239558
      ],
      [
       4.818880167987492,
       44.14916919749033
      ],
      [
       4.8193560601886585,
       44.14750357478625
      ],
      [
       4.820783736792157,
       44.14512411378042
      ],
      [
       4.821735521194489,
       44.14226876057342
      ],
      [
       4.823877036099736,
       44.14131697617109
      ],
      [
       4.826732389306732,
       44.13988929956759
      ],
      [
       4.829349796413146,
       44.138461622964094
      ],
      [
       4.831967203519559,
       44.13679600026001
      ],
      [
       4.833394880123057,
       44.13489243145535
      ],
      [
       4.833394880123057,
       44.13251297044952
      ],
      [
       4.830301580815478,
       44.1313232399466
      ],
      [
       4.8257806049044,
       44.13013350944369
      ],
      [
       4.825542658803817,
       44.12870583284019
      ],
      [
       4.826494443206149,
       44.127516102337275
      ],
      [
       4.823639089999153,
       44.124422803029695
      ],
      [
       4.8195940062892415,
       44.12251923422503
      ],
      [
       4.814597138176998,
       44.12251923422503
      ],
      [
       4.811265892768835,
       44.12347101862736
      ],
      [
       4.808410539561839,
       44.12489869523086
      ],
      [
       4.805793132455426,
       44.124422803029695
      ],
      [
       4.8041275097513445,
       44.12180539592328
      ],
      [
       4.804841348053094,
       44.118236204414536
      ],
      [
       4.806269024656592,
       44.11442906680521
      ],
      [
       4.809362323964171,
       44.11228755189996
      ],
      [
       4.813407407674083,
       44.110383983095296
      ],
      [
       4.815786868679913,
       44.10848041429063
      ],
      [
       4.816024814780496,
       44.10681479158655
      ],
      [
       4.818880167987492,
       44.10514916888247
      ],
      [
       4.821735521194489,
       44.10372149227897
      ],
      [
       4.824114982200319,
       44.101579977373724
      ],
      [
       4.824352928300902,
       44.09967640856906
      ],
      [
       4.822449359496238,
       44.09896257026731
      ],
      [
       4.817690437484577,
       44.09896257026731
      ],
      [
       4.813883299875249,
       44.09658310926148
      ],
      [
       4.809362323964171,
       44.096107217060315
      ],
      [
       4.806744916857758,
       44.09563132485915
      ],
      [
       4.8038895636507615,
       44.09563132485915
      ],
      [
       4.801748048745514,
       44.0920621333504
      ],
      [
       4.798416803337352,
       44.08944472624399
      ],
      [
       4.794609665728023,
       44.08801704964049
      ],
      [
       4.790802528118695,
       44.08801704964049
      ],
      [
       4.786995390509366,
       44.08944472624399
      ],
      [
       4.784853875604119,
       44.08968267234457
      ],
      [
       4.7812846840953735,
       44.08920678014341
      ],
      [
       4.77866727698896,
       44.08777910353991
      ],
      [
       4.777001654284879,
       44.086827319137576
      ],
      [
       4.776763708184296,
       44.08397196593058
      ],
      [
       4.777953438687211,
       44.08183045102533
      ],
      [
       4.777715492586628,
       44.079688936120085
      ],
      [
       4.777477546486045,
       44.07707152901367
      ],
      [
       4.779143169190126,
       44.07350233750493
      ],
      [
       4.782236468497706,
       44.07136082259968
      ],
      [
       4.78414003730237,
       44.07064698429793
      ],
      [
       4.785567713905868,
       44.06802957719152
      ]
     ]
    ]
   },
   "properties": {
    "pid": null,
    "origin": "BAMap15",
    "notes": "Ovidis?",
    "strabo_name": null
   }
  },
  {
   "type": "Feature",
   "geometry": {
    "type": "MultiLineString",
    "coordinates": [
     [
      [
       5.152500429846607,
       44.24041756129558
      ],
      [
       5.151647789652856,
       44.23768514690722
      ],
      [
       5.151409843552273,
       44.235781578102554
      ],
      [
       5.153075466256354,
       44.23482979370022
      ],
      [
       5.155454927262184,
       44.23459184759964
      ],
      [
       5.157596442167431,
       44.23459184759964
      ],
      [
       5.159737957072679,
       44.23387800929789
      ],
      [
       5.160927687575594,
       44.231974440493225
      ],
      [
       5.161165633676177,
       44.22983292558798
      ],
      [
       5.164972771285505,
       44.227929356783314
      ],
      [
       5.170445531598915,
       44.224836057475734
      ],
      [
       5.174252669208244,
       44.224122219173985
      ],
      [
       5.177583914616406,
       44.22269454257049
      ],
      [
       5.1811531061251515,
       44.22055302766524
      ],
      [
       5.184008459332148,
       44.22031508156466
      ],
      [
       5.188767381343808,
       44.221028919866406
      ],
      [
       5.191622734550805,
       44.221028919866406
      ],
      [
       5.196143710461882,
       44.21912535106174
      ],
      [
       5.198999063668879,
       44.21841151275999
      ],
      [
       5.201378524674709,
       44.21674589005591
      ],
      [
       5.203757985680539,
       44.21531821345241
      ],
      [
       5.208041015491034,
       44.21508026735183
      ],
      [
       5.213037883603278,
       44.21603205175416
      ],
      [
       5.217320913413772,
       44.216269997854745
      ],
      [
       5.223745458129514,
       44.21484232125125
      ],
      [
       5.229932056744673,
       44.21436642905008
      ],
      [
       5.236356601460415,
       44.2141284829495
      ],
      [
       5.2432570383773225,
       44.21508026735183
      ],
      [
       5.248729798690732,
       44.21508026735183
      ],
      [
       5.25325077460181,
       44.21484232125125
      ],
      [
       5.255154343406474,
       44.21484232125125
      ],
      [
       5.2589614810158025,
       44.21341464464775
      ],
      [
       5.263720403027463,
       44.21246286024542
      ],
      [
       5.271096732145537,
       44.21341464464775
      ],
      [
       5.277521276861279,
       44.211511075843084
      ],
      [
       5.283469929375855,
       44.209131614837254
      ],
      [
       5.2870391208846,
       44.206752153831424
      ],
      [
       5.2898944740915965,
       44.20580036942909
      ],
      [
       5.293225719499759,
       44.204372692825594
      ],
      [
       5.296319018807338,
       44.203658854523844
      ],
      [
       5.298222587612003,
       44.20199323181976
      ],
      [
       5.299888210316084,
       44.19937582471335
      ],
      [
       5.304171240126578,
       44.198186094210435
      ],
      [
       5.310357838741737,
       44.19699636370752
      ],
      [
       5.314402922451649,
       44.19628252540577
      ],
      [
       5.318210060060977,
       44.194378956601106
      ],
      [
       5.32154130546914,
       44.193427172198774
      ],
      [
       5.326062281380217,
       44.193427172198774
      ],
      [
       5.3282037962854645,
       44.19414101050052
      ],
      [
       5.33177298779421,
       44.19318922609819
      ],
      [
       5.33415244880004,
       44.19057181899178
      ],
      [
       5.33724574810762,
       44.18914414238828
      ],
      [
       5.341052885716948,
       44.18771646578478
      ],
      [
       5.344860023326277,
       44.186526735281866
      ],
      [
       5.350808675840852,
       44.18509905867837
      ],
      [
       5.3588988432606754,
       44.18295754377312
      ],
      [
       5.365561334077,
       44.18224370547137
      ],
      [
       5.369844363887495,
       44.18105397496846
      ],
      [
       5.372699717094491,
       44.18057808276729
      ],
      [
       5.378410423508484,
       44.18224370547137
      ],
      [
       5.384834968224226,
       44.18200575937079
      ],
      [
       5.391021566839385,
       44.18057808276729
      ],
      [
       5.3979220037562925,
       44.17962629836496
      ],
      [
       5.401134276114162,
       44.17748478345971
      ],
      [
       5.402324006617077,
       44.174629430252715
      ],
      [
       5.405893198125822,
       44.1720120231463
      ],
      [
       5.409938281835734,
       44.17177407704572
      ],
      [
       5.414935149947977,
       44.169870508241054
      ],
      [
       5.419694071959638,
       44.168442831637556
      ],
      [
       5.4230253173678005,
       44.16725310113464
      ],
      [
       5.428022185480044,
       44.16868077773814
      ],
      [
       5.4311154847876235,
       44.171536130945135
      ],
      [
       5.433019053592288,
       44.17296380754863
      ],
      [
       5.438015921704531,
       44.17320175364922
      ],
      [
       5.443488682017941,
       44.1748673763533
      ],
      [
       5.447771711828436,
       44.17653299905738
      ],
      [
       5.449199388431934,
       44.17915040616379
      ],
      [
       5.452768579940679,
       44.18271959767254
      ],
      [
       5.45752750195234,
       44.18438522037662
      ],
      [
       5.462762316165167,
       44.1860508430807
      ],
      [
       5.467521238176827,
       44.186526735281866
      ],
      [
       5.471328375786156,
       44.187240573583615
      ],
      [
       5.474183728993152,
       44.18819235798595
      ],
      [
       5.478228812703064,
       44.18843030408653
      ],
      [
       5.481798004211809,
       44.18819235798595
      ],
      [
       5.485605141821138,
       44.187240573583615
      ],
      [
       5.490602009933381,
       44.18438522037662
      ],
      [
       5.4929814709392115,
       44.18271959767254
      ],
      [
       5.495360931945042,
       44.18057808276729
      ],
      [
       5.496074770246791,
       44.17819862176146
      ],
      [
       5.495598878045625,
       44.17605710685621
      ],
      [
       5.494171201442127,
       44.17320175364922
      ]
     ]
    ]
   },
   "properties": {
    "pid": null,
    "origin": "BAMap15",
    "notes": "Ovidis?",
    "strabo_name": null
   }
  },
  {
   "type": "Feature",
   "geometry": {
    "type": "MultiLineString",
    "coordinates": [
     [
      [
       6.8415390131093465,
       43.615394624473275
      ],
      [
       6.836661118047396,
       43.61563257057386
      ],
      [
       6.834281657041566,
       43.61325310956803
      ],
      [
       6.8314263038345695,
       43.61206337906511
      ],
      [
       6.828808896728156,
       43.6108736485622
      ],
      [
       6.82485105992179,
       43.606527166458214
      ],
      [
       6.820092137910129,
       43.6053374359553
      ],
      [
       6.817236784703133,
       43.6039097593518
      ],
      [
       6.815095269797886,
       43.60010262174247
      ],
      [
       6.81262856188851,
       43.59612099032605
      ],
      [
       6.812866507989093,
       43.593503583219636
      ],
      [
       6.810487046983263,
       43.59160001441497
      ],
      [
       6.806441963273351,
       43.58969644561031
      ],
      [
       6.803586610066355,
       43.58898260730856
      ],
      [
       6.8002553646581925,
       43.58755493070506
      ],
      [
       6.798827688054694,
       43.58541341579981
      ],
      [
       6.797637957551779,
       43.5842236852969
      ],
      [
       6.7931169816407015,
       43.586365200202145
      ],
      [
       6.790737520634871,
       43.587079038503894
      ],
      [
       6.788596005729624,
       43.58660314630273
      ],
      [
       6.785740652522628,
       43.58493752359865
      ],
      [
       6.783123245416214,
       43.58541341579981
      ],
      [
       6.775984862398723,
       43.58517546969923
      ],
      [
       6.773843347493476,
       43.58826876900681
      ],
      [
       6.772653616990561,
       43.59064823001264
      ],
      [
       6.771939778688812,
       43.594217421521385
      ],
      [
       6.768846479381232,
       43.594931259823134
      ],
      [
       6.765039341771904,
       43.59469331372255
      ],
      [
       6.7614701502631585,
       43.59612099032605
      ],
      [
       6.755997389949749,
       43.59707277472838
      ],
      [
       6.752666144541586,
       43.59778661303013
      ],
      [
       6.751476414038671,
       43.59778661303013
      ],
      [
       6.74981079133459,
       43.59612099032605
      ],
      [
       6.74743133032876,
       43.59635893642663
      ],
      [
       6.744575977121763,
       43.59778661303013
      ],
      [
       6.742434462216516,
       43.600404020136544
      ],
      [
       6.740768839512435,
       43.60159375063946
      ],
      [
       6.737675540204855,
       43.60349731944412
      ],
      [
       6.734344294796693,
       43.60468704994704
      ],
      [
       6.7312509954891135,
       43.60468704994704
      ],
      [
       6.729109480583866,
       43.60349731944412
      ],
      [
       6.726492073477453,
       43.60302142724296
      ],
      [
       6.722684935868124,
       43.604449103846456
      ],
      [
       6.719591636560545,
       43.60611472655054
      ],
      [
       6.716736283353549,
       43.60730445705345
      ],
      [
       6.712453253543054,
       43.60706651095287
      ],
      [
       6.710311738637807,
       43.605876780449954
      ],
      [
       6.706504601028478,
       43.6065906187517
      ],
      [
       6.701745679016818,
       43.605876780449954
      ],
      [
       6.69722470310574,
       43.60778034925462
      ],
      [
       6.693417565496412,
       43.60873213365695
      ],
      [
       6.690324266188832,
       43.6108736485622
      ],
      [
       6.687468912981836,
       43.61277721736686
      ],
      [
       6.68389972147309,
       43.61396694786978
      ],
      [
       6.680330529964345,
       43.61444284007094
      ],
      [
       6.675095715751518,
       43.61444284007094
      ],
      [
       6.671018905894862,
       43.613665549475705
      ],
      [
       6.667211768285534,
       43.61461733387804
      ],
      [
       6.666259983883202,
       43.6150932260792
      ],
      [
       6.663166684575622,
       43.617472687085034
      ],
      [
       6.6615327880182855,
       43.61991560038435
      ],
      [
       6.66034305751537,
       43.62229506139018
      ],
      [
       6.660105111414787,
       43.62515041459718
      ],
      [
       6.659867165314204,
       43.62657809120068
      ],
      [
       6.657487704308374,
       43.628719606105925
      ],
      [
       6.652728782296713,
       43.63086112101117
      ],
      [
       6.651776997894381,
       43.63395442031875
      ],
      [
       6.6501113751903,
       43.63680977352575
      ],
      [
       6.647969860285053,
       43.63942718063216
      ],
      [
       6.645352453178639,
       43.64347226434207
      ],
      [
       6.643686830474558,
       43.646803509750235
      ],
      [
       6.641069423368145,
       43.650610647359564
      ],
      [
       6.640593531166979,
       43.65322805446598
      ],
      [
       6.642497099971643,
       43.65513162327064
      ],
      [
       6.643686830474558,
       43.659414653081136
      ],
      [
       6.645352453178639,
       43.66036643748347
      ],
      [
       6.64773191418447,
       43.663221790690464
      ],
      [
       6.649159590787968,
       43.66441152119338
      ]
     ]
    ]
   },
   "properties": {
    "pid": null,
    "origin": "BAMap16",
    "notes": "Apron? ?",
    "strabo_name": null
   }
  },
  {
   "type": "Feature",
   "geometry": {
    "type": "MultiLineString",
    "coordinates": [
     [
      [
       6.843950200261921,
       43.613078615760934
      ],
      [
       6.83740668249589,
       43.61831342997376
      ],
      [
       6.833893011743945,
       43.62199366299611
      ],
      [
       6.826667381822909,
       43.62419863019485
      ],
      [
       6.821908459811248,
       43.62586425289893
      ],
      [
       6.81810132220192,
       43.62824371390476
      ],
      [
       6.813104454089676,
       43.63014728270942
      ],
      [
       6.8071558015751,
       43.628005767804176
      ],
      [
       6.802634825664023,
       43.62824371390476
      ],
      [
       6.8004933107587755,
       43.62776782170359
      ],
      [
       6.796210280948281,
       43.62990933660884
      ],
      [
       6.7931169816407015,
       43.631812905413504
      ],
      [
       6.793680120745413,
       43.63531864462876
      ],
      [
       6.793830819942451,
       43.63942718063216
      ],
      [
       6.791927251137786,
       43.64252047993974
      ],
      [
       6.788833951830207,
       43.64489994094557
      ],
      [
       6.785978598623211,
       43.64799324025315
      ],
      [
       6.785114061124424,
       43.652212817770156
      ],
      [
       6.782647353215048,
       43.65489367717006
      ],
      [
       6.780267892209218,
       43.65798697647764
      ],
      [
       6.772891563091144,
       43.66108027578522
      ],
      [
       6.765753180073653,
       43.6613182218858
      ],
      [
       6.764087557369572,
       43.663221790690464
      ],
      [
       6.7617080963637415,
       43.66607714389746
      ],
      [
       6.757900958754413,
       43.66464946729396
      ],
      [
       6.753379982843335,
       43.664173575092796
      ],
      [
       6.748383114731092,
       43.66393562899221
      ],
      [
       6.741006785613018,
       43.664887413394545
      ],
      [
       6.734582240897276,
       43.66679098219921
      ],
      [
       6.72625412737687,
       43.670360173707955
      ],
      [
       6.721971097566375,
       43.67297758081437
      ],
      [
       6.71840190605763,
       43.67559498792078
      ],
      [
       6.7160224450518,
       43.67940212553011
      ],
      [
       6.712453253543054,
       43.68178158653594
      ],
      [
       6.708884062034309,
       43.682019532636524
      ],
      [
       6.703887193922065,
       43.68249542483769
      ],
      [
       6.700793894614486,
       43.68154364043536
      ],
      [
       6.696479138657247,
       43.681956080343035
      ],
      [
       6.692672001047918,
       43.68290786474537
      ],
      [
       6.6924657810940795,
       43.684398993642354
      ],
      [
       6.6924657810940795,
       43.68725434684935
      ],
      [
       6.694607295999327,
       43.689157915654015
      ],
      [
       6.6998421102121535,
       43.69034764615693
      ],
      [
       6.701507732916235,
       43.69201326886101
      ],
      [
       6.701507732916235,
       43.696296298671506
      ],
      [
       6.701507732916235,
       43.699389597979085
      ],
      [
       6.702221571217984,
       43.70367262778958
      ],
      [
       6.705790762726729,
       43.70843154980124
      ],
      [
       6.705552816626146,
       43.71128690300824
      ],
      [
       6.702935409519733,
       43.715094040617565
      ],
      [
       6.701031840715069,
       43.71913912432748
      ],
      [
       6.700048330165992,
       43.7231207557439
      ],
      [
       6.698652379709238,
       43.72651545344555
      ],
      [
       6.698414433608655,
       43.73032259105488
      ],
      [
       6.698890325809821,
       43.736985081871204
      ],
      [
       6.700555948513903,
       43.7398404350782
      ],
      [
       6.701269786815652,
       43.74221989608403
      ],
      [
       6.701745679016818,
       43.745789087592776
      ],
      [
       6.7003180024133195,
       43.74935827910152
      ]
     ]
    ]
   },
   "properties": {
    "pid": null,
    "origin": "BAMap16",
    "notes": "Apron? ?",
    "strabo_name": null
   }
  },
  {
   "type": "Feature",
   "geometry": {
    "type": "MultiLineString",
    "coordinates": [
     [
      [
       5.796808898121159,
       43.36284656485113
      ],
      [
       5.7977011959983455,
       43.36849778473998
      ],
      [
       5.7991883591269895,
       43.37355413937737
      ],
      [
       5.800675522255633,
       43.37742076351184
      ],
      [
       5.802757550635735,
       43.379205359266216
      ],
      [
       5.80632674214448,
       43.38039508976913
      ],
      [
       5.809301068401768,
       43.38307198340069
      ],
      [
       5.811680529407599,
       43.386641174909435
      ],
      [
       5.814357423039158,
       43.389318068540994
      ],
      [
       5.8203060755537335,
       43.391697529546825
      ],
      [
       5.827444458571224,
       43.39734874943567
      ],
      [
       5.831905947957156,
       43.40032307569296
      ],
      [
       5.836962302594546,
       43.40240510407306
      ],
      [
       5.842910955109121,
       43.404189699827434
      ],
      [
       5.850049338126612,
       43.406271728207535
      ],
      [
       5.855700558015459,
       43.40924605446482
      ],
      [
       5.858972316898476,
       43.4131126785993
      ],
      [
       5.863433806284408,
       43.416087004856585
      ],
      [
       5.86789529567034,
       43.420845926868246
      ],
      [
       5.869977324050441,
       43.42441511837699
      ],
      [
       5.873249082933458,
       43.42649714675709
      ],
      [
       5.877413139693661,
       43.42709201200855
      ],
      [
       5.883659224833965,
       43.428281742511466
      ],
      [
       5.888715579471355,
       43.430958636143025
      ],
      [
       5.893474501483015,
       43.43542012552896
      ],
      [
       5.898828288746134,
       43.43928674966343
      ],
      [
       5.9059666717636246,
       43.445830267429464
      ],
      [
       5.909833295898099,
       43.44850716106102
      ],
      [
       5.914294785284031,
       43.44939945893821
      ],
      [
       5.919053707295691,
       43.44969689156394
      ],
      [
       5.922325466178708,
       43.44969689156394
      ],
      [
       5.9285715513190125,
       43.4523737851955
      ],
      [
       5.934520203833588,
       43.457727572458616
      ],
      [
       5.942253452102537,
       43.46427109022465
      ],
      [
       5.947309806739926,
       43.47170690586787
      ],
      [
       5.950878998248672,
       43.47706069313099
      ],
      [
       5.951771296125858,
       43.48181961514265
      ],
      [
       5.952663594003044,
       43.48598367190285
      ],
      [
       5.952961026628773,
       43.490147728663054
      ],
      [
       5.953258459254502,
       43.49520408330044
      ],
      [
       5.953555891880231,
       43.499368140060646
      ],
      [
       5.955637920260332,
       43.504721927323764
      ],
      [
       5.962181438026366,
       43.512157742966984
      ],
      [
       5.966345494786569,
       43.51542950185
      ],
      [
       5.972294147301144,
       43.51780896285583
      ],
      [
       5.97824279981572,
       43.51870126073302
      ],
      [
       5.980324828195822,
       43.51840382810729
      ],
      [
       5.98329915445311,
       43.518998693358746
      ],
      [
       5.98329915445311,
       43.52227045224176
      ],
      [
       5.982704289201652,
       43.524055047996136
      ],
      [
       5.982704289201652,
       43.526434509001966
      ],
      [
       5.984191452330296,
       43.52792167213061
      ],
      [
       5.986570913336126,
       43.52732680687915
      ],
      [
       5.990140104844872,
       43.52792167213061
      ],
      [
       5.992519565850702,
       43.52851653738207
      ],
      [
       5.994899026856532,
       43.52762423950488
      ],
      [
       5.9946015942308035,
       43.524352480621864
      ],
      [
       5.994899026856532,
       43.52078328911312
      ],
      [
       5.998170785739549,
       43.51721409760437
      ],
      [
       6.0002528141196505,
       43.516916664978645
      ],
      [
       6.003822005628396,
       43.5175115302301
      ],
      [
       6.007986062388599,
       43.51632179972719
      ],
      [
       6.0115552538973445,
       43.514537203972814
      ],
      [
       6.015570594344683,
       43.509778281961154
      ]
     ]
    ]
   },
   "properties": {
    "pid": null,
    "origin": "BAMap16",
    "notes": "Argenteus?",
    "strabo_name": null
   }
  },
  {
   "type": "Feature",
   "geometry": {
    "type": "MultiLineString",
    "coordinates": [
     [
      [
       5.8723567850562715,
       43.58681333202491
      ],
      [
       5.868787593547526,
       43.58859792777928
      ],
      [
       5.865515834664509,
       43.590382523533656
      ],
      [
       5.863433806284408,
       43.59216711928803
      ],
      [
       5.864623536787323,
       43.59484401291959
      ],
      [
       5.868787593547526,
       43.5960337434225
      ],
      [
       5.873249082933458,
       43.59722347392542
      ],
      [
       5.877413139693661,
       43.600197800182706
      ],
      [
       5.881874629079593,
       43.60138753068562
      ],
      [
       5.8878232815941685,
       43.60138753068562
      ],
      [
       5.893474501483015,
       43.60138753068562
      ],
      [
       5.898530856120405,
       43.60138753068562
      ],
      [
       5.905669239137896,
       43.60138753068562
      ],
      [
       5.909238430646641,
       43.600197800182706
      ],
      [
       5.913997352658302,
       43.59930550230552
      ],
      [
       5.918458842044234,
       43.59841320442833
      ],
      [
       5.9214331683015216,
       43.598115771802604
      ],
      [
       5.925299792435996,
       43.598115771802604
      ],
      [
       5.928274118693284,
       43.59930550230552
      ],
      [
       5.930356147073385,
       43.602874693814265
      ],
      [
       5.933925338582131,
       43.60436185694291
      ],
      [
       5.9383868279680625,
       43.605254154820095
      ],
      [
       5.9425508847282655,
       43.604956722194366
      ],
      [
       5.94641750886274,
       43.60198239593708
      ],
      [
       5.950581565622943,
       43.59900806967979
      ],
      [
       5.955340487634603,
       43.59722347392542
      ],
      [
       5.959207111769078,
       43.5939517150424
      ],
      [
       5.961289140149179,
       43.590382523533656
      ],
      [
       5.964858331657925,
       43.58859792777928
      ],
      [
       5.968130090540941,
       43.58711076465064
      ],
      [
       5.970212118921043,
       43.585326168896266
      ],
      [
       5.970212118921043,
       43.58264927526471
      ],
      [
       5.971104416798229,
       43.58116211213606
      ],
      [
       5.974376175681246,
       43.580567246884605
      ],
      [
       5.975565906184161,
       43.578187785878775
      ],
      [
       5.977053069312805,
       43.5764031901244
      ],
      [
       5.980324828195822,
       43.57521345962149
      ],
      [
       5.98329915445311,
       43.573131431241386
      ],
      [
       5.987463211213313,
       43.57134683548701
      ],
      [
       5.989545239593414,
       43.56956223973264
      ],
      [
       5.989545239593414,
       43.565993048223895
      ],
      [
       5.9904375374706005,
       43.561234126212234
      ],
      [
       5.991032402722058,
       43.558557232580675
      ],
      [
       5.993709296353617,
       43.556475204200574
      ],
      [
       5.997278487862363,
       43.5546906084462
      ],
      [
       5.999063083616735,
       43.551418849563184
      ],
      [
       6.001145111996837,
       43.549039388557354
      ],
      [
       6.004714303505582,
       43.54784965805444
      ],
      [
       6.007391197137141,
       43.546362494925795
      ],
      [
       6.008878360265785,
       43.54249587079132
      ],
      [
       6.009175792891514,
       43.53833181403112
      ],
      [
       6.009175792891514,
       43.53476262252237
      ],
      [
       6.0100680907687005,
       43.52970626788498
      ],
      [
       6.013339849651717,
       43.52316275011895
      ],
      [
       6.014232147528904,
       43.519593558610204
      ],
      [
       6.014827012780361,
       43.51721409760437
      ],
      [
       6.0172064737861914,
       43.51513206922427
      ],
      [
       6.01750390641192,
       43.51305004084417
      ],
      [
       6.015570594344683,
       43.509778281961154
      ]
     ]
    ]
   },
   "properties": {
    "pid": null,
    "origin": "BAMap16",
    "notes": "Argenteus?",
    "strabo_name": null
   }
  },
  {
   "type": "Feature",
   "geometry": {
    "type": "MultiLineString",
    "coordinates": [
     [
      [
       7.811605607502928,
       43.97545862964386
      ],
      [
       7.806013874139227,
       43.97635092752105
      ],
      [
       7.800065221624651,
       43.97896833462746
      ],
      [
       7.796496030115906,
       43.981823687834456
      ],
      [
       7.79292683860716,
       43.98301341833737
      ],
      [
       7.788881754897249,
       43.98301341833737
      ],
      [
       7.785312563388503,
       43.98348931053854
      ],
      [
       7.7800777491756765,
       43.98515493324262
      ],
      [
       7.777460342069263,
       43.987296448147866
      ],
      [
       7.775318827164016,
       43.98777234034903
      ],
      [
       7.771273743454104,
       43.9868205559467
      ],
      [
       7.768418390247108,
       43.98467904104145
      ],
      [
       7.76389741433603,
       43.98658260984612
      ],
      [
       7.761042061129034,
       43.98777234034903
      ],
      [
       7.7569969774191225,
       43.987296448147866
      ],
      [
       7.753903678111543,
       43.990389747455446
      ],
      [
       7.7493827022004655,
       43.99086563965661
      ],
      [
       7.745575564591137,
       43.99086563965661
      ],
      [
       7.738913073774812,
       43.99395893896419
      ],
      [
       7.734630043964318,
       43.99633839997002
      ],
      [
       7.731298798556155,
       43.99871786097585
      ],
      [
       7.726777822645078,
       44.00157321418285
      ],
      [
       7.722494792834583,
       44.00323883688693
      ],
      [
       7.7179738169235055,
       44.005380351792176
      ],
      [
       7.711311326107181,
       44.00894954330092
      ],
      [
       7.709645703403099,
       44.0120428426085
      ],
      [
       7.709407757302516,
       44.01442230361433
      ],
      [
       7.709883649503682,
       44.01751560292191
      ],
      [
       7.712739002710679,
       44.02037095612891
      ],
      [
       7.715356409817092,
       44.022512471034155
      ],
      [
       7.717497924722339,
       44.02584371644232
      ],
      [
       7.71987738572817,
       44.029650854051646
      ],
      [
       7.719639439627587,
       44.03250620725864
      ],
      [
       7.719639439627587,
       44.035837452666804
      ],
      [
       7.7184497091246715,
       44.03916869807497
      ],
      [
       7.718687655225255,
       44.041310212980214
      ],
      [
       7.718925601325838,
       44.04464145838838
      ],
      [
       7.7179738169235055,
       44.0498762726012
      ],
      [
       7.716546140320007,
       44.053921356311115
      ],
      [
       7.715832302018258,
       44.057014655618694
      ]
     ]
    ]
   },
   "properties": {
    "pid": null,
    "origin": "BAMap16",
    "notes": "Tavia?",
    "strabo_name": null
   }
  },
  {
   "type": "Feature",
   "geometry": {
    "type": "MultiLineString",
    "coordinates": [
     [
      [
       6.317576693047608,
       44.829775451078355
      ],
      [
       6.310140877404388,
       44.827395990072525
      ],
      [
       6.298838437626694,
       44.82769342269825
      ],
      [
       6.286643699971814,
       44.83156004683273
      ],
      [
       6.280992480082967,
       44.83066774895554
      ],
      [
       6.276530990697035,
       44.82828828794971
      ],
      [
       6.27028490555673,
       44.82799085532398
      ],
      [
       6.2643362530421545,
       44.82561139431815
      ],
      [
       6.258387600527579,
       44.82352936593805
      ],
      [
       6.250356919632901,
       44.82442166381524
      ],
      [
       6.242623671363953,
       44.82531396169242
      ],
      [
       6.236972451475106,
       44.82590882694388
      ],
      [
       6.228346905328972,
       44.82412423118951
      ],
      [
       6.221803387562939,
       44.822042202809406
      ],
      [
       6.212880408791075,
       44.819960174429305
      ],
      [
       6.206039458399313,
       44.819960174429305
      ],
      [
       6.199198508007551,
       44.819960174429305
      ],
      [
       6.195331883873076,
       44.819960174429305
      ],
      [
       6.187301202978399,
       44.819960174429305
      ],
      [
       6.178675656832264,
       44.819960174429305
      ],
      [
       6.169157812808943,
       44.82085247230649
      ],
      [
       6.1587476709084354,
       44.82293450068659
      ],
      [
       6.154583614148232,
       44.82323193331232
      ],
      [
       6.150122124762301,
       44.82293450068659
      ],
      [
       6.144768337499182,
       44.822339635435135
      ],
      [
       6.138522252358878,
       44.82412423118951
      ],
      [
       6.134655628224404,
       44.82293450068659
      ],
      [
       6.125732649452541,
       44.82055503968076
      ],
      [
       6.121568592692338,
       44.8178781460492
      ],
      [
       6.117880378290709,
       44.81342442186988
      ],
      [
       6.108659966893118,
       44.810152662986866
      ],
      [
       6.099439555495525,
       44.803311712595104
      ],
      [
       6.086471542856341,
       44.79497583386809
      ],
      [
       6.079928025090307,
       44.79229894023653
      ],
      [
       6.075169103078647,
       44.790514344482155
      ],
      [
       6.068923017938342,
       44.787837450850596
      ],
      [
       6.062676932798038,
       44.78456569196758
      ],
      [
       6.058512876037835,
       44.78159136571029
      ],
      [
       6.052861656148988,
       44.77772474157582
      ],
      [
       6.053753954026174,
       44.778319606827274
      ],
      [
       6.048400166763056,
       44.77742730895009
      ],
      [
       6.043046379499938,
       44.77742730895009
      ],
      [
       6.036800294359633,
       44.775940145821444
      ],
      [
       6.024010691453295,
       44.77385811744134
      ],
      [
       6.018656904190177,
       44.77207352168697
      ],
      [
       6.011221088546958,
       44.772965819564156
      ],
      [
       6.004380138155196,
       44.77415555006707
      ],
      [
       5.997836620389163,
       44.77415555006707
      ],
      [
       5.990817160579371,
       44.77713764153097
      ],
      [
       5.986653103819168,
       44.7774350741567
      ],
      [
       5.981299316556051,
       44.7795171025368
      ],
      [
       5.979098364968249,
       44.78367339409039
      ],
      [
       5.977611201839605,
       44.78754001822487
      ],
      [
       5.973744577705131,
       44.7920015076108
      ],
      [
       5.970175386196385,
       44.79586813174527
      ],
      [
       5.959467811670149,
       44.797950160125374
      ],
      [
       5.955303754909946,
       44.800329621131205
      ],
      [
       5.947570506640997,
       44.80330394738849
      ],
      [
       5.942216719377879,
       44.80657570627151
      ],
      [
       5.938052662617676,
       44.810144897780255
      ],
      [
       5.9306168469744565,
       44.812226926160356
      ],
      [
       5.923775896582694,
       44.815201252417644
      ],
      [
       5.919016974571034,
       44.8157961176691
      ],
      [
       5.912770889430729,
       44.81609355029483
      ],
      [
       5.908904265296255,
       44.81906787655212
      ],
      [
       5.90533507378751,
       44.819662741803576
      ],
      [
       5.901171017027307,
       44.81847301130066
      ],
      [
       5.897601825518562,
       44.817580713423474
      ],
      [
       5.896114662389918,
       44.81698584817202
      ],
      [
       5.894330066635545,
       44.8178781460492
      ],
      [
       5.891653173003986,
       44.819960174429305
      ],
      [
       5.888083981495241,
       44.822042202809406
      ],
      [
       5.8854070878636815,
       44.82382679856378
      ],
      [
       5.881540463729207,
       44.82442166381524
      ],
      [
       5.879161002723377,
       44.82650369219534
      ],
      [
       5.874996945963174,
       44.82799085532398
      ],
      [
       5.869643158700056,
       44.8291805858269
      ],
      [
       5.866371399817039,
       44.829775451078355
      ],
      [
       5.8642893714369375,
       44.831262614207
      ],
      [
       5.863099640934022,
       44.83364207521283
      ],
      [
       5.860422747302463,
       44.834534373090015
      ],
      [
       5.856853555793718,
       44.83631896884439
      ],
      [
       5.85387922953643,
       44.83899586247595
      ],
      [
       5.852094633782057,
       44.84286248661042
      ],
      [
       5.849120307524769,
       44.84821627387354
      ],
      [
       5.8446588181388375,
       44.85119060013083
      ],
      [
       5.8375204351213466,
       44.856544387393946
      ],
      [
       5.8277051584722965,
       44.85981614627696
      ],
      [
       5.821756505957721,
       44.864277635662894
      ],
      [
       5.8178898818232465,
       44.86784682717164
      ],
      [
       5.8122386619343995,
       44.8726057491833
      ],
      [
       5.80718230729701,
       44.87528264281486
      ],
      [
       5.80242338528535,
       44.87736467119496
      ],
      [
       5.799746491653791,
       44.87974413220079
      ],
      [
       5.792905541262029,
       44.88033899745225
      ],
      [
       5.786362023495996,
       44.88063643007798
      ],
      [
       5.7839825624901655,
       44.87974413220079
      ],
      [
       5.779521073104234,
       44.87766210382069
      ],
      [
       5.776249314221217,
       44.87528264281486
      ],
      [
       5.77059809433237,
       44.87320061443476
      ],
      [
       5.766731470197896,
       44.8726057491833
      ],
      [
       5.761675115560506,
       44.87022628817747
      ],
      [
       5.756916193548846,
       44.869036557674555
      ],
      [
       5.751859838911456,
       44.86814425979737
      ],
      [
       5.749182945279897,
       44.866657096668725
      ],
      [
       5.746506051648338,
       44.86576479879154
      ],
      [
       5.738475370753661,
       44.866657096668725
      ],
      [
       5.7319318529876275,
       44.86576479879154
      ],
      [
       5.724198604718679,
       44.86368277041144
      ],
      [
       5.719737115332747,
       44.864277635662894
      ],
      [
       5.717357654326917,
       44.86606223141727
      ],
      [
       5.715573058572544,
       44.86754939454591
      ],
      [
       5.712896164940985,
       44.8684416924231
      ],
      [
       5.70932697343224,
       44.86725196192018
      ],
      [
       5.704568051420579,
       44.86784682717164
      ],
      [
       5.700106562034647,
       44.8705237208032
      ],
      [
       5.696537370525902,
       44.8746877775634
      ],
      [
       5.692968179017157,
       44.8767698059435
      ],
      [
       5.686722093876853,
       44.8767698059435
      ],
      [
       5.684640065496751,
       44.87736467119496
      ],
      [
       5.682260604490921,
       44.88033899745225
      ],
      [
       5.677799115104989,
       44.88777481309547
      ],
      [
       5.676609384602074,
       44.90026698337608
      ],
      [
       5.676014519350616,
       44.91008226002513
      ],
      [
       5.674824788847701,
       44.91662577779116
      ],
      [
       5.676311951976345,
       44.92257443030574
      ],
      [
       5.681070873988006,
       44.92584618918875
      ],
      [
       5.683450334993836,
       44.93001024594896
      ],
      [
       5.685234930748209,
       44.93387687008343
      ],
      [
       5.685532363373937,
       44.93893322472082
      ],
      [
       5.688804122256954,
       44.94607160773831
      ],
      [
       5.691778448514241,
       44.95202026025289
      ],
      [
       5.694157909520071,
       44.95410228863298
      ],
      [
       5.694157909520071,
       44.957374047516
      ],
      [
       5.691481015888512,
       44.95975350852183
      ],
      [
       5.687911824379768,
       44.96213296952766
      ],
      [
       5.685234930748209,
       44.96480986315922
      ],
      [
       5.686127228625395,
       44.968081622042234
      ],
      [
       5.687614391754039,
       44.970163650422336
      ],
      [
       5.68493749812248,
       44.97224567880244
      ],
      [
       5.683152902368107,
       44.97462513980827
      ],
      [
       5.6840452002452935,
       44.979978927071386
      ],
      [
       5.687019526502581,
       44.985035281708775
      ],
      [
       5.690588718011327,
       44.99068650159762
      ],
      [
       5.693860476894343,
       44.99574285623501
      ],
      [
       5.694752774771529,
       45.00109664349813
      ],
      [
       5.6926707463914274,
       45.00615299813552
      ],
      [
       5.691778448514241,
       45.01091192014718
      ],
      [
       5.691778448514241,
       45.0141836790302
      ],
      [
       5.693860476894343,
       45.01805030316467
      ],
      [
       5.698024533654546,
       45.024593820930704
      ],
      [
       5.700403994660376,
       45.02846044506518
      ],
      [
       5.700106562034647,
       45.03321936707684
      ],
      [
       5.699214264157461,
       45.03827572171423
      ],
      [
       5.700701427286105,
       45.044224374228804
      ],
      [
       5.702783455666206,
       45.0504704593691
      ],
      [
       5.704865484046308,
       45.05552681400649
      ],
      [
       5.707542377677867,
       45.05909600551524
      ],
      [
       5.710219271309426,
       45.06296262964971
      ],
      [
       5.714680760695358,
       45.06772155166137
      ],
      [
       5.718249952204103,
       45.07337277155022
      ],
      [
       5.72152171108712,
       45.079321424064794
      ],
      [
       5.725685767847323,
       45.08497264395364
      ],
      [
       5.725685767847323,
       45.089136700713844
      ],
      [
       5.723603689624629,
       45.09324903615553
      ],
      [
       5.722711441590035,
       45.095977651105606
      ],
      [
       5.7179525195783745,
       45.101034005742996
      ],
      [
       5.713491030192443,
       45.10490062987747
      ],
      [
       5.709624406057968,
       45.10787495613476
      ],
      [
       5.706055214549223,
       45.11263387814642
      ],
      [
       5.703675753543393,
       45.116203069655164
      ],
      [
       5.699214264157461,
       45.11977226116391
      ],
      [
       5.696537370525902,
       45.12453118317557
      ],
      [
       5.695050207397258,
       45.12988497043869
      ],
      [
       5.695942505274444,
       45.13434645982462
      ],
      [
       5.698321966280274,
       45.13880794921055
      ],
      [
       5.700701427286105,
       45.1423771407193
      ],
      [
       5.70189115778902,
       45.148028360608144
      ],
      [
       5.703675753543393,
       45.15457187837418
      ],
      [
       5.705757781923494,
       45.15962823301157
      ],
      [
       5.708732108180782,
       45.16468458764895
      ],
      [
       5.71170643443807,
       45.16884864440915
      ],
      [
       5.713491030192443,
       45.17182297066644
      ],
      [
       5.716167923824002,
       45.17747419055529
      ],
      [
       5.7179525195783745,
       45.180745949438304
      ],
      [
       5.720629413209934,
       45.183125410444134
      ],
      [
       5.722414008964306,
       45.18639716932715
      ],
      [
       5.7245518793138555,
       45.192974178467395
      ]
     ]
    ]
   },
   "properties": {
    "pid": null,
    "origin": "BAMap17",
    "notes": null,
    "strabo_name": null
   }
  }
 ]
}