{
 "type": "FeatureCollection",
 "bbox": [
  4.0,
  43.5,
  8.0,
  46.0
 ],
 "features": [
  {
   "type": "Feature",
   "geometry": {
    "type": "MultiLineString",
    "coordinates": [
     [
      [
       6.529857381724014,
       45.110568605170215
      ],
      [
       6.531760950528678,
       45.10635695918995
      ],
      [
       6.53211786967961,
       45.1006462527759
      ],
      [
       6.531760950528678,
       45.09386478890934
      ],
      [
       6.531047112226929,
       45.09136635485311
      ],
      [
       6.528548678170864,
       45.089581759098905
      ],
      [
       6.527834839869001,
       45.08601256759016
      ],
      [
       6.53318862713212,
       45.07780342711999
      ],
      [
       6.537828576093489,
       45.0706650441025
      ],
      [
       6.54603771656366,
       45.0642404993867
      ],
      [
       6.548893069770656,
       45.06067130787795
      ],
      [
       6.550677665525029,
       45.05567443976565
      ],
      [
       6.554603776184592,
       45.0510344908044
      ],
      [
       6.558172967693338,
       45.04389610778691
      ],
      [
       6.5670959464652015,
       45.03818540137286
      ],
      [
       6.574234329482692,
       45.03390237156236
      ],
      [
       6.5788742784440615,
       45.03033318005362
      ],
      [
       6.586012661461552,
       45.02819166514848
      ],
      [
       6.594578721082655,
       45.02533631194149
      ],
      [
       6.601717104100146,
       45.023908635337875
      ],
      [
       6.61171084032452,
       45.02426555448881
      ],
      [
       6.619919980794634,
       45.02462247363974
      ],
      [
       6.632412151075243,
       45.023908635337875
      ],
      [
       6.642048968148856,
       45.023194797036126
      ],
      [
       6.651328866071651,
       45.023194797036126
      ],
      [
       6.660608763994446,
       45.023194797036126
      ],
      [
       6.670245581068002,
       45.02176712043274
      ],
      [
       6.675956287481938,
       45.01784100977301
      ],
      [
       6.677740883236311,
       45.0117733842082
      ],
      [
       6.679168559839866,
       45.00499192034147
      ],
      [
       6.677383964085493,
       45.00142272883272
      ],
      [
       6.6784547215381735,
       44.998567375625726
      ],
      [
       6.681666993895988,
       44.99249975006103
      ],
      [
       6.681666993895988,
       44.98607520534529
      ],
      [
       6.683094670499429,
       44.97929374147856
      ],
      [
       6.685236185404733,
       44.972512277612
      ],
      [
       6.6888053769134785,
       44.96930000525401
      ],
      [
       6.690589972667851,
       44.964660056292814
      ],
      [
       6.690946891818783,
       44.95966318818046
      ],
      [
       6.694159164176597,
       44.95074020940859
      ],
      [
       6.696657598232662,
       44.944315664692795
      ],
      [
       6.697014517383593,
       44.94074647318405
      ],
      [
       6.6959437599309695,
       44.938604958278916
      ],
      [
       6.693802245025665,
       44.937534200826235
      ],
      [
       6.691660730120475,
       44.93610652422285
      ],
      [
       6.691660730120475,
       44.93396500931749
      ],
      [
       6.690946891818783,
       44.93218041356312
      ],
      [
       6.686663862008174,
       44.931466575261425
      ],
      [
       6.685236185404733,
       44.9268266263
      ],
      [
       6.684165427952053,
       44.92075900073519
      ],
      [
       6.68345158965036,
       44.91647597092458
      ],
      [
       6.6795254789906835,
       44.913263698566766
      ],
      [
       6.67559936833112,
       44.910765264510644
      ],
      [
       6.66953174276631,
       44.90826683045458
      ],
      [
       6.660965683145207,
       44.905411477247526
      ],
      [
       6.655611895882089,
       44.90362688149315
      ],
      [
       6.650258108618971,
       44.90112844743709
      ],
      [
       6.646331997959464,
       44.90077152828616
      ],
      [
       6.6424058872997875,
       44.898273094230035
      ],
      [
       6.639550534092734,
       44.89506082187211
      ],
      [
       6.637765938338362,
       44.89184854951429
      ],
      [
       6.634196746829616,
       44.886851681402106
      ],
      [
       6.627772202113874,
       44.880070217535376
      ],
      [
       6.620633819096383,
       44.87578718772494
      ],
      [
       6.61670770843682,
       44.8743595111215
      ],
      [
       6.613852355229824,
       44.872574915367125
      ],
      [
       6.612781597777143,
       44.8679349664057
      ],
      [
       6.609569325419329,
       44.866150370651326
      ],
      [
       6.605286295608892,
       44.865793451500394
      ],
      [
       6.602430942401838,
       44.86436577489695
      ],
      [
       6.602074023250907,
       44.86151042168996
      ],
      [
       6.599218670043911,
       44.85936890678465
      ],
      [
       6.595292559384347,
       44.8586550684829
      ],
      [
       6.5927941253282825,
       44.853301281219956
      ],
      [
       6.590652610422978,
       44.84473522159885
      ],
      [
       6.588868014668606,
       44.83831067688311
      ],
      [
       6.587083418914233,
       44.834741485374366
      ],
      [
       6.5856557423107915,
       44.83045845556387
      ],
      [
       6.5867264997633015,
       44.82617542575343
      ],
      [
       6.58529882315986,
       44.820821638490315
      ],
      [
       6.582443469952807,
       44.814754012925505
      ],
      [
       6.577803520991438,
       44.812612498020144
      ],
      [
       6.572806652879251,
       44.80868638736047
      ],
      [
       6.569951299672198,
       44.80368951924828
      ],
      [
       6.568880542219574,
       44.80047724689052
      ],
      [
       6.569594380521437,
       44.7958372979291
      ],
      [
       6.569951299672198,
       44.792981944722044
      ],
      [
       6.567452865616133,
       44.79048351066598
      ],
      [
       6.5670959464652015,
       44.787271238307994
      ],
      [
       6.569237461370506,
       44.78298820849756
      ],
      [
       6.568880542219574,
       44.77799134038537
      ],
      [
       6.570665137973947,
       44.77192371482056
      ],
      [
       6.574948167784555,
       44.76728376585913
      ],
      [
       6.57744660184062,
       44.76585608925552
      ],
      [
       6.579231197594993,
       44.76264381689771
      ],
      [
       6.579945035896742,
       44.75907462538896
      ],
      [
       6.583514227405487,
       44.754791595578524
      ],
      [
       6.587440338065164,
       44.74551169765573
      ],
      [
       6.5881541763668565,
       44.74015791039261
      ],
      [
       6.588868014668606,
       44.73266260822436
      ],
      [
       6.591366448724671,
       44.72409654860326
      ],
      [
       6.5960063976860965,
       44.7173150847367
      ],
      [
       6.604215538156211,
       44.708749025115594
      ],
      [
       6.608855487117637,
       44.704109076154396
      ],
      [
       6.61171084032452,
       44.70125372294734
      ],
      [
       6.611353921173702,
       44.69804145058936
      ],
      [
       6.609926244570147,
       44.694829178231544
      ],
      [
       6.609926244570147,
       44.6912599867228
      ],
      [
       6.61064008287201,
       44.68590619945968
      ],
      [
       6.609569325419329,
       44.67876781644219
      ],
      [
       6.608855487117637,
       44.67234327172645
      ],
      [
       6.6063570530614015,
       44.66734640361426
      ],
      [
       6.598861750893093,
       44.6623495355019
      ],
      [
       6.591366448724671,
       44.6584234248424
      ],
      [
       6.586012661461552,
       44.65378347588097
      ],
      [
       6.581729631651115,
       44.645217416259925
      ],
      [
       6.577089682689689,
       44.637365194940685
      ],
      [
       6.575662006086247,
       44.63379600343194
      ],
      [
       6.573520491180943,
       44.631654488526806
      ],
      [
       6.569594380521437,
       44.631297569375874
      ],
      [
       6.565311350710829,
       44.63094065022494
      ],
      [
       6.558886805995201,
       44.6295129736215
      ],
      [
       6.556031452788147,
       44.63094065022494
      ],
      [
       6.554246857033775,
       44.63094065022494
      ],
      [
       6.552462261279402,
       44.6295129736215
      ],
      [
       6.550677665525029,
       44.624516105509315
      ],
      [
       6.547643852742567,
       44.6191623182462
      ],
      [
       6.543717742083061,
       44.618091560793516
      ],
      [
       6.543003903781312,
       44.61559312673745
      ],
      [
       6.5433608229320726,
       44.61345161183215
      ],
      [
       6.540148550574315,
       44.60845474371996
      ],
      [
       6.537293197367262,
       44.604885552211215
      ],
      [
       6.5376501165181935,
       44.60203019900416
      ],
      [
       6.533010167556824,
       44.59560565428842
      ],
      [
       6.5283702185953985,
       44.591322624477925
      ],
      [
       6.524801027086653,
       44.58953802872355
      ],
      [
       6.522659512181349,
       44.585254998913115
      ],
      [
       6.517305724918231,
       44.58061504995169
      ],
      [
       6.515878048314789,
       44.57740277759376
      ],
      [
       6.51694880576747,
       44.5734766669342
      ],
      [
       6.515521129163858,
       44.57026439457627
      ],
      [
       6.503742797185112,
       44.56169833495534
      ],
      [
       6.497675171620131,
       44.55812914344659
      ],
      [
       6.491964465206252,
       44.55670146684315
      ],
      [
       6.483398405585149,
       44.55491687108878
      ],
      [
       6.47768769917127,
       44.554203032787086
      ],
      [
       6.470549316153779,
       44.55063384127834
      ],
      [
       6.4630540139853,
       44.54777848807129
      ],
      [
       6.453774116062675,
       44.54563697316598
      ],
      [
       6.4505618437046905,
       44.544923134864234
      ],
      [
       6.441281945782066,
       44.54385237741161
      ],
      [
       6.432358967010202,
       44.54313853910986
      ],
      [
       6.4284328563505255,
       44.54242470080817
      ],
      [
       6.423079069087407,
       44.539926266752104
      ],
      [
       6.417011443522597,
       44.53742783269581
      ],
      [
       6.405946949845372,
       44.53492939863975
      ],
      [
       6.394525537017444,
       44.53385864118707
      ],
      [
       6.381319528435142,
       44.53028944967832
      ],
      [
       6.373467307115902,
       44.52993253052756
      ],
      [
       6.364544328344039,
       44.526363339018815
      ],
      [
       6.357049026175616,
       44.52315106666083
      ],
      [
       6.347055289951072,
       44.52172339005739
      ],
      [
       6.338846149480958,
       44.520295713453834
      ],
      [
       6.329923170709094,
       44.51779727939788
      ],
      [
       6.322963247267069,
       44.51137273468214
      ],
      [
       6.319037136607392,
       44.508160462324156
      ],
      [
       6.314754106796897,
       44.50601894741885
      ],
      [
       6.310114157835528,
       44.500308241004916
      ],
      [
       6.303332693968969,
       44.494597534590866
      ],
      [
       6.291911281140983,
       44.48531763666824
      ],
      [
       6.2876282513305455,
       44.48210536431043
      ],
      [
       6.280846787463815,
       44.47675157704714
      ],
      [
       6.272994566144632,
       44.47389622384014
      ],
      [
       6.265856183127141,
       44.4703270323314
      ],
      [
       6.260145476713092,
       44.46997011318058
      ],
      [
       6.255505527751836,
       44.4703270323314
      ],
      [
       6.2515794170921595,
       44.46818551742621
      ],
      [
       6.23908724681155,
       44.468542436577195
      ],
      [
       6.232305782944991,
       44.4660440025209
      ],
      [
       6.228022753134383,
       44.462117891861396
      ],
      [
       6.221955127569515,
       44.460333296107024
      ],
      [
       6.209462957288906,
       44.461404053559704
      ],
      [
       6.200896897667974,
       44.463188649313906
      ],
      [
       6.195186191253924,
       44.461404053559704
      ],
      [
       6.186620131632992,
       44.46247481101216
      ],
      [
       6.174484880503201,
       44.46283173016309
      ],
      [
       6.16734649748571,
       44.4642594067667
      ],
      [
       6.15949427616647,
       44.46461632591746
      ],
      [
       6.153069731450728,
       44.46354556846484
      ],
      [
       6.148786701640233,
       44.46461632591746
      ],
      [
       6.135759152633398,
       44.467828598275446
      ],
      [
       6.128977688766838,
       44.47104087063326
      ],
      [
       6.122553144051096,
       44.473539304689325
      ],
      [
       6.120768548296724,
       44.47603773874545
      ],
      [
       6.11684243763699,
       44.47746541534889
      ],
      [
       6.113630165279233,
       44.47746541534889
      ],
      [
       6.1036364290546885,
       44.47782233449982
      ],
      [
       6.098996480093263,
       44.479963849405124
      ],
      [
       6.094713450282825,
       44.48210536431043
      ],
      [
       6.090787339623148,
       44.481391526008565
      ],
      [
       6.085790471510961,
       44.480320768555885
      ],
      [
       6.082578199153147,
       44.47853617280168
      ],
      [
       6.080793603398774,
       44.475680819594686
      ],
      [
       6.080793603398774,
       44.4724685472367
      ],
      [
       6.080079765096912,
       44.46961319402965
      ],
      [
       6.075796735286417,
       44.468542436577195
      ],
      [
       6.07258446292866,
       44.468542436577195
      ],
      [
       6.068658352268926,
       44.46961319402965
      ],
      [
       6.06580299906193,
       44.47068395148233
      ],
      [
       6.063304565005808,
       44.468542436577195
      ],
      [
       6.062947645855047,
       44.462117891861396
      ],
      [
       6.060806130949743,
       44.45712102374921
      ],
      [
       6.05795077774269,
       44.449268802429856
      ],
      [
       6.050812394725199,
       44.44498577261936
      ],
      [
       6.044030930858696,
       44.441416581110616
      ],
      [
       6.03832022444459,
       44.43927506620548
      ],
      [
       6.032252598879779,
       44.43713355130018
      ],
      [
       6.029040326521965,
       44.43570587469674
      ],
      [
       6.027969569069342,
       44.43285052148974
      ],
      [
       6.027612649918353,
       44.429638249131756
      ],
      [
       6.029040326521965,
       44.42749673422645
      ],
      [
       6.0272557307675925,
       44.4249983001705
      ],
      [
       6.022615781806223,
       44.421786027812516
      ],
      [
       6.015120479637744,
       44.42000143205814
      ],
      [
       6.007625177469492,
       44.41750299800208
      ],
      [
       6.001914471055443,
       44.4164322405494
      ],
      [
       5.997988360395766,
       44.415361483096774
      ],
      [
       5.9887084624731415,
       44.41321996819147
      ],
      [
       5.979785483701278,
       44.40929385753191
      ],
      [
       5.9737178581364105,
       44.40643850432491
      ],
      [
       5.970505585778426,
       44.40394007026879
      ],
      [
       5.965151798515308,
       44.40251239366523
      ],
      [
       5.9597980112521896,
       44.40072779791103
      ],
      [
       5.955871900592683,
       44.39858628300567
      ],
      [
       5.952302709083938,
       44.39430325319523
      ],
      [
       5.950518113329565,
       44.389306385083046
      ],
      [
       5.948376598424261,
       44.384666436121506
      ],
      [
       5.946592002669888,
       44.38074032546194
      ],
      [
       5.944450487764584,
       44.375386538198825
      ],
      [
       5.944093568613823,
       44.37146042753932
      ],
      [
       5.942665892010211,
       44.36646355942696
      ],
      [
       5.941595134557701,
       44.36218052961652
      ],
      [
       5.936598266445344,
       44.35825441895685
      ],
      [
       5.932672155785838,
       44.3546852274481
      ],
      [
       5.929102964277092,
       44.35147295509029
      ],
      [
       5.926247611070096,
       44.3482606827323
      ],
      [
       5.924463015315723,
       44.344334572072796
      ],
      [
       5.923035338712111,
       44.34183613801656
      ],
      [
       5.918752308901617,
       44.34005154226236
      ],
      [
       5.914112359940248,
       44.34005154226236
      ],
      [
       5.9087585726771295,
       44.34005154226236
      ],
      [
       5.905903219470247,
       44.33969462311137
      ],
      [
       5.904118623715874,
       44.337553108206066
      ],
      [
       5.905189381168384,
       44.33327007839563
      ],
      [
       5.905189381168384,
       44.330057806037814
      ],
      [
       5.90197710881057,
       44.32755937198158
      ],
      [
       5.8984079173018245,
       44.32541785707639
      ],
      [
       5.896623321547452,
       44.32256250386939
      ],
      [
       5.897694079000132,
       44.31970715066234
      ],
      [
       5.899478674754505,
       44.31685179745534
      ],
      [
       5.90304786626325,
       44.31435336339939
      ],
      [
       5.906973976922757,
       44.31399644424846
      ],
      [
       5.909829330129753,
       44.31363952509753
      ],
      [
       5.9133985216384986,
       44.31363952509753
      ],
      [
       5.916610793996483,
       44.31435336339939
      ],
      [
       5.919109228052605,
       44.316494878304525
      ],
      [
       5.921250742957739,
       44.316494878304525
      ],
      [
       5.923035338712111,
       44.31578104000283
      ],
      [
       5.92267841956135,
       44.31292568679578
      ],
      [
       5.92267841956135,
       44.3072149803819
      ],
      [
       5.92267841956135,
       44.30221811226954
      ],
      [
       5.923749177013974,
       44.298292001609866
      ],
      [
       5.923392257863043,
       44.29472281010112
      ],
      [
       5.920893823806978,
       44.29293821434692
      ],
      [
       5.916610793996483,
       44.29293821434692
      ],
      [
       5.9133985216384986,
       44.29151053774331
      ],
      [
       5.912684683336806,
       44.28865518453631
      ],
      [
       5.913041602487738,
       44.285442912178496
      ],
      [
       5.913755440789487,
       44.28115988236789
      ],
      [
       5.913041602487738,
       44.2790183674627
      ],
      [
       5.9133985216384986,
       44.27473533765226
      ],
      [
       5.916610793996483,
       44.27366458019958
      ],
      [
       5.919466147203366,
       44.27330766104865
      ],
      [
       5.92267841956135,
       44.271523065294446
      ],
      [
       5.92267841956135,
       44.26866771208745
      ],
      [
       5.921964581259601,
       44.265812358880396
      ],
      [
       5.920179985505229,
       44.26367084397509
      ],
      [
       5.919823066354297,
       44.260101652466346
      ],
      [
       5.920179985505229,
       44.25617554180667
      ],
      [
       5.9205369046559895,
       44.252606350297924
      ],
      [
       5.921250742957739,
       44.24689564388399
      ],
      [
       5.92160766210867,
       44.24332645237524
      ],
      [
       5.923392257863043,
       44.239400341715736
      ],
      [
       5.926961449371788,
       44.23618806935775
      ],
      [
       5.92767528767348,
       44.233332716150755
      ],
      [
       5.9273183685227195,
       44.23012044379294
      ],
      [
       5.925533772768347,
       44.226194333133265
      ],
      [
       5.924463015315723,
       44.22298206077545
      ],
      [
       5.924819934466484,
       44.219055950115774
      ],
      [
       5.92767528767348,
       44.21762827351233
      ],
      [
       5.932672155785838,
       44.21762827351233
      ],
      [
       5.93552750899272,
       44.21584367775796
      ],
      [
       5.937312104747093,
       44.213702162852655
      ],
      [
       5.939453619652397,
       44.21156064794752
      ],
      [
       5.940881296255839,
       44.205849941533415
      ],
      [
       5.94123821540677,
       44.20228075002467
      ],
      [
       5.943022811161143,
       44.199782315968605
      ],
      [
       5.946235083518957,
       44.19585620530893
      ],
      [
       5.949090436725953,
       44.193357771252806
      ],
      [
       5.950518113329565,
       44.19085933719674
      ],
      [
       5.950875032480326,
       44.186933226537064
      ],
      [
       5.94938786935171,
       44.182471737151104
      ],
      [
       5.949447355876941,
       44.17604719243536
      ],
      [
       5.949149923251184,
       44.173072866178074
      ],
      [
       5.950042221128399,
       44.168611376792114
      ],
      [
       5.950934519005557,
       44.165637050535
      ],
      [
       5.951231951631314,
       44.16355502215475
      ],
      [
       5.953611412637144,
       44.16117556114892
      ],
      [
       5.95718060414589,
       44.15998583064601
      ],
      [
       5.960749795654635,
       44.158498667517506
      ],
      [
       5.963724121911923,
       44.15522690863435
      ],
      [
       5.965806150291996,
       44.1516577171256
      ],
      [
       5.968780476549284,
       44.1474936603654
      ],
      [
       5.972944533309487,
       44.14451933410811
      ],
      [
       5.9782983205726055,
       44.14154500785082
      ],
      [
       5.981272646829893,
       44.13916554684499
      ],
      [
       5.983652107835724,
       44.136488653213405
      ],
      [
       5.983949540461481,
       44.13351432695629
      ],
      [
       5.984841838338639,
       44.13054000069883
      ],
      [
       5.986329001467311,
       44.126970809190084
      ],
      [
       5.989898192976057,
       44.12488878081001
      ],
      [
       5.994954547613418,
       44.12429391555855
      ],
      [
       5.999118604373621,
       44.121617021927136
      ],
      [
       6.001498065379451,
       44.11864269566968
      ],
      [
       6.0041749590110385,
       44.11388377365802
      ],
      [
       6.0083390157712415,
       44.11061201477503
      ],
      [
       6.012503072531445,
       44.10852998639507
      ],
      [
       6.01607226404019,
       44.10852998639507
      ],
      [
       6.0175594271688055,
       44.107340255892154
      ],
      [
       6.01845172504602,
       44.10287876650608
      ],
      [
       6.016964561917348,
       44.099607007623035
      ],
      [
       6.01161077465423,
       44.09574038348859
      ],
      [
       6.007744150519784,
       44.09098146147693
      ],
      [
       6.006554420016869,
       44.08503280896235
      ],
      [
       6.006554420016869,
       44.079976454325106
      ],
      [
       6.006851852642569,
       44.075217532313445
      ],
      [
       6.005959554765411,
       44.0716483408047
      ],
      [
       6.0041749590110385,
       44.068079149295954
      ],
      [
       6.001200632753751,
       44.06540225566425
      ],
      [
       5.997036575993548,
       44.06450995778721
      ],
      [
       5.99406224973626,
       44.06153563152975
      ],
      [
       5.991682788730429,
       44.057966440021005
      ],
      [
       5.986329001467311,
       44.05647927689239
      ],
      [
       5.9824623773328085,
       44.055289546389474
      ],
      [
       5.977703455321148,
       44.0535049506351
      ],
      [
       5.973836831186702,
       44.050828057003514
      ],
      [
       5.967590746046369,
       44.04666400024348
      ],
      [
       5.963724121911923,
       44.04339224136032
      ],
      [
       5.956883171520133,
       44.03744358884575
      ],
      [
       5.951826816882772,
       44.03298209945979
      ],
      [
       5.949447355876941,
       44.028818042699754
      ],
      [
       5.946770462245354,
       44.02465398593938
      ],
      [
       5.943201270736608,
       44.02197709230785
      ],
      [
       5.934278291964745,
       44.016028439793274
      ],
      [
       5.931303965707457,
       44.013054113535986
      ],
      [
       5.929816802578841,
       44.0085926241502
      ],
      [
       5.927139908947254,
       44.00413113476412
      ],
      [
       5.925355313192881,
       44.001454241132706
      ],
      [
       5.923868150064266,
       43.99818248224955
      ],
      [
       5.922380986935593,
       43.99223382973497
      ],
      [
       5.918514362801147,
       43.987177475097724
      ],
      [
       5.91583746916956,
       43.98569031196894
      ],
      [
       5.915242603918102,
       43.98093138995728
      ],
      [
       5.913755440789487,
       43.97646990057149
      ],
      [
       5.911970845035114,
       43.97200841118541
      ],
      [
       5.9092939514035265,
       43.96873665230237
      ],
      [
       5.907211923023453,
       43.966654623922295
      ],
      [
       5.905427327269081,
       43.96487002816792
      ],
      [
       5.9051298946433235,
       43.96130083665918
      ],
      [
       5.903642731514708,
       43.957136779898974
      ],
      [
       5.901560703134578,
       43.95297272313877
      ],
      [
       5.89858637687729,
       43.95059326213294
      ],
      [
       5.8959094832457595,
       43.949403531630026
      ],
      [
       5.895314617994302,
       43.94672663799861
      ],
      [
       5.8959094832457595,
       43.94375231174115
      ],
      [
       5.897991511625833,
       43.93929082235525
      ],
      [
       5.898883809503047,
       43.936911361349416
      ],
      [
       5.899478674754505,
       43.93274730458921
      ],
      [
       5.89828894425159,
       43.92917811308047
      ],
      [
       5.897099213748675,
       43.92560892157172
      ],
      [
       5.896504348497217,
       43.92203973006298
      ],
      [
       5.897099213748675,
       43.91966026905715
      ],
      [
       5.89858637687729,
       43.917280808051316
      ],
      [
       5.898883809503047,
       43.915793644922815
      ],
      [
       5.897694079000132,
       43.913414183916984
      ],
      [
       5.894422320117087,
       43.9119270207882
      ],
      [
       5.888176234976811,
       43.90895269453091
      ],
      [
       5.884904476093766,
       43.90449120514495
      ],
      [
       5.88341731296515,
       43.90181431151342
      ],
      [
       5.88133528458502,
       43.898542552630374
      ],
      [
       5.8783609583277325,
       43.89318876536743
      ],
      [
       5.875089199444744,
       43.88753754547844
      ],
      [
       5.872114873187456,
       43.88248119084119
      ],
      [
       5.869735412181626,
       43.878911999332445
      ],
      [
       5.867355951175796,
       43.87474794257207
      ],
      [
       5.865868788047123,
       43.870881318437625
      ],
      [
       5.8633406107284145,
       43.866419829051665
      ],
      [
       5.861556014974042,
       43.86195833966576
      ],
      [
       5.8582842560910535,
       43.85809171553126
      ],
      [
       5.854715064582308,
       43.85422509139681
      ],
      [
       5.850848440447805,
       43.85006103463661
      ],
      [
       5.848766412067732,
       43.84530211262495
      ],
      [
       5.846089518436145,
       43.839353460110374
      ],
      [
       5.841330596424484,
       43.83370224022167
      ],
      [
       5.835084511284208,
       43.83132277921584
      ],
      [
       5.830325589272547,
       43.82894331821001
      ],
      [
       5.824971802009429,
       43.82418439619835
      ],
      [
       5.822294908377842,
       43.822399800443804
      ],
      [
       5.818428284243396,
       43.81883060893506
      ],
      [
       5.818130851617639,
       43.81466655217503
      ],
      [
       5.819023149494853,
       43.80931276491174
      ],
      [
       5.818725716869096,
       43.80663587128021
      ],
      [
       5.815156525360351,
       43.80217438189425
      ],
      [
       5.813669362231735,
       43.7968205946313
      ],
      [
       5.808613007594317,
       43.79295397049668
      ],
      [
       5.804448950834114,
       43.79087194211672
      ],
      [
       5.802664355079742,
       43.78700531798211
      ],
      [
       5.802664355079742,
       43.783138693847604
      ],
      [
       5.802664355079742,
       43.77927206971316
      ],
      [
       5.8014746245768265,
       43.77570287820441
      ],
      [
       5.796715702565166,
       43.77094395619275
      ],
      [
       5.794038808933635,
       43.76886192781262
      ],
      [
       5.789279886921975,
       43.765590168929634
      ],
      [
       5.784818397536014,
       43.76231841004676
      ],
      [
       5.778869745021439,
       43.75696462278347
      ],
      [
       5.772921092506863,
       43.75458516177764
      ],
      [
       5.77113649675249,
       43.753097998649025
      ],
      [
       5.767269872618044,
       43.74952880714028
      ],
      [
       5.761618652729169,
       43.74744677876015
      ],
      [
       5.757454595968966,
       43.7420929914972
      ],
      [
       5.755670000214593,
       43.73852379998846
      ],
      [
       5.7504649292643535,
       43.73495460847971
      ],
      [
       5.747490603007066,
       43.73049311909364
      ],
      [
       5.74392141149832,
       43.72603162970768
      ],
      [
       5.737080461106558,
       43.72008297719313
      ],
      [
       5.73172667384344,
       43.7177035161873
      ],
      [
       5.729049780211909,
       43.7177035161873
      ],
      [
       5.726372886580322,
       43.714431757304425
      ],
      [
       5.723695992948791,
       43.711159998421266
      ],
      [
       5.724588290825949,
       43.70848310478985
      ],
      [
       5.726075453954621,
       43.70461648065523
      ],
      [
       5.724885723451706,
       43.70074985652073
      ],
      [
       5.7180447730599155,
       43.69628836713483
      ],
      [
       5.715665312054085,
       43.69539606925778
      ],
      [
       5.711798687919639,
       43.694801204006154
      ],
      [
       5.709419226913809,
       43.692421743000324
      ],
      [
       5.705552602779306,
       43.69093457987171
      ],
      [
       5.697521921884658,
       43.693908906128996
      ],
      [
       5.69246556724724,
       43.69539606925778
      ],
      [
       5.685624616855506,
       43.69628836713483
      ],
      [
       5.680865694843845,
       43.69599093450907
      ],
      [
       5.677772395536146,
       43.694206338754725
      ],
      [
       5.674322177077784,
       43.69301660825181
      ],
      [
       5.668968389814694,
       43.692421743000324
      ],
      [
       5.666291496183106,
       43.689149984117336
      ],
      [
       5.661532574171446,
       43.686770523111505
      ],
      [
       5.653799325902497,
       43.682011601099845
      ],
      [
       5.651717297522424,
       43.677252679088184
      ],
      [
       5.648742971265136,
       43.67398092020531
      ],
      [
       5.643984049253476,
       43.671898891825066
      ],
      [
       5.639225127241815,
       43.671898891825066
      ],
      [
       5.635358503107312,
       43.671898891825066
      ],
      [
       5.624056063329618,
       43.66862713294202
      ],
      [
       5.614538219306297,
       43.66535537405903
      ],
      [
       5.609184432043179,
       43.6629759130532
      ],
      [
       5.6047229426572756,
       43.66089388467324
      ],
      [
       5.6014511837742305,
       43.65851442366741
      ],
      [
       5.594907666008197,
       43.660001586795914
      ],
      [
       5.587769282990706,
       43.662381047801745
      ],
      [
       5.576466843213012,
       43.66357077830466
      ],
      [
       5.566948999189691,
       43.66357077830466
      ],
      [
       5.5583234530435845,
       43.662381047801745
      ],
      [
       5.548508176394506,
       43.662381047801745
      ],
      [
       5.540477495499857,
       43.66208361517616
      ],
      [
       5.531554516727994,
       43.66089388467324
      ],
      [
       5.524713566336203,
       43.662678480427445
      ],
      [
       5.519657211698842,
       43.66446307618199
      ],
      [
       5.515195722312882,
       43.66595023931049
      ],
      [
       5.509544502424063,
       43.66684253718782
      ],
      [
       5.504488147786645,
       43.66684253718782
      ],
      [
       5.49853949527207,
       43.668032267690734
      ],
      [
       5.494375438511867,
       43.669519430819236
      ],
      [
       5.490508814377421,
       43.67070916132215
      ],
      [
       5.484262729237088,
       43.671898891825066
      ],
      [
       5.478016644096812,
       43.672196324450766
      ],
      [
       5.473406438397973,
       43.671898891825066
      ],
      [
       5.467755218509154,
       43.674873218082354
      ],
      [
       5.464780892251866,
       43.67665781383673
      ],
      [
       5.4597245376144485,
       43.677550111714055
      ],
      [
       5.454965615602788,
       43.67665781383673
      ],
      [
       5.448124665211054,
       43.6784424095911
      ],
      [
       5.442473445322179,
       43.67903727484256
      ],
      [
       5.439796551690648,
       43.68082187059693
      ],
      [
       5.43474019705323,
       43.6826064663513
      ],
      [
       5.431468438170242,
       43.684391062105675
      ],
      [
       5.427304381410039,
       43.68587822523446
      ],
      [
       5.423437757275536,
       43.686770523111505
      ],
      [
       5.420165998392548,
       43.686770523111505
      ],
      [
       5.416894239509503,
       43.68974484936879
      ],
      [
       5.413027615375057,
       43.69271917562608
      ],
      [
       5.41035072174347,
       43.694503771380454
      ],
      [
       5.410053289117769,
       43.696883232386284
      ],
      [
       5.403509771351736,
       43.70104728914649
      ],
      [
       5.399048281965776,
       43.70283188490086
      ],
      [
       5.39547909045703,
       43.70372418277819
      ],
      [
       5.3928021968254995,
       43.7049139132811
      ],
      [
       5.390125303193912,
       43.706698509035306
      ],
      [
       5.385663813808009,
       43.707293374286934
      ],
      [
       5.380607459170591,
       43.707293374286934
      ],
      [
       5.3782279981647605,
       43.70788823953822
      ],
      [
       5.374361374030315,
       43.709077970041136
      ],
      [
       5.3669255583870665,
       43.71086256579568
      ],
      [
       5.363356366878321,
       43.71294459417564
      ],
      [
       5.360382040621033,
       43.714431757304425
      ],
      [
       5.35621798386083,
       43.71472918993001
      ],
      [
       5.351756494474927,
       43.71740608356154
      ],
      [
       5.349079600843339,
       43.719190679316085
      ],
      [
       5.333761820618349,
       43.72751879283635
      ],
      [
       5.326326004975101,
       43.731087984345095
      ],
      [
       5.32364911134357,
       43.733467445350925
      ],
      [
       5.322161948214898,
       43.73644177160821
      ],
      [
       5.32126965033774,
       43.74001096311696
      ],
      [
       5.317105593577537,
       43.74239042412279
      ],
      [
       5.3102646431857465,
       43.745959615631534
      ],
      [
       5.302828827542555,
       43.74714934613445
      ],
      [
       5.30163909703964,
       43.74625704825726
      ],
      [
       5.295095579273607,
       43.745959615631676
      ],
      [
       5.2906340898876465,
       43.74447245250289
      ],
      [
       5.285280302624528,
       43.74417501987713
      ],
      [
       5.279034217484252,
       43.74447245250289
      ],
      [
       5.273085564969676,
       43.74447245250289
      ],
      [
       5.268624075583716,
       43.74655448088296
      ],
      [
       5.263567720946355,
       43.74923137451455
      ],
      [
       5.261485692566225,
       43.75250313339754
      ],
      [
       5.254942174800192,
       43.75488259440337
      ],
      [
       5.247803791782701,
       43.75488259440337
      ],
      [
       5.241260274016668,
       43.75458516177767
      ],
      [
       5.229362968987516,
       43.75458516177767
      ],
      [
       5.2246040469758555,
       43.753692863900454
      ],
      [
       5.22073742284141,
       43.75071853764334
      ],
      [
       5.212706741946704,
       43.745959615631676
      ],
      [
       5.205270926303513,
       43.743580154625846
      ],
      [
       5.196050514905892,
       43.74268785674852
      ],
      [
       5.188317266636943,
       43.74268785674852
      ],
      [
       5.177609692110707,
       43.74536475038005
      ],
      [
       5.171661039596131,
       43.745959615631676
      ],
      [
       5.163332926075725,
       43.74952880714042
      ],
      [
       5.158276571438364,
       43.74952880714042
      ],
      [
       5.154409947303861,
       43.75161083552038
      ],
      [
       5.14459467065484,
       43.751015970268924
      ],
      [
       5.141322911771795,
       43.753395431274754
      ],
      [
       5.138051152888806,
       43.755774892280584
      ],
      [
       5.133887096128603,
       43.75666719015791
      ],
      [
       5.1309127698713155,
       43.758154353286415
      ],
      [
       5.124815401043861,
       43.760831246917945
      ],
      [
       5.118271883277828,
       43.76202097742086
      ],
      [
       5.11321552864041,
       43.76231841004662
      ],
      [
       5.108159174003049,
       43.76469787105245
      ],
      [
       5.102805386739931,
       43.76707733205828
      ],
      [
       5.098938762605428,
       43.76945679306411
      ],
      [
       5.09804646472827,
       43.77213368669581
      ],
      [
       5.09596443634814,
       43.7765951760816
      ],
      [
       5.091800379587937,
       43.778082339210385
      ],
      [
       5.087636322827734,
       43.77986693496459
      ],
      [
       5.083769698693288,
       43.78224639597042
      ],
      [
       5.07633388305004,
       43.78373355909909
      ],
      [
       5.070980095786922,
       43.78403099172496
      ],
      [
       5.068005769529634,
       43.787302750607836
      ],
      [
       5.064436578020889,
       43.79087194211658
      ],
      [
       5.060867386512143,
       43.79235910524537
      ],
      [
       5.0540264361204095,
       43.79384626837387
      ],
      [
       5.049862379360206,
       43.7965231620054
      ],
      [
       5.046590620477161,
       43.79949748826286
      ],
      [
       5.045400889974246,
       43.80395897764865
      ],
      [
       5.044211159471331,
       43.80604100602872
      ],
      [
       5.042426563716958,
       43.80812303440885
      ],
      [
       5.042426563716958,
       43.8116922259176
      ],
      [
       5.0415342658398,
       43.814963984800755
      ],
      [
       5.040641967962586,
       43.819425474186545
      ],
      [
       5.037667641705298,
       43.82477926144966
      ],
      [
       5.033503584945095,
       43.828943318209866
      ],
      [
       5.027852365056276,
       43.8339996728474
      ],
      [
       5.021308847290243,
       43.83816372960743
      ],
      [
       5.014765329524209,
       43.84084062323902
      ],
      [
       5.0076269465067185,
       43.84292265161909
      ],
      [
       5.002868024495058,
       43.84530211262492
      ],
      [
       4.999596265612013,
       43.84768157363075
      ],
      [
       4.996027074103296,
       43.85273792826817
      ],
      [
       4.984724634325602,
       43.85868658078289
      ],
      [
       4.978181116559568,
       43.86255320491722
      ],
      [
       4.971637598793535,
       43.868799290057495
      ],
      [
       4.96286333633455,
       43.87385564469491
      ],
      [
       4.954832655439844,
       43.876532538326614
      ],
      [
       4.947099407170896,
       43.87831713408082
      ],
      [
       4.939961024153405,
       43.881291460338275
      ],
      [
       4.9334175063873715,
       43.88396835396969
      ],
      [
       4.9292534496271685,
       43.886050382349936
      ],
      [
       4.925684258118423,
       43.88783497810414
      ],
      [
       4.920925336106762,
       43.88902470860705
      ],
      [
       4.915571548843644,
       43.88902470860705
      ],
      [
       4.9087305984519105,
       43.88991700648427
      ],
      [
       4.9045665416917075,
       43.89110673698718
      ],
      [
       4.900402484931504,
       43.8922964674901
      ],
      [
       4.896535860797002,
       43.89437849587034
      ],
      [
       4.891479506159641,
       43.89735282212746
      ],
      [
       4.885828286270765,
       43.900922013636205
      ],
      [
       4.878392470627574,
       43.90359890726779
      ],
      [
       4.870659222358626,
       43.90508607039658
      ],
      [
       4.864115704592592,
       43.90746553140241
      ],
      [
       4.855490158446429,
       43.91073729028528
      ],
      [
       4.849244073306153,
       43.912521886039656
      ],
      [
       4.842105690288662,
       43.912521886039656
      ],
      [
       4.834075009393956,
       43.91162958816244
      ],
      [
       4.828721222130838,
       43.91162958816244
      ],
      [
       4.823664867493477,
       43.91162958816244
      ],
      [
       4.819798243358974,
       43.91162958816244
      ],
      [
       4.810875264587111,
       43.912819318665356
      ],
      [
       4.802249718441004,
       43.91519877967119
      ],
      [
       4.796895931177886,
       43.91757824067702
      ],
      [
       4.789757548160395,
       43.91876797117993
      ],
      [
       4.783511463020062,
       43.91936283643156
      ],
      [
       4.777562810505486,
       43.91936283643156
      ],
      [
       4.773398753745283,
       43.91936283643156
      ],
      [
       4.762988611844804,
       43.92144486481152
      ],
      [
       4.753173335195726,
       43.92174229743739
      ],
      [
       4.746332384803992,
       43.92233716268868
      ],
      [
       4.74017579791781,
       43.923947410644075
      ]
     ]
    ]
   },
   "properties": {
    "name_ancient": "Druentia",
    "name_modern": "Durance",
    "pid": "148069",
    "origin": "BAMap17",
    "notes": null,
    "strabo_name": "Drouentia"
   }
  },
  {
   "type": "Feature",
   "geometry": {
    "type": "MultiLineString",
    "coordinates": [
     [
      [
       6.147269795248974,
       46.20700639069935
      ],
      [
       6.1407262774829405,
       46.2034371991906
      ],
      [
       6.135372490219822,
       46.20331822614014
      ],
      [
       6.121690589436298,
       46.20093876513431
      ],
      [
       6.1169316674246375,
       46.203199253089906
      ],
      [
       6.108603553904231,
       46.203199253089906
      ],
      [
       6.100553044167896,
       46.196913510266256
      ],
      [
       6.093493976517323,
       46.19391935516728
      ],
      [
       6.08932991975712,
       46.19451422041874
      ],
      [
       6.088497108405136,
       46.19963006158116
      ],
      [
       6.090876569410966,
       46.208553040353024
      ],
      [
       6.0859986743488435,
       46.209980716956636
      ],
      [
       6.083024348091556,
       46.210575582208094
      ],
      [
       6.080050021834268,
       46.20700639069935
      ],
      [
       6.075885965074065,
       46.20403206444206
      ],
      [
       6.069937312559489,
       46.20462692969352
      ],
      [
       6.065773255799286,
       46.20105773818477
      ],
      [
       6.0592297380332525,
       46.19867827717894
      ],
      [
       6.0550656812730494,
       46.19689368142457
      ],
      [
       6.048522163507016,
       46.198083411927485
      ],
      [
       6.041978645740983,
       46.200462872933315
      ],
      [
       6.036267939327104,
       46.200819792084076
      ],
      [
       6.029129556309613,
       46.20022492683262
      ],
      [
       6.0267500953037825,
       46.193681409066585
      ],
      [
       6.026512149203086,
       46.19153989416145
      ],
      [
       6.025322418700171,
       46.18737583740125
      ],
      [
       6.02294295769434,
       46.1838066458925
      ],
      [
       6.016399439928307,
       46.18202205013813
      ],
      [
       6.013425113671019,
       46.18202205013813
      ],
      [
       6.009261056910816,
       46.17904772388084
      ],
      [
       6.004502134899155,
       46.178452858629385
      ],
      [
       5.996768886630207,
       46.17904772388084
      ],
      [
       5.993794560372919,
       46.17904772388084
      ],
      [
       5.989630503612716,
       46.176073397623554
      ],
      [
       5.984871581601055,
       46.173693936617724
      ],
      [
       5.981342047775854,
       46.17335684630842
      ],
      [
       5.978566009935719,
       46.16715041885169
      ],
      [
       5.967263570158025,
       46.14989932655942
      ],
      [
       5.963456432548583,
       46.14692500030213
      ],
      [
       5.963456432548583,
       46.14216607829047
      ],
      [
       5.96167183679421,
       46.13859688678173
      ],
      [
       5.957071545516385,
       46.13361984751123
      ],
      [
       5.948654202208331,
       46.130883467354465
      ],
      [
       5.93286052978209,
       46.12826606024811
      ],
      [
       5.928101607770429,
       46.129455790751024
      ],
      [
       5.921558090004396,
       46.129455790751024
      ],
      [
       5.915133545288597,
       46.12755222194619
      ],
      [
       5.909898731075714,
       46.126362491443274
      ],
      [
       5.904039308349013,
       46.1219604885826
      ],
      [
       5.897585020370627,
       46.12154408290661
      ],
      [
       5.893539936660659,
       46.120354352403695
      ],
      [
       5.890922529554302,
       46.117974891397864
      ],
      [
       5.887680513933901,
       46.11303750981074
      ],
      [
       5.885598485553828,
       46.108873453050535
      ],
      [
       5.886788216056743,
       46.104411963664575
      ],
      [
       5.890952272816946,
       46.10054533953013
      ],
      [
       5.893034301197019,
       46.09697614802138
      ],
      [
       5.891547138068404,
       46.091622360758265
      ],
      [
       5.888662041598764,
       46.08745830399806
      ],
      [
       5.884497984838561,
       46.08597114086939
      ],
      [
       5.87816266991058,
       46.08775573662376
      ],
      [
       5.871410949306494,
       46.08745830399806
      ],
      [
       5.868436623049206,
       46.08745830399806
      ],
      [
       5.86248797053463,
       46.08745830399806
      ],
      [
       5.85772904852297,
       46.08835060187522
      ],
      [
       5.852375261259851,
       46.09132492813251
      ],
      [
       5.849103502376806,
       46.09340695651264
      ],
      [
       5.8452368782423605,
       46.0981658785243
      ],
      [
       5.841667686733615,
       46.10084277215583
      ],
      [
       5.839288225727785,
       46.10381709841312
      ],
      [
       5.836908764721954,
       46.10560169416749
      ],
      [
       5.831257544833079,
       46.10708885729616
      ],
      [
       5.827390920698633,
       46.10738628992186
      ],
      [
       5.8235242965641305,
       46.10619655941895
      ],
      [
       5.8208474029326,
       46.1026273679102
      ],
      [
       5.8208474029326,
       46.09846331115
      ],
      [
       5.819062807178227,
       46.09489411964125
      ],
      [
       5.815493615669482,
       46.08775573662376
      ],
      [
       5.812816722037894,
       46.082401949360644
      ],
      [
       5.811032126283521,
       46.079130190477656
      ],
      [
       5.809842395780606,
       46.074668701091696
      ],
      [
       5.8080578000262335,
       46.06931491382858
      ],
      [
       5.809247530529149,
       46.06425855919122
      ],
      [
       5.8122218567864365,
       46.05652531092227
      ],
      [
       5.812519289412194,
       46.05295611941352
      ],
      [
       5.809247530529149,
       46.04968436053048
      ],
      [
       5.806273204271861,
       46.04611516902173
      ],
      [
       5.807165502149076,
       46.04195111226153
      ],
      [
       5.809544963154906,
       46.03570502712125
      ],
      [
       5.809544963154906,
       46.030648672483835
      ],
      [
       5.811240329121631,
       46.025592317846474
      ],
      [
       5.810050598618716,
       46.02202312633773
      ],
      [
       5.806570636897618,
       46.01845393482898
      ],
      [
       5.805589109232756,
       46.01458731069448
      ],
      [
       5.80648140710997,
       46.01191041706295
      ],
      [
       5.808266002864343,
       46.00982838868282
      ],
      [
       5.809455733367258,
       46.005961764548374
      ],
      [
       5.808950097903448,
       46.00269000566533
      ],
      [
       5.808950097903448,
       45.99912081415658
      ],
      [
       5.809842395780606,
       45.996146487899296
      ],
      [
       5.832149842710294,
       45.971459579963835
      ],
      [
       5.832744707961751,
       45.96789038845509
      ],
      [
       5.833339573213209,
       45.961644303314756
      ],
      [
       5.8339344384646665,
       45.95837254443177
      ],
      [
       5.836313899470497,
       45.956885381303096
      ],
      [
       5.835719034219039,
       45.95242389191719
      ],
      [
       5.835421601593282,
       45.94855726778269
      ],
      [
       5.8339344384646665,
       45.944690643648244
      ],
      [
       5.830365246955921,
       45.94082401951374
      ],
      [
       5.826201190195718,
       45.93755226063075
      ],
      [
       5.825308892318503,
       45.934577934373465
      ],
      [
       5.825011459692803,
       45.93100874286472
      ],
      [
       5.8256063249442605,
       45.927439551355974
      ],
      [
       5.827985785950091,
       45.924465225098686
      ],
      [
       5.829472949078706,
       45.922085764092856
      ],
      [
       5.830067814330164,
       45.919706303087025
      ],
      [
       5.8297703817044635,
       45.91554224632682
      ],
      [
       5.829175516453006,
       45.91227048744378
      ],
      [
       5.831554977458836,
       45.90929616118649
      ],
      [
       5.832447275335994,
       45.90542953705204
      ],
      [
       5.832447275335994,
       45.902157778169
      ],
      [
       5.830960112207379,
       45.89620912565442
      ],
      [
       5.828878083827249,
       45.88996304051415
      ],
      [
       5.826201190195718,
       45.88579898375394
      ],
      [
       5.823821729189888,
       45.88133749436798
      ],
      [
       5.822929431312673,
       45.87747087023354
      ],
      [
       5.8211448355583,
       45.87390167872479
      ],
      [
       5.8184679419267695,
       45.86825045883592
      ],
      [
       5.815791048295182,
       45.86378896945001
      ],
      [
       5.811924424160736,
       45.85932748006405
      ],
      [
       5.808652665277691,
       45.85546085592961
      ],
      [
       5.8038937432660305,
       45.85099936654365
      ],
      [
       5.8015142822602,
       45.84802504028636
      ],
      [
       5.799729686505827,
       45.84564557928053
      ],
      [
       5.7988373886286695,
       45.841184089894625
      ],
      [
       5.797647658125754,
       45.83702003313442
      ],
      [
       5.797647658125754,
       45.83345084162568
      ],
      [
       5.797052792874297,
       45.82988165011693
      ],
      [
       5.795863062371382,
       45.8275021891111
      ],
      [
       5.791104140359721,
       45.823932997602355
      ],
      [
       5.787832381476676,
       45.82036380609361
      ],
      [
       5.785750353096603,
       45.81828177771348
      ],
      [
       5.78396575734223,
       45.81530745145619
      ],
      [
       5.78396575734223,
       45.81173825994745
      ],
      [
       5.784858055219388,
       45.807871635813
      ],
      [
       5.785452920470846,
       45.8040050116785
      ],
      [
       5.785155487845145,
       45.80013838754405
      ],
      [
       5.78426318996793,
       45.795082032906635
      ],
      [
       5.783073459465015,
       45.790025678269274
      ],
      [
       5.782776026839315,
       45.78556418888331
      ],
      [
       5.7818837289621,
       45.78080526687165
      ],
      [
       5.783668324716473,
       45.77812837324012
      ],
      [
       5.783668324716473,
       45.77426174910562
      ],
      [
       5.7833708920907725,
       45.769800259719716
      ],
      [
       5.7833708920907725,
       45.765338770333756
      ],
      [
       5.784560622593688,
       45.762661876702225
      ],
      [
       5.784560622593688,
       45.758200387316265
      ],
      [
       5.783668324716473,
       45.75373889793036
      ],
      [
       5.783668324716473,
       45.74987227379586
      ],
      [
       5.78447139280604,
       45.745410784409955
      ],
      [
       5.783281662303125,
       45.743328756029825
      ],
      [
       5.7776304424142495,
       45.74154416027545
      ],
      [
       5.775250981408419,
       45.74035442977254
      ],
      [
       5.774358683531261,
       45.73797496876671
      ],
      [
       5.775548414034176,
       45.73470320988372
      ],
      [
       5.777035577162792,
       45.72994428787206
      ],
      [
       5.777927875040007,
       45.72696996161477
      ],
      [
       5.776143279285634,
       45.72429306798318
      ],
      [
       5.770581289184406,
       45.71953414597152
      ],
      [
       5.767309530301418,
       45.71685725233999
      ],
      [
       5.763442906166915,
       45.71507265658562
      ],
      [
       5.760468579909627,
       45.711800897702574
      ],
      [
       5.758386551529554,
       45.708826571445286
      ],
      [
       5.754817360020809,
       45.70763684094237
      ],
      [
       5.750653303260606,
       45.70704197569091
      ],
      [
       5.745894381248945,
       45.70763684094237
      ],
      [
       5.7411354592372845,
       45.70942143669674
      ],
      [
       5.736376537225624,
       45.7100163019482
      ],
      [
       5.731022749962506,
       45.71031373457396
      ],
      [
       5.72745355845376,
       45.71031373457396
      ],
      [
       5.723289501693557,
       45.71031373457396
      ],
      [
       5.718233147056139,
       45.7100163019482
      ],
      [
       5.7152588207988515,
       45.710908599825416
      ],
      [
       5.7110947640386485,
       45.710908599825416
      ],
      [
       5.708120437781361,
       45.7100163019482
      ],
      [
       5.7060384094012875,
       45.708529138819586
      ],
      [
       5.70544354414983,
       45.70466251468508
      ],
      [
       5.707525572529903,
       45.70109332317634
      ],
      [
       5.708715303032818,
       45.696929266416134
      ],
      [
       5.709607600910033,
       45.69306264228169
      ],
      [
       5.7102024661614905,
       45.68949345077294
      ],
      [
       5.709012735658575,
       45.68503196138698
      ],
      [
       5.704848678898372,
       45.68027303937532
      ],
      [
       5.701576920015327,
       45.67670384786658
      ],
      [
       5.698305161132339,
       45.674621819486504
      ],
      [
       5.694141104372136,
       45.67135006060346
      ],
      [
       5.6905719128633905,
       45.66837573434617
      ],
      [
       5.688787317109018,
       45.66540140808888
      ],
      [
       5.68819245185756,
       45.66093991870298
      ],
      [
       5.68819245185756,
       45.656775861942776
      ],
      [
       5.6905719128633905,
       45.652909237808274
      ],
      [
       5.692653941243464,
       45.64934004629953
      ],
      [
       5.692653941243464,
       45.64606828741654
      ],
      [
       5.689977047611933,
       45.642499095907795
      ],
      [
       5.685218125600272,
       45.640119634901964
      ],
      [
       5.682541231968685,
       45.63833503914759
      ],
      [
       5.6792694730856965,
       45.637740173896134
      ],
      [
       5.674807983699736,
       45.637740173896134
      ],
      [
       5.670643926939533,
       45.637740173896134
      ],
      [
       5.66647987017933,
       45.63833503914759
      ],
      [
       5.662018380793427,
       45.63744274127038
      ],
      [
       5.658151756658924,
       45.637145308644676
      ],
      [
       5.655474863027393,
       45.63446841501309
      ],
      [
       5.654285132524478,
       45.6314940887558
      ],
      [
       5.652797969395806,
       45.62822232987281
      ],
      [
       5.650418508389976,
       45.625545436241225
      ],
      [
       5.6483364800099025,
       45.62435570573831
      ],
      [
       5.645362153752615,
       45.62435570573831
      ],
      [
       5.642387827495327,
       45.62346340786115
      ],
      [
       5.641495529618112,
       45.620786514229565
      ],
      [
       5.640008366489496,
       45.617514755346576
      ],
      [
       5.638818635986581,
       45.616027592217904
      ],
      [
       5.635249444477836,
       45.61394556383783
      ],
      [
       5.63168025296909,
       45.613053265960616
      ],
      [
       5.628408494086045,
       45.61335069858637
      ],
      [
       5.6248393025773,
       45.615135294340746
      ],
      [
       5.6224598415714695,
       45.61959678372665
      ],
      [
       5.620377813191396,
       45.62614030149268
      ],
      [
       5.6174034869341085,
       45.62941206037573
      ],
      [
       5.615321458553979,
       45.63298125188447
      ],
      [
       5.612941997548148,
       45.638037606521834
      ],
      [
       5.610413820229439,
       45.64101193277912
      ],
      [
       5.609075373413702,
       45.64309396115925
      ],
      [
       5.606695912407872,
       45.64815031579661
      ],
      [
       5.604019018776285,
       45.65171950730536
      ],
      [
       5.599854962016082,
       45.65350410305973
      ],
      [
       5.592716578998591,
       45.657370727194234
      ],
      [
       5.5873627917354725,
       45.662129649205895
      ],
      [
       5.579629543466524,
       45.66569884071464
      ],
      [
       5.572193727823333,
       45.66807830172047
      ],
      [
       5.567434805811672,
       45.671647493229216
      ],
      [
       5.565947642683,
       45.676406415240876
      ],
      [
       5.563568181677169,
       45.68324736563261
      ],
      [
       5.558511827039808,
       45.68770885501857
      ],
      [
       5.556727231285436,
       45.69098061390156
      ],
      [
       5.556132366033978,
       45.69336007490739
      ],
      [
       5.556727231285436,
       45.69722669904189
      ],
      [
       5.557619529162594,
       45.70109332317634
      ],
      [
       5.557619529162594,
       45.703770216807925
      ],
      [
       5.557024663911136,
       45.706149677813755
      ],
      [
       5.554645202905306,
       45.70823170619383
      ],
      [
       5.5513734440223175,
       45.7100163019482
      ],
      [
       5.546019656759199,
       45.71061116719966
      ],
      [
       5.540665869496081,
       45.711800897702574
      ],
      [
       5.536204380110121,
       45.71269319557979
      ],
      [
       5.532337755975675,
       45.71507265658562
      ],
      [
       5.5296608623440875,
       45.71745211759145
      ],
      [
       5.527281401338257,
       45.72191360697735
      ],
      [
       5.523117344578054,
       45.728159692117686
      ],
      [
       5.518060989940693,
       45.732918614129346
      ],
      [
       5.513599500554733,
       45.73648780563809
      ],
      [
       5.504379089157169,
       45.740949295023995
      ],
      [
       5.499322734519751,
       45.743031323404125
      ],
      [
       5.49426637988239,
       45.74660051491287
      ],
      [
       5.490102323122187,
       45.750467139047316
      ],
      [
       5.484748535859069,
       45.755820926310435
      ],
      [
       5.479692181221651,
       45.76087728094785
      ],
      [
       5.475825557087205,
       45.76593363558521
      ],
      [
       5.473148663455618,
       45.769800259719716
      ],
      [
       5.467497443566799,
       45.775451479608535
      ],
      [
       5.459169330046393,
       45.782589862626025
      ],
      [
       5.453220677531817,
       45.78645648676053
      ],
      [
       5.446082294514326,
       45.792405139275104
      ],
      [
       5.438349046245378,
       45.79418973502948
      ],
      [
       5.43299525898226,
       45.80073325279551
      ],
      [
       5.428533769596299,
       45.804599876929956
      ],
      [
       5.4255594433390115,
       45.809358798941616
      ],
      [
       5.423179982333181,
       45.81352285570182
      ],
      [
       5.422287684456023,
       45.81828177771348
      ],
      [
       5.422287684456023,
       45.82304069972514
      ],
      [
       5.424964578087554,
       45.82482529547951
      ],
      [
       5.428533769596299,
       45.82482529547951
      ],
      [
       5.433590124233717,
       45.82482529547951
      ],
      [
       5.4359695852395475,
       45.826312458608186
      ],
      [
       5.437456748368163,
       45.82839448698826
      ],
      [
       5.4368618831167055,
       45.831071380619846
      ],
      [
       5.434482422110875,
       45.83374827425138
      ],
      [
       5.430318365350672,
       45.83583030263151
      ],
      [
       5.424369712836096,
       45.83820976363734
      ],
      [
       5.419015925572978,
       45.841481522520326
      ],
      [
       5.4172313298186054,
       45.84505071402907
      ],
      [
       5.41604159931569,
       45.849214770789274
      ],
      [
       5.412472407806945,
       45.85337882754948
      ],
      [
       5.405631457415211,
       45.856353153806765
      ],
      [
       5.399682804900635,
       45.860814643192725
      ],
      [
       5.391354691380229,
       45.865870997830086
      ],
      [
       5.3854060388656535,
       45.868547891461674
      ],
      [
       5.3812419821054505,
       45.870927352467504
      ],
      [
       5.375888194842332,
       45.87479397660195
      ],
      [
       5.370236974953457,
       45.87687600498208
      ],
      [
       5.364585755064638,
       45.87925546598791
      ],
      [
       5.358934535175763,
       45.88193235961944
      ],
      [
       5.3544730457898595,
       45.882824657496656
      ],
      [
       5.349714123778199,
       45.883122090122356
      ],
      [
       5.345550067017996,
       45.8822297922452
      ],
      [
       5.340493712380578,
       45.88014776386507
      ],
      [
       5.336329655620375,
       45.875983707104865
      ],
      [
       5.334247627240302,
       45.87241451559612
      ],
      [
       5.331273300983014,
       45.868547891461674
      ],
      [
       5.329488705228641,
       45.86527613257863
      ],
      [
       5.326216946345596,
       45.86378896945001
      ],
      [
       5.31997086120532,
       45.86200437369564
      ],
      [
       5.314914506567902,
       45.85962491268981
      ],
      [
       5.310750449807699,
       45.85724545168398
      ],
      [
       5.3080735561761685,
       45.853676260175234
      ],
      [
       5.304206932041666,
       45.84980963604073
      ],
      [
       5.3018274710358355,
       45.846835309783444
      ],
      [
       5.299745442655762,
       45.84237382039754
      ],
      [
       5.29796084690139,
       45.83553287000575
      ],
      [
       5.296176251147017,
       45.83136881324555
      ],
      [
       5.294689088018345,
       45.82898935223972
      ],
      [
       5.292012194386814,
       45.82274326709944
      ],
      [
       5.290227598632441,
       45.81798434508778
      ],
      [
       5.287550705000854,
       45.81292799045036
      ],
      [
       5.284873811369323,
       45.809656231567374
      ],
      [
       5.28100718723482,
       45.806979337935786
      ],
      [
       5.27624826522316,
       45.8040050116785
      ],
      [
       5.273273938965872,
       45.79805635916392
      ],
      [
       5.2708944779600415,
       45.79448716765518
      ],
      [
       5.266135555948381,
       45.791810274023646
      ],
      [
       5.258104875053732,
       45.78556418888331
      ],
      [
       5.248884463656111,
       45.782292430000325
      ],
      [
       5.242638378515835,
       45.77902067111728
      ],
      [
       5.231633371363841,
       45.77485661435708
      ],
      [
       5.227766747229396,
       45.772774585977004
      ],
      [
       5.223900123094893,
       45.77188228809979
      ],
      [
       5.221223229463362,
       45.77188228809979
      ],
      [
       5.216464307451702,
       45.77336945122846
      ],
      [
       5.211705385440041,
       45.77426174910562
      ],
      [
       5.205756732925465,
       45.77485661435708
      ],
      [
       5.198023484656517,
       45.77426174910562
      ],
      [
       5.193859427896314,
       45.77426174910562
      ],
      [
       5.1893979385103535,
       45.77485661435708
      ],
      [
       5.187613342755981,
       45.77723607536291
      ],
      [
       5.186423612253066,
       45.78080526687165
      ],
      [
       5.184044151247235,
       45.78764621726344
      ],
      [
       5.181962122867162,
       45.792405139275104
      ],
      [
       5.179285229235575,
       45.79656919603531
      ],
      [
       5.175418605101129,
       45.79805635916392
      ],
      [
       5.174823739849671,
       45.79835379178968
      ],
      [
       5.1688750873350955,
       45.79835379178968
      ],
      [
       5.165008463200593,
       45.79835379178968
      ],
      [
       5.160546973814689,
       45.79865122441538
      ],
      [
       5.154895753925814,
       45.80013838754405
      ],
      [
       5.154300888674356,
       45.80073325279551
      ],
      [
       5.151623995042826,
       45.80341014642704
      ],
      [
       5.14567534252825,
       45.806681905310086
      ],
      [
       5.139726690013674,
       45.807871635813
      ],
      [
       5.136157498504929,
       45.8081690684387
      ],
      [
       5.131398576493268,
       45.80846650106446
      ],
      [
       5.126609911218964,
       45.80846650106446
      ],
      [
       5.123070462972862,
       45.811440827321746
      ],
      [
       5.116526945206829,
       45.81352285570182
      ],
      [
       5.109983427440795,
       45.814415153579034
      ],
      [
       5.101060448668932,
       45.814415153579034
      ],
      [
       5.093922065651441,
       45.81411772095328
      ],
      [
       5.084106789002362,
       45.812333125198904
      ],
      [
       5.076968405984871,
       45.811440827321746
      ],
      [
       5.069235157715923,
       45.81054852944453
      ],
      [
       5.063583937827104,
       45.81025109681883
      ],
      [
       5.054660959055241,
       45.8081690684387
      ],
      [
       5.04752257603775,
       45.8081690684387
      ],
      [
       5.042466221400332,
       45.80876393369016
      ],
      [
       5.0347329731313835,
       45.80876393369016
      ],
      [
       5.026107426985277,
       45.809656231567374
      ],
      [
       5.018969043967786,
       45.80876393369016
      ],
      [
       5.011830660950295,
       45.80846650106446
      ],
      [
       5.006476873687177,
       45.80846650106446
      ],
      [
       4.999338490669686,
       45.807574203187244
      ],
      [
       4.988036050891992,
       45.807574203187244
      ],
      [
       4.980600235248744,
       45.80638447268433
      ],
      [
       4.973461852231253,
       45.80846650106446
      ],
      [
       4.963646575582231,
       45.809656231567374
      ],
      [
       4.939554532898171,
       45.80727677056154
      ],
      [
       4.933308447757895,
       45.809061366315916
      ],
      [
       4.929441823623392,
       45.809656231567374
      ],
      [
       4.922600873231659,
       45.80846650106446
      ],
      [
       4.9151650575884105,
       45.80638447268433
      ],
      [
       4.9101087029510495,
       45.80311271380134
      ],
      [
       4.9038626178107165,
       45.80043582016975
      ],
      [
       4.896724234793226,
       45.79865122441538
      ],
      [
       4.889288419150034,
       45.79597433078385
      ],
      [
       4.882150036132543,
       45.792702571900804
      ],
      [
       4.874714220489295,
       45.79121540877219
      ],
      [
       4.8687655679747195,
       45.790025678269274
      ],
      [
       4.863411780711601,
       45.787943649889144
      ],
      [
       4.856868262945568,
       45.78526675625761
      ],
      [
       4.850324745179535,
       45.78318472787748
      ],
      [
       4.847350418922247,
       45.78050783424595
      ],
      [
       4.844376092664959,
       45.77872323849158
      ],
      [
       4.842294064284886,
       45.77455918173138
      ],
      [
       4.841699199033428,
       45.770097692345416
      ],
      [
       4.840806901156213,
       45.76593363558521
      ],
      [
       4.839914603279055,
       45.76147214619931
      ],
      [
       4.83872487277614,
       45.757902954690564
      ],
      [
       4.83664284439601,
       45.75433376318182
      ],
      [
       4.8336685181387224,
       45.75076457167307
      ],
      [
       4.8286121635013615,
       45.74630308228711
      ],
      [
       4.825637837244074,
       45.743031323404125
      ],
      [
       4.822068645735328,
       45.73946213189538
      ],
      [
       4.819391752103741,
       45.730539153123516
      ],
      [
       4.819986617355198,
       45.72696996161477
      ],
      [
       4.8223660783610285,
       45.72280590485457
      ],
      [
       4.825340404618316,
       45.71983157859728
      ],
      [
       4.830099326629977,
       45.71447779133416
      ],
      [
       4.8336685181387224,
       45.7100163019482
      ],
      [
       4.8369402770217675,
       45.705852245188
      ],
      [
       4.839914603279055,
       45.70198562105355
      ],
      [
       4.841401766407671,
       45.69811899691905
      ],
      [
       4.842888929536343,
       45.69336007490739
      ],
      [
       4.842888929536343,
       45.688898585521486
      ],
      [
       4.841699199033428,
       45.68324736563261
      ],
      [
       4.838130007524683,
       45.68086790462678
      ],
      [
       4.83426338339018,
       45.67789357836949
      ],
      [
       4.832478787635807,
       45.674621819486504
      ],
      [
       4.831586489758649,
       45.6704577627263
      ],
      [
       4.830396759255734,
       45.66510397546318
      ],
      [
       4.832181355010107,
       45.66123735132868
      ],
      [
       4.831586489758649,
       45.655288698814104
      ],
      [
       4.829504461378519,
       45.652909237808274
      ],
      [
       4.824150674115401,
       45.65023234417674
      ],
      [
       4.819689184729498,
       45.6469605852937
      ],
      [
       4.817607156349368,
       45.64368882641071
      ],
      [
       4.813740532214922,
       45.64071450015342
      ],
      [
       4.81225336908625,
       45.637740173896134
      ],
      [
       4.810766205957634,
       45.63060179087864
      ],
      [
       4.810468773331877,
       45.62614030149268
      ],
      [
       4.808386744951804,
       45.62197624473248
      ],
      [
       4.806602149197431,
       45.61691989009512
      ],
      [
       4.805114986068759,
       45.61394556383783
      ],
      [
       4.802438092437228,
       45.610376372329085
      ],
      [
       4.800058631431398,
       45.605617450317425
      ],
      [
       4.79738173779981,
       45.60204825880868
      ],
      [
       4.794407411542522,
       45.59818163467418
      ],
      [
       4.7914330852852345,
       45.595504741042646
      ],
      [
       4.7872690285250314,
       45.59282784741106
      ],
      [
       4.782510106513371,
       45.59134068428244
      ],
      [
       4.77983321288184,
       45.588663790650855
      ],
      [
       4.781320376010456,
       45.58331000338774
      ],
      [
       4.786971595899331,
       45.58033567713045
      ],
      [
       4.795894574671195,
       45.576766485621704
      ],
      [
       4.803330390314386,
       45.57289986148726
      ],
      [
       4.807494447074589,
       45.571115265732885
      ],
      [
       4.81225336908625,
       45.5684383721013
      ],
      [
       4.816119993220752,
       45.563976882715394
      ],
      [
       4.820581482606656,
       45.56070512383235
      ],
      [
       4.822960943612486,
       45.55564876919499
      ],
      [
       4.825935269869774,
       45.55326930818916
      ],
      [
       4.829504461378519,
       45.54970011668041
      ],
      [
       4.835750546518852,
       45.54583349254591
      ],
      [
       4.8419966316591285,
       45.54345403154008
      ],
      [
       4.846458121045089,
       45.54077713790855
      ],
      [
       4.850919610430992,
       45.539587407405634
      ],
      [
       4.857165695571325,
       45.53869510952842
      ],
      [
       4.862519482834443,
       45.53839767690272
      ],
      [
       4.865791241717432,
       45.53810024427696
      ],
      [
       4.869955298477635,
       45.536613081148346
      ],
      [
       4.872037326857765,
       45.53393618751676
      ],
      [
       4.8729296247349225,
       45.53066442863377
      ],
      [
       4.871739894232007,
       45.52679780449927
      ],
      [
       4.870252731103392,
       45.52352604561628
      ],
      [
       4.865493809091731,
       45.51965942148178
      ],
      [
       4.861329752331528,
       45.51549536472157
      ],
      [
       4.856570830319868,
       45.512223605838585
      ],
      [
       4.852704206185365,
       45.50865441432984
      ],
      [
       4.847945284173704,
       45.50597752069825
      ],
      [
       4.841699199033428,
       45.50330062706672
      ],
      [
       4.835155681267395,
       45.50121859868659
      ],
      [
       4.830099326629977,
       45.49883913768076
      ],
      [
       4.826232702495531,
       45.49675710930069
      ],
      [
       4.8214737804838705,
       45.49348535041764
      ],
      [
       4.817607156349368,
       45.4896187262832
      ],
      [
       4.8131456669634645,
       45.48515723689724
      ],
      [
       4.809576475454719,
       45.48277777589141
      ],
      [
       4.805114986068759,
       45.48129061276279
      ],
      [
       4.79946376617994,
       45.47891115175696
      ],
      [
       4.794109978916822,
       45.47653169075113
      ],
      [
       4.788161326402246,
       45.47474709499676
      ],
      [
       4.783402404390586,
       45.47207020136517
      ],
      [
       4.781617808636213,
       45.4702856056108
      ],
      [
       4.781320376010456,
       45.46641898147635
      ],
      [
       4.781915241261913,
       45.46433695309622
      ],
      [
       4.779535780256083,
       45.461065194213234
      ],
      [
       4.77775118450171,
       45.45928059845886
      ],
      [
       4.77299226249005,
       45.4586857332074
      ],
      [
       4.768530773104146,
       45.458983165833104
      ],
      [
       4.765556446846858,
       45.4586857332074
      ],
      [
       4.759012929080825,
       45.45630627220157
      ],
      [
       4.75812063120361,
       45.45422424382144
      ],
      [
       4.75782319857791,
       45.44916788918408
      ],
      [
       4.758418063829367,
       45.44470639979812
      ],
      [
       4.760797524835198,
       45.44202950616659
      ],
      [
       4.761987255338113,
       45.438757747283546
      ],
      [
       4.761094957460898,
       45.43548598840056
      ],
      [
       4.757228333326452,
       45.43191679689181
      ],
      [
       4.752469411314792,
       45.42834760538307
      ],
      [
       4.747413056677374,
       45.42477841387432
      ],
      [
       4.744438730420086,
       45.42269638549419
      ],
      [
       4.7441412977943855,
       45.41764003085683
      ],
      [
       4.745628460923001,
       45.41258367621941
      ],
      [
       4.750684815560419,
       45.40604015845338
      ],
      [
       4.754254007069164,
       45.40306583219609
      ],
      [
       4.756633468074995,
       45.39771204493297
      ],
      [
       4.758418063829367,
       45.39325055554707
      ],
      [
       4.758715496455068,
       45.38849163353541
      ],
      [
       4.757228333326452,
       45.38373271152375
      ],
      [
       4.75574117019778,
       45.37927122213779
      ],
      [
       4.755146304946322,
       45.374809732751885
      ],
      [
       4.756038602823537,
       45.36945594548877
      ],
      [
       4.7605000922094405,
       45.365589321354264
      ],
      [
       4.763176985841028,
       45.36291242772273
      ],
      [
       4.766151312098316,
       45.360235534091146
      ],
      [
       4.769423070981304,
       45.357856073085316
      ],
      [
       4.770315368858519,
       45.355179179453785
      ],
      [
       4.770017936232762,
       45.350717690067825
      ],
      [
       4.7667461773497735,
       45.345661335430464
      ],
      [
       4.764069283718186,
       45.342984441798876
      ],
      [
       4.76258212058957,
       45.33763065453576
      ],
      [
       4.762284687963813,
       45.333169165149855
      ],
      [
       4.76258212058957,
       45.328707675763894
      ],
      [
       4.763771851092486,
       45.32454361900369
      ],
      [
       4.766151312098316,
       45.3215692927464
      ],
      [
       4.7750742908701795,
       45.31681037073474
      ],
      [
       4.781320376010456,
       45.31264631397454
      ],
      [
       4.787566461150789,
       45.30967198771725
      ],
      [
       4.795299709419737,
       45.30640022883426
      ],
      [
       4.800356064057098,
       45.30223617207406
      ],
      [
       4.803925255565844,
       45.29955927844247
      ],
      [
       4.807197014448889,
       45.29569265430803
      ],
      [
       4.808386744951804,
       45.29212346279928
      ],
      [
       4.809873908080419,
       45.28766197341332
      ],
      [
       4.810766205957634,
       45.2820107535245
      ],
      [
       4.8110636385833345,
       45.27338520737834
      ],
      [
       4.810171340706177,
       45.267436554863764
      ],
      [
       4.809873908080419,
       45.26148790234919
      ],
      [
       4.807197014448889,
       45.25553924983461
      ],
      [
       4.805114986068759,
       45.250185462571494
      ],
      [
       4.802438092437228,
       45.24542654055983
      ],
      [
       4.802438092437228,
       45.23918045541956
      ],
      [
       4.804520120817301,
       45.230554909273394
      ],
      [
       4.8060072839459735,
       45.22639085251319
      ],
      [
       4.8068995818231315,
       45.22133449787583
      ],
      [
       4.807197014448889,
       45.21419611485834
      ],
      [
       4.808089312326047,
       45.20943719284668
      ],
      [
       4.807197014448889,
       45.20408340558356
      ],
      [
       4.807197014448889,
       45.200514214074815
      ],
      [
       4.806602149197431,
       45.19783732044323
      ],
      [
       4.806602149197431,
       45.193673263683024
      ],
      [
       4.808089312326047,
       45.18950920692282
      ],
      [
       4.810171340706177,
       45.18475028491116
      ],
      [
       4.811658503834792,
       45.18058622815096
      ],
      [
       4.810468773331877,
       45.1755298735136
      ],
      [
       4.810171340706177,
       45.16987865362472
      ],
      [
       4.813443099589165,
       45.16541716423882
      ],
      [
       4.819391752103741,
       45.16214540535577
      ],
      [
       4.824745539366859,
       45.1603608096014
      ],
      [
       4.827719865624147,
       45.15946851172424
      ],
      [
       4.829504461378519,
       45.15798134859557
      ],
      [
       4.828909596127062,
       45.154412157086824
      ],
      [
       4.825340404618316,
       45.15084296557808
      ],
      [
       4.8223660783610285,
       45.14697634144363
      ],
      [
       4.818499454226583,
       45.144299447812045
      ],
      [
       4.813740532214922,
       45.14132512155476
      ],
      [
       4.8110636385833345,
       45.13805336267177
      ],
      [
       4.807494447074589,
       45.134781603788724
      ],
      [
       4.805709851320216,
       45.13091497965428
      ],
      [
       4.8068995818231315,
       45.124371461888245
      ],
      [
       4.809279042828962,
       45.12020740512804
      ],
      [
       4.81463283009208,
       45.11604334836784
      ],
      [
       4.817904588975125,
       45.11128442635618
      ],
      [
       4.820878915232413,
       45.107120369595975
      ],
      [
       4.823853241489701,
       45.10295631283577
      ],
      [
       4.825637837244074,
       45.097899958198354
      ],
      [
       4.827125000372689,
       45.09373590143815
      ],
      [
       4.827719865624147,
       45.08867954680079
      ],
      [
       4.827719865624147,
       45.08421805741483
      ],
      [
       4.828314730875604,
       45.080351433280384
      ],
      [
       4.830694191881435,
       45.07529507864297
      ],
      [
       4.834560816015937,
       45.07232075238568
      ],
      [
       4.839617170653298,
       45.070238724005605
      ],
      [
       4.846755553670789,
       45.06875156087693
      ],
      [
       4.850919610430992,
       45.06666953249686
      ],
      [
       4.855678532442653,
       45.06399263886527
      ],
      [
       4.858652858699941,
       45.06012601473083
      ],
      [
       4.858652858699941,
       45.05685425584778
      ],
      [
       4.8574631281970255,
       45.053879929590494
      ],
      [
       4.85627339769411,
       45.05120303595896
      ],
      [
       4.847052986296546,
       45.04525438344439
      ],
      [
       4.8440786600392585,
       45.04168519193564
      ],
      [
       4.840806901156213,
       45.03752113517544
      ],
      [
       4.839022305401841,
       45.03276221316378
      ],
      [
       4.839319738027598,
       45.03008531953219
      ],
      [
       4.841401766407671,
       45.02592126277199
      ],
      [
       4.842888929536343,
       45.02205463863754
      ],
      [
       4.842591496910586,
       45.018485447128796
      ],
      [
       4.840212035904756,
       45.01521368824575
      ],
      [
       4.839171021714719,
       45.01253679461422
      ],
      [
       4.840658184843335,
       45.01075219885985
      ],
      [
       4.8440786600392585,
       45.00599327684819
      ],
      [
       4.846755553670789,
       45.0030189505909
      ],
      [
       4.849432447302377,
       44.999747191707854
      ],
      [
       4.854488801939738,
       44.99588056757341
      ],
      [
       4.857165695571325,
       44.991716510813205
      ],
      [
       4.858057993448483,
       44.98874218455592
      ],
      [
       4.858057993448483,
       44.98398326254426
      ],
      [
       4.860734887080071,
       44.97654744690101
      ],
      [
       4.862816915460144,
       44.97059879438643
      ],
      [
       4.866386106968889,
       44.96554243974907
      ],
      [
       4.870252731103392,
       44.96227068086603
      ],
      [
       4.874714220489295,
       44.95899892198304
      ],
      [
       4.880365440378171,
       44.955132297848536
      ],
      [
       4.8833397666354585,
       44.95096824108833
      ],
      [
       4.886611525518447,
       44.94680418432813
      ],
      [
       4.888990986524277,
       44.943234992819384
      ],
      [
       4.89077558227865,
       44.93936836868494
      ],
      [
       4.8904781496529495,
       44.935204311924736
      ],
      [
       4.888098688647119,
       44.930445389913075
      ],
      [
       4.882150036132543,
       44.9247941700242
      ],
      [
       4.87798597937234,
       44.920630113264
      ],
      [
       4.874416787863595,
       44.91616862387809
      ],
      [
       4.87322705736068,
       44.91200456711789
      ],
      [
       4.867575837471804,
       44.9090302408606
      ],
      [
       4.862816915460144,
       44.90546104935186
      ],
      [
       4.8574631281970255,
       44.90248672309457
      ],
      [
       4.85627339769411,
       44.89891753158582
      ],
      [
       4.855678532442653,
       44.893861176948406
      ],
      [
       4.857760560822783,
       44.889102254936745
      ],
      [
       4.858950291325698,
       44.88464076555084
      ],
      [
       4.858950291325698,
       44.87988184353918
      ],
      [
       4.858950291325698,
       44.87690751728189
      ],
      [
       4.85597596506841,
       44.873933191024605
      ],
      [
       4.8532990714368225,
       44.8697691342644
      ],
      [
       4.850027312553834,
       44.86411791437553
      ],
      [
       4.850027312553834,
       44.85787182923525
      ],
      [
       4.848540149425162,
       44.85281547459783
      ],
      [
       4.847052986296546,
       44.84924628308909
      ],
      [
       4.844673525290716,
       44.844189928451726
      ],
      [
       4.838427440150383,
       44.841810467445896
      ],
      [
       4.83396595076448,
       44.841810467445896
      ],
      [
       4.829801894004277,
       44.84121560219444
      ],
      [
       4.824448106741158,
       44.837051545434235
      ],
      [
       4.823555808863944,
       44.83110289291966
      ],
      [
       4.823555808863944,
       44.82396450990217
      ],
      [
       4.824150674115401,
       44.81861072263905
      ],
      [
       4.822960943612486,
       44.81385180062739
      ],
      [
       4.820581482606656,
       44.81147233962156
      ],
      [
       4.815227695343538,
       44.810580041744345
      ],
      [
       4.809576475454719,
       44.80939031124143
      ],
      [
       4.801248361934313,
       44.80730828286136
      ],
      [
       4.79470484416828,
       44.80522625448123
      ],
      [
       4.788458759027947,
       44.80165706297248
      ],
      [
       4.782510106513371,
       44.79630327570936
      ],
      [
       4.77745375187601,
       44.790652055820544
      ],
      [
       4.774181992992965,
       44.78559570118313
      ],
      [
       4.767638475226931,
       44.77905218341709
      ],
      [
       4.763474418466728,
       44.77459069403119
      ],
      [
       4.76020265958374,
       44.771318935148145
      ],
      [
       4.756633468074995,
       44.76685744576224
      ],
      [
       4.753659141817707,
       44.76150365849912
      ],
      [
       4.753064276566249,
       44.756149871236005
      ],
      [
       4.754551439694865,
       44.75436527548163
      ],
      [
       4.75812063120361,
       44.75109351659859
      ],
      [
       4.761094957460898,
       44.7478217577156
      ],
      [
       4.766448744724016,
       44.741575672575266
      ],
      [
       4.768233340478389,
       44.73622188531215
      ],
      [
       4.769720503607061,
       44.729380934920414
      ],
      [
       4.7709102341099765,
       44.72253998452862
      ],
      [
       4.774181992992965,
       44.71421187100822
      ],
      [
       4.77745375187601,
       44.707668353242184
      ],
      [
       4.778643482378925,
       44.70320686385628
      ],
      [
       4.780725510758998,
       44.69101212620137
      ],
      [
       4.781320376010456,
       44.68774036731838
      ],
      [
       4.781320376010456,
       44.68446860843534
      ],
      [
       4.780428078133298,
       44.677627658043605
      ],
      [
       4.780428078133298,
       44.6734636012834
      ],
      [
       4.780428078133298,
       44.66870467927174
      ],
      [
       4.781320376010456,
       44.66186372887995
      ],
      [
       4.781320376010456,
       44.657997104745505
      ],
      [
       4.781320376010456,
       44.65264331748239
      ],
      [
       4.77745375187601,
       44.643422906084766
      ],
      [
       4.773587127741507,
       44.63955628195032
      ],
      [
       4.768530773104146,
       44.6342024946872
      ],
      [
       4.765556446846858,
       44.6303358705527
      ],
      [
       4.7596077943322825,
       44.623494920160965
      ],
      [
       4.756930900700695,
       44.62022316127792
      ],
      [
       4.755146304946322,
       44.61754626764639
      ],
      [
       4.753064276566249,
       44.61278734563473
      ],
      [
       4.750089950308961,
       44.60921815412598
      ],
      [
       4.746520758800216,
       44.606243827868695
      ],
      [
       4.742356702040013,
       44.604161799488566
      ],
      [
       4.737597780028352,
       44.59851057959975
      ],
      [
       4.7337311558938495,
       44.593751657588086
      ],
      [
       4.727782503379274,
       44.59047989870504
      ],
      [
       4.723023581367613,
       44.586910707196296
      ],
      [
       4.719156957233167,
       44.58393638093901
      ],
      [
       4.714695467847207,
       44.58155691993318
      ],
      [
       4.710828843712761,
       44.58006975680456
      ],
      [
       4.707259652204016,
       44.57769029579873
      ],
      [
       4.703987893320971,
       44.57441853691569
      ],
      [
       4.700716134437982,
       44.57055191278124
      ],
      [
       4.699823836560768,
       44.56668528864674
      ],
      [
       4.698039240806395,
       44.56341352976375
      ],
      [
       4.696254645052022,
       44.55924947300355
      ],
      [
       4.695957212426322,
       44.55657257937196
      ],
      [
       4.694172616671949,
       44.55478798361759
      ],
      [
       4.692388020917576,
       44.5515162247346
      ],
      [
       4.6914957230403616,
       44.54556757222002
      ],
      [
       4.691793155666119,
       44.54140351545982
      ],
      [
       4.694172616671949,
       44.53932148707969
      ],
      [
       4.695064914549107,
       44.5360497281967
      ],
      [
       4.696552077677779,
       44.53158823881074
      ],
      [
       4.6977418081806945,
       44.52831647992775
      ],
      [
       4.698039240806395,
       44.52593701892192
      ],
      [
       4.697146942929237,
       44.51969093378159
      ],
      [
       4.694172616671949,
       44.516121742272844
      ],
      [
       4.692685453543277,
       44.5125525507641
      ],
      [
       4.691793155666119,
       44.508388494003896
      ],
      [
       4.690008559911746,
       44.50511673512091
      ],
      [
       4.687629098905916,
       44.49976294785779
      ],
      [
       4.686439368403001,
       44.4970860542262
      ],
      [
       4.686736801028701,
       44.492921997466
      ],
      [
       4.6894136946602885,
       44.48816307545434
      ],
      [
       4.692388020917576,
       44.48518874919705
      ],
      [
       4.695064914549107,
       44.48221442293976
      ],
      [
       4.696552077677779,
       44.479240096682474
      ],
      [
       4.697146942929237,
       44.47567090517373
      ],
      [
       4.697146942929237,
       44.47269657891644
      ],
      [
       4.694767481923407,
       44.46972225265915
      ],
      [
       4.693280318794734,
       44.46526076327325
      ],
      [
       4.692090588291819,
       44.46109670651305
      ],
      [
       4.692388020917576,
       44.45604035187563
      ],
      [
       4.692982886169034,
       44.45068656461251
      ],
      [
       4.692982886169034,
       44.444440479472235
      ],
      [
       4.689116262034531,
       44.43938412483482
      ],
      [
       4.684952205274328,
       44.43075857868871
      ],
      [
       4.681383013765583,
       44.42837911768288
      ],
      [
       4.676921524379679,
       44.42599965667705
      ],
      [
       4.673054900245177,
       44.422430465168304
      ],
      [
       4.670675439239346,
       44.417671543156644
      ],
      [
       4.666213949853443,
       44.412317755893525
      ],
      [
       4.661752460467483,
       44.40458450762458
      ],
      [
       4.659075566835952,
       44.39804098985854
      ],
      [
       4.655208942701449,
       44.39149747209251
      ],
      [
       4.653721779572834,
       44.388225713209465
      ],
      [
       4.651639751192704,
       44.383466791197804
      ],
      [
       4.649855155438331,
       44.378707869186144
      ],
      [
       4.648665424935416,
       44.373354081923026
      ],
      [
       4.647475694432501,
       44.36472853577692
      ],
      [
       4.647475694432501,
       44.358185018010886
      ],
      [
       4.646880829181043,
       44.353426095999225
      ],
      [
       4.646121384543349,
       44.34909944273688
      ],
      [
       4.647311115046264,
       44.34553025122813
      ],
      [
       4.648962857561173,
       44.34063649309286
      ],
      [
       4.648070559683958,
       44.3355801384555
      ],
      [
       4.648070559683958,
       44.331416081695295
      ],
      [
       4.647773127058258,
       44.324277698677804
      ],
      [
       4.648962857561173,
       44.32070850716906
      ],
      [
       4.648367992309716,
       44.31535471990594
      ],
      [
       4.650450020689789,
       44.31089323051998
      ],
      [
       4.650450020689789,
       44.30643174113408
      ],
      [
       4.652532049069919,
       44.30434971275395
      ],
      [
       4.653126914321376,
       44.299293358116586
      ],
      [
       4.653424346947077,
       44.29542673398208
      ],
      [
       4.654316644824291,
       44.292154975099095
      ],
      [
       4.653424346947077,
       44.28858578359035
      ],
      [
       4.6522346164441615,
       44.28382686157869
      ],
      [
       4.6522346164441615,
       44.27817564168981
      ],
      [
       4.6522346164441615,
       44.27311928705245
      ],
      [
       4.654614077449992,
       44.26925266291795
      ],
      [
       4.654316644824291,
       44.26449374090629
      ],
      [
       4.6563986732043645,
       44.255570762134425
      ],
      [
       4.657885836333037,
       44.24932467699415
      ],
      [
       4.661455027841782,
       44.24456575498249
      ],
      [
       4.666511382479143,
       44.23950940034507
      ],
      [
       4.670378006613646,
       44.23712993933924
      ],
      [
       4.675731793876764,
       44.23237101732758
      ],
      [
       4.67721895700538,
       44.22909925844459
      ],
      [
       4.676921524379679,
       44.22523263431009
      ],
      [
       4.675136928625307,
       44.22166344280134
      ],
      [
       4.674839495999549,
       44.218391683918355
      ],
      [
       4.675136928625307,
       44.213930194532395
      ],
      [
       4.676921524379679,
       44.21065843564941
      ],
      [
       4.68168044639134,
       44.21036100302365
      ],
      [
       4.686736801028701,
       44.211253300900864
      ],
      [
       4.695659779800565,
       44.21333532928111
      ],
      [
       4.701013567063683,
       44.213632761906695
      ],
      [
       4.704582758572428,
       44.213632761906695
      ],
      [
       4.707259652204016,
       44.21333532928111
      ],
      [
       4.709341680584089,
       44.211253300900864
      ],
      [
       4.709639113209846,
       44.20827897464358
      ],
      [
       4.708746815332631,
       44.20470978313483
      ],
      [
       4.706069921701101,
       44.20143802425196
      ],
      [
       4.704285325946728,
       44.19757140011734
      ],
      [
       4.70590534231485,
       44.1941370447322
      ],
      [
       4.7090442479583885,
       44.19102788235131
      ],
      [
       4.710828843712761,
       44.18805355609402
      ],
      [
       4.717207782092544,
       44.17807568294285
      ],
      [
       4.717802647344001,
       44.17510135668556
      ],
      [
       4.717505214718301,
       44.171829597802514
      ],
      [
       4.716018051589629,
       44.16677324316515
      ],
      [
       4.716315484215386,
       44.16290661903065
      ],
      [
       4.7181000799697586,
       44.15785026439329
      ],
      [
       4.720776973601289,
       44.151306746627256
      ],
      [
       4.721966704104204,
       44.14714268986705
      ],
      [
       4.721074406227046,
       44.14387093098401
      ],
      [
       4.717505214718301,
       44.14030173947526
      ],
      [
       4.7139360232095555,
       44.13613768271506
      ],
      [
       4.712151427455183,
       44.13346078908353
      ],
      [
       4.712151427455183,
       44.12780956919465
      ],
      [
       4.71274629270664,
       44.12364551243445
      ],
      [
       4.712151427455183,
       44.12067118617716
      ],
      [
       4.710069399075053,
       44.11710199466842
      ],
      [
       4.707095072817765,
       44.114425101036886
      ],
      [
       4.705607909689149,
       44.1117482074053
      ],
      [
       4.706202774940607,
       44.107286718019395
      ],
      [
       4.710961696952268,
       44.10133806550482
      ],
      [
       4.7148283210867135,
       44.097768873996074
      ],
      [
       4.7181000799697586,
       44.09390224986157
      ],
      [
       4.719884675724131,
       44.09092792360428
      ],
      [
       4.719289810472674,
       44.087953597346996
      ],
      [
       4.720776973601289,
       44.08378954058679
      ],
      [
       4.723453867232877,
       44.08111264695526
      ],
      [
       4.727023058741622,
       44.07873318594943
      ],
      [
       4.732674278630441,
       44.07992291645235
      ],
      [
       4.737433200642101,
       44.08200494483242
      ],
      [
       4.741002392150847,
       44.08497927108971
      ],
      [
       4.74516644891105,
       44.08676386684408
      ],
      [
       4.750520236174168,
       44.08706129946984
      ],
      [
       4.754386860308671,
       44.08735873209554
      ],
      [
       4.756468888688744,
       44.08616900159262
      ],
      [
       4.758253484443117,
       44.085276703715465
      ],
      [
       4.760930378074704,
       44.08259981008388
      ],
      [
       4.760930378074704,
       44.07873318594943
      ],
      [
       4.762714973829077,
       44.075758859692144
      ],
      [
       4.76687903058928,
       44.073081966060556
      ],
      [
       4.772530250478098,
       44.07099993768048
      ],
      [
       4.781750661875719,
       44.06951277455181
      ],
      [
       4.786212151261623,
       44.06772817879744
      ],
      [
       4.788591612267453,
       44.06475385254015
      ],
      [
       4.787996747015995,
       44.058507767399874
      ],
      [
       4.789186477518911,
       44.05434371063967
      ],
      [
       4.790673640647583,
       44.05047708650517
      ],
      [
       4.7963248605364015,
       44.04809762549934
      ],
      [
       4.800191484670904,
       44.04571816449351
      ],
      [
       4.805545271934022,
       44.04244640561052
      ],
      [
       4.809709328694225,
       44.039174646727474
      ],
      [
       4.815063115957344,
       44.034415724715814
      ],
      [
       4.8180374422146315,
       44.03173883108428
      ],
      [
       4.818929740091789,
       44.02757477432408
      ],
      [
       4.818929740091789,
       44.02281585231242
      ],
      [
       4.819227172717547,
       44.019246660803674
      ],
      [
       4.821606633723377,
       44.0174620650493
      ],
      [
       4.8272578536121955,
       44.016569767172086
      ],
      [
       4.832016775623856,
       44.01597490192063
      ],
      [
       4.836180832384059,
       44.01538003666917
      ],
      [
       4.840642321770019,
       44.014190306166256
      ],
      [
       4.8427243501500925,
       44.011810845160426
      ],
      [
       4.84331921540155,
       44.00615962527161
      ],
      [
       4.84331921540155,
       44.00169813588565
      ],
      [
       4.8448063785302224,
       43.9981289443769
      ],
      [
       4.84569867640738,
       43.99337002236524
      ],
      [
       4.844508945904465,
       43.989503398230795
      ],
      [
       4.84093975439572,
       43.987421369850665
      ],
      [
       4.834396236629686,
       43.98652907197351
      ],
      [
       4.830827045120941,
       43.98890853297934
      ],
      [
       4.824283527354908,
       43.99009826348225
      ],
      [
       4.817442576963174,
       43.99009826348225
      ],
      [
       4.812386222325756,
       43.98682650459921
      ],
      [
       4.810601626571383,
       43.98385217834192
      ],
      [
       4.811493924448598,
       43.9782009584531
      ],
      [
       4.812088789700056,
       43.97106257543561
      ],
      [
       4.811493924448598,
       43.96660108604965
      ],
      [
       4.809709328694225,
       43.962734461915204
      ],
      [
       4.807032435062638,
       43.960355000909374
      ],
      [
       4.8025709456767345,
       43.96005756828362
      ],
      [
       4.798704321542232,
       43.957380674652086
      ],
      [
       4.795432562659244,
       43.955001213646256
      ],
      [
       4.790673640647583,
       43.95113458951175
      ],
      [
       4.785319853384465,
       43.94637566750009
      ],
      [
       4.782642959752877,
       43.94191417811419
      ],
      [
       4.7716379526009405,
       43.937750121353986
      ],
      [
       4.7612278107004045,
       43.9350732277224
      ],
      [
       4.753494562431456,
       43.932991199342325
      ],
      [
       4.74754590991688,
       43.93150403621365
      ],
      [
       4.74278698790522,
       43.92674511420199
      ],
      [
       4.7386229311450165,
       43.92228362481609
      ],
      [
       4.7335665765076556,
       43.91722727017867
      ],
      [
       4.7294025197474525,
       43.91246834816701
      ],
      [
       4.723751299858577,
       43.90800685878111
      ],
      [
       4.718397512595459,
       43.90443766727236
      ],
      [
       4.711853994829426,
       43.90235563889223
      ],
      [
       4.703823313934777,
       43.89908388000924
      ],
      [
       4.6984695266716585,
       43.8958121211262
      ],
      [
       4.694900335162913,
       43.89313522749467
      ],
      [
       4.691926008905625,
       43.889268603360165
      ],
      [
       4.689249115274038,
       43.88569941185142
      ],
      [
       4.685977356391049,
       43.88331995084559
      ],
      [
       4.6788389733735585,
       43.881832787716974
      ],
      [
       4.6725928882332255,
       43.881237922465516
      ],
      [
       4.66664423571865,
       43.879155894085386
      ],
      [
       4.660398150578374,
       43.87766873095677
      ],
      [
       4.655044363315255,
       43.87528926995094
      ],
      [
       4.65177260443221,
       43.871720078442195
      ],
      [
       4.647311115046307,
       43.87053034793928
      ],
      [
       4.643147058286104,
       43.87053034793928
      ],
      [
       4.636900973145771,
       43.86993548268782
      ],
      [
       4.62976259012828,
       43.86844831955915
      ],
      [
       4.625598533368077,
       43.86606885855332
      ],
      [
       4.622921639736546,
       43.86368939754749
      ],
      [
       4.621731909233631,
       43.85893047553583
      ],
      [
       4.623516504988004,
       43.85119722726688
      ],
      [
       4.6253011007423765,
       43.844356276875146
      ],
      [
       4.627085696496749,
       43.83781275910911
      ],
      [
       4.628572859625365,
       43.83186410659454
      ],
      [
       4.6303574553797375,
       43.82859234771149
      ],
      [
       4.634818944765698,
       43.82651031933142
      ],
      [
       4.638388136274443,
       43.82353599307413
      ],
      [
       4.641957327783189,
       43.82175139731976
      ],
      [
       4.644931654040477,
       43.819966801565386
      ],
      [
       4.6479059802977645,
       43.81669504268234
      ],
      [
       4.650285441303595,
       43.81401814905081
      ],
      [
       4.652813618622304,
       43.80955665966485
      ],
      [
       4.652813618622304,
       43.803608007150274
      ],
      [
       4.6525161859965465,
       43.79706448938424
      ],
      [
       4.6516238881193885,
       43.793197865249795
      ],
      [
       4.651326455493631,
       43.78962867374105
      ],
      [
       4.649244427113558,
       43.78516718435509
      ],
      [
       4.64627010085627,
       43.780705694969186
      ],
      [
       4.642700909347525,
       43.778326233963355
      ],
      [
       4.637644554710107,
       43.77475704245461
      ],
      [
       4.634967661078576,
       43.77178271619732
      ],
      [
       4.631695902195531,
       43.76791609206282
      ],
      [
       4.628721575938243,
       43.76404946792837
      ],
      [
       4.62663954755817,
       43.75929054591671
      ],
      [
       4.625152384429498,
       43.75244959552492
      ],
      [
       4.623070356049425,
       43.74739324088756
      ],
      [
       4.618906299289222,
       43.73728053161278
      ],
      [
       4.6165268382833915,
       43.73014214859529
      ],
      [
       4.614742242529019,
       43.7230037655778
      ],
      [
       4.614742242529019,
       43.71675768043747
      ],
      [
       4.616824270909092,
       43.71110646054865
      ],
      [
       4.617121703534849,
       43.704860375408316
      ]
     ],
     [
      [
       8.452015725496324,
       46.528709518687435
      ],
      [
       8.44785166873612,
       46.52573519243015
      ],
      [
       8.443687611975918,
       46.51740707890974
      ],
      [
       8.43595436370697,
       46.51443275265245
      ],
      [
       8.42655549273394,
       46.51026869589225
      ],
      [
       8.419417109716449,
       46.51562248315537
      ],
      [
       8.411088996196042,
       46.51859680941266
      ],
      [
       8.400262448619515,
       46.52573519243015
      ],
      [
       8.389554874093278,
       46.52989924919035
      ],
      [
       8.383011356327245,
       46.53287357544764
      ],
      [
       8.374683242806839,
       46.53287357544764
      ],
      [
       8.3598116115204,
       46.53525303645347
      ],
      [
       8.352673228502908,
       46.53465817120201
      ],
      [
       8.34731944123979,
       46.53227871019618
      ],
      [
       8.32768888794169,
       46.51740707890974
      ],
      [
       8.318765909169827,
       46.511458426395166
      ],
      [
       8.308653199895048,
       46.506699504383505
      ],
      [
       8.291996972854236,
       46.496586795108726
      ],
      [
       8.276530476316339,
       46.48647408583395
      ],
      [
       8.260469114526984,
       46.48183413687275
      ],
      [
       8.245240564089613,
       46.4699368318436
      ],
      [
       8.23191558245702,
       46.460418987820276
      ],
      [
       8.213831678812596,
       46.449949359394566
      ],
      [
       8.196223667369566,
       46.438052054365414
      ],
      [
       8.179567440328753,
       46.42758242593965
      ],
      [
       8.16148353668433,
       46.41758868971533
      ],
      [
       8.145779094045963,
       46.406167276887174
      ],
      [
       8.118712725104615,
       46.388916184594905
      ],
      [
       8.10265136331526,
       46.3805880710745
      ],
      [
       8.083615675268618,
       46.37523428381138
      ],
      [
       8.070528639736551,
       46.37107022705118
      ],
      [
       8.05625187370157,
       46.36333697878223
      ],
      [
       8.039595646660757,
       46.35381913475891
      ],
      [
       8.028293206883063,
       46.34430129073559
      ],
      [
       8.015206171350997,
       46.334783446712265
      ],
      [
       7.986652639281033,
       46.3216964111802
      ],
      [
       7.958693972462527,
       46.31336829765979
      ],
      [
       7.940848014918799,
       46.30741964514522
      ],
      [
       7.924191787877987,
       46.30385045363647
      ],
      [
       7.911699617597378,
       46.302660723133556
      ],
      [
       7.878387163515754,
       46.302660723133556
      ],
      [
       7.8605412059720265,
       46.30444531888793
      ],
      [
       7.831392808650605,
       46.30741964514522
      ],
      [
       7.812357120603963,
       46.30920424089959
      ],
      [
       7.799270085071896,
       46.30920424089959
      ],
      [
       7.789752241048575,
       46.30682477989376
      ],
      [
       7.77577290763935,
       46.3062299146423
      ],
      [
       7.755547489089793,
       46.30860937564813
      ],
      [
       7.740080992551896,
       46.308014510396674
      ],
      [
       7.721640169756711,
       46.30979910615105
      ],
      [
       7.706768538470271,
       46.30979910615105
      ],
      [
       7.691896907183832,
       46.30741964514522
      ],
      [
       7.682973928411968,
       46.3062299146423
      ],
      [
       7.666317701371156,
       46.30920424089959
      ],
      [
       7.643712821815768,
       46.310393971402505
      ],
      [
       7.628841190529329,
       46.31217856715688
      ],
      [
       7.617538750751635,
       46.31396316291125
      ],
      [
       7.607426041476856,
       46.31396316291125
      ],
      [
       7.594339005944789,
       46.30979910615105
      ],
      [
       7.58184683566418,
       46.305040184139386
      ],
      [
       7.568164934880656,
       46.30087612737918
      ],
      [
       7.555077899348589,
       46.29849666637335
      ],
      [
       7.545560055325268,
       46.293142879110235
      ],
      [
       7.5461549205767255,
       46.28897882235003
      ],
      [
       7.544370324822353,
       46.285409630841286
      ],
      [
       7.536042211301947,
       46.28184043933254
      ],
      [
       7.52057571476405,
       46.27886611307525
      ],
      [
       7.504514352974695,
       46.27529692156651
      ],
      [
       7.494996508951374,
       46.27410719106359
      ],
      [
       7.485478664928053,
       46.27053799955485
      ],
      [
       7.478935147162019,
       46.2628047512859
      ],
      [
       7.474176225150359,
       46.25983042502861
      ],
      [
       7.467037842132868,
       46.256261233519865
      ],
      [
       7.458709728612462,
       46.256261233519865
      ],
      [
       7.449786749840598,
       46.25685609877132
      ],
      [
       7.443243232074565,
       46.25507150301695
      ],
      [
       7.434617685928401,
       46.251502311508204
      ],
      [
       7.424504976653623,
       46.246148524245086
      ],
      [
       7.417366593636132,
       46.24257933273634
      ],
      [
       7.401900097098235,
       46.243769063239256
      ],
      [
       7.391192522571998,
       46.24436392849071
      ],
      [
       7.380484948045762,
       46.24079473698197
      ],
      [
       7.372751699776813,
       46.23722554547322
      ],
      [
       7.366803047262238,
       46.23365635396448
      ],
      [
       7.367397912513695,
       46.23603581497031
      ],
      [
       7.360259529496204,
       46.22889743195282
      ],
      [
       7.349551954969968,
       46.224138509941156
      ],
      [
       7.344793032958307,
       46.22116418368387
      ],
      [
       7.333490593180613,
       46.22116418368387
      ],
      [
       7.325757344911665,
       46.21878472267804
      ],
      [
       7.313860039882513,
       46.21759499217512
      ],
      [
       7.30731652211648,
       46.214620665917835
      ],
      [
       7.298393543344616,
       46.209861743906174
      ],
      [
       7.283521912058177,
       46.20867201340326
      ],
      [
       7.272219472280483,
       46.204507956643056
      ],
      [
       7.259727301999874,
       46.19677470837411
      ],
      [
       7.2418813444561465,
       46.190231190608074
      ],
      [
       7.219871330152216,
       46.18547226859641
      ],
      [
       7.204404833614319,
       46.184877403344956
      ],
      [
       7.197861315848286,
       46.18130821183621
      ],
      [
       7.19191266333371,
       46.17476469407018
      ],
      [
       7.186558876070592,
       46.1688160415556
      ],
      [
       7.178825627801643,
       46.165246850046856
      ],
      [
       7.1758513015443555,
       46.1646519847954
      ],
      [
       7.16282375253752,
       46.162867389041025
      ],
      [
       7.150331582256911,
       46.158108467029365
      ],
      [
       7.1408137382335894,
       46.15156494926333
      ],
      [
       7.130701028958811,
       46.14740089250313
      ],
      [
       7.118803723929659,
       46.143236835742925
      ],
      [
       7.107501284151965,
       46.13907277898272
      ],
      [
       7.099173170631559,
       46.13490872222252
      ],
      [
       7.080732347836374,
       46.131339530713774
      ],
      [
       7.072404234315968,
       46.128960069707944
      ],
      [
       7.065265851298477,
       46.12658060870211
      ],
      [
       7.058127468280986,
       46.13014980021086
      ],
      [
       7.052773681017868,
       46.13788304847981
      ],
      [
       7.042660971743089,
       46.140857374737095
      ],
      [
       7.036117453977056,
       46.145616296748756
      ],
      [
       7.03254826246831,
       46.15275467976625
      ],
      [
       7.030763666713938,
       46.15929819753228
      ],
      [
       7.028979070959565,
       46.16405711954394
      ],
      [
       7.028979070959565,
       46.170005772058516
      ],
      [
       7.0254098794508195,
       46.17476469407018
      ],
      [
       7.024815014199362,
       46.18130821183621
      ],
      [
       7.027194475205192,
       46.184877403344956
      ],
      [
       7.030763666713938,
       46.18666199909933
      ],
      [
       7.03254826246831,
       46.19082605585953
      ],
      [
       7.02778934045665,
       46.197369573625565
      ],
      [
       7.018271496433329,
       46.20272336088868
      ],
      [
       7.00815878715855,
       46.212241204912004
      ],
      [
       7.004589595649804,
       46.21759499217512
      ],
      [
       7.001020404141059,
       46.226517970946986
      ],
      [
       6.992097425369195,
       46.23782041072468
      ],
      [
       6.983709825323558,
       46.25031258100529
      ],
      [
       6.975381711803152,
       46.258640694525695
      ],
      [
       6.967053598282746,
       46.2669688080461
      ],
      [
       6.955156293253594,
       46.27529692156651
      ],
      [
       6.9480179102361035,
       46.282435304584
      ],
      [
       6.94147439247007,
       46.285409630841286
      ],
      [
       6.9283873569380034,
       46.28957368760149
      ],
      [
       6.923033569674885,
       46.29909153162481
      ],
      [
       6.911731129897191,
       46.31396316291125
      ],
      [
       6.900131257493797,
       46.330024524700605
      ],
      [
       6.892992874476306,
       46.339542368723926
      ],
      [
       6.885854491458815,
       46.3454910212385
      ],
      [
       6.88228529995007,
       46.34906021274725
      ],
      [
       6.879905838944239,
       46.354414000010365
      ],
      [
       6.8769315126869515,
       46.359172922022026
      ],
      [
       6.875741782184036,
       46.37107022705118
      ],
      [
       6.875146916932579,
       46.37701887956575
      ],
      [
       6.8697931296694605,
       46.381777801577414
      ],
      [
       6.86265474665197,
       46.391295645600735
      ],
      [
       6.859085555143224,
       46.39545970236094
      ]
     ]
    ]
   },
   "properties": {
    "name_ancient": "Rhodanus",
    "name_modern": "Rhone",
    "pid": "148168",
    "origin": "BAMap18",
    "notes": null,
    "strabo_name": "Rhodanos"
   }
  },
  {
   "type": "Feature",
   "geometry": {
    "type": "MultiLineString",
    "coordinates": [
     [
      [
       7.102441905820796,
       45.46223618642807
      ],
      [
       7.101549607943581,
       45.45807212966787
      ],
      [
       7.099170146937751,
       45.454205505533366
      ],
      [
       7.093518927048932,
       45.454800370784824
      ],
      [
       7.0917343312945595,
       45.45807212966787
      ],
      [
       7.0884625724115145,
       45.459261860170784
      ],
      [
       7.0834062177741535,
       45.45896442754503
      ],
      [
       7.07924216101395,
       45.45836956229357
      ],
      [
       7.074185806376533,
       45.45599010128774
      ],
      [
       7.070259645874274,
       45.455165055142295
      ],
      [
       7.064073097101754,
       45.45509780341058
      ],
      [
       7.0608013382187655,
       45.454205505533366
      ],
      [
       7.05485268570419,
       45.45450293815912
      ],
      [
       7.049498898441072,
       45.45539523603628
      ],
      [
       7.043847678552196,
       45.456287533913496
      ],
      [
       7.038493891289078,
       45.45599010128774
      ],
      [
       7.034329834528875,
       45.45509780341058
      ],
      [
       7.031950373523045,
       45.453908072907666
      ],
      [
       7.028678614640056,
       45.45331320765621
      ],
      [
       7.017257201812071,
       45.451528611901836
      ],
      [
       7.012795712426111,
       45.451528611901836
      ],
      [
       7.006668600336126,
       45.45051734097433
      ],
      [
       7.001612245698708,
       45.449327610471414
      ],
      [
       6.997150756312805,
       45.449327610471414
      ],
      [
       6.99387899742976,
       45.4478404473428
      ],
      [
       6.989381766286104,
       45.447312833823055
      ],
      [
       6.985134478233362,
       45.44754301471704
      ],
      [
       6.980316069696527,
       45.44825685301879
      ],
      [
       6.972880254053336,
       45.45093374665038
      ],
      [
       6.969013629918832,
       45.454205505533366
      ],
      [
       6.9642547079071715,
       45.4604515906737
      ],
      [
       6.961220895124767,
       45.465686404886526
      ],
      [
       6.9531902142300614,
       45.47282478790402
      ],
      [
       6.94759848086636,
       45.47246786875314
      ],
      [
       6.9428395588547,
       45.4772267907648
      ],
      [
       6.940840761767166,
       45.48050631485439
      ],
      [
       6.937188338965881,
       45.48400825463142
      ],
      [
       6.933916580082836,
       45.487577446140165
      ],
      [
       6.932988540447926,
       45.493712323436746
      ],
      [
       6.924934114785855,
       45.50066448167223
      ],
      [
       6.918152650919239,
       45.50786235121484
      ],
      [
       6.915654216863117,
       45.514524842031165
      ],
      [
       6.913869621108744,
       45.51839146616567
      ],
      [
       6.909943510449124,
       45.526005741384324
      ],
      [
       6.9114306735777395,
       45.53016979814453
      ],
      [
       6.912025538829197,
       45.5322518265246
      ],
      [
       6.910538375700582,
       45.53760561378772
      ],
      [
       6.908753779946209,
       45.54295940105084
      ],
      [
       6.901615396928718,
       45.5518823798227
      ],
      [
       6.8980462054199725,
       45.557831032337276
      ],
      [
       6.893287283408312,
       45.56110279122032
      ],
      [
       6.891205255028182,
       45.565266847980524
      ],
      [
       6.887933496145194,
       45.56853860686351
      ],
      [
       6.884661737262149,
       45.572405230998015
      ],
      [
       6.883174574133533,
       45.575082124629546
      ],
      [
       6.881092545753403,
       45.582815372898494
      ],
      [
       6.880795113127703,
       45.58549226653008
      ],
      [
       6.87930794999903,
       45.58906145803883
      ],
      [
       6.8784156521218724,
       45.59322551479903
      ],
      [
       6.877523354244658,
       45.59619984105632
      ],
      [
       6.868302942847094,
       45.59947159993931
      ],
      [
       6.86175942508106,
       45.602148493570894
      ],
      [
       6.857892800946558,
       45.604825387202425
      ],
      [
       6.853728744186355,
       45.60601511770534
      ],
      [
       6.844805765414491,
       45.60839457871117
      ],
      [
       6.839154545525672,
       45.6104766070913
      ],
      [
       6.831123864630967,
       45.610774039717
      ],
      [
       6.823688048987775,
       45.61255863547137
      ],
      [
       6.817441963847442,
       45.61374836597429
      ],
      [
       6.811790743958624,
       45.61523552910296
      ],
      [
       6.806139524069748,
       45.61702012485733
      ],
      [
       6.80078573680663,
       45.618804720611706
      ],
      [
       6.7948370842920545,
       45.61910215323741
      ],
      [
       6.788888431777479,
       45.619399585863164
      ],
      [
       6.783832077140118,
       45.61910215323741
      ],
      [
       6.777585991999785,
       45.617317557483034
      ],
      [
       6.773124502613881,
       45.6146406638515
      ],
      [
       6.771042474233751,
       45.61285606809713
      ],
      [
       6.770447608982294,
       45.610774039717
      ],
      [
       6.770150176356593,
       45.60750228083401
      ],
      [
       6.769257878479379,
       45.60423052195097
      ],
      [
       6.766283552222091,
       45.60155362831944
      ],
      [
       6.761822062836187,
       45.600066465190764
      ],
      [
       6.757063140824527,
       45.599174167313606
      ],
      [
       6.7526016514385665,
       45.59798443681069
      ],
      [
       6.751114488309951,
       45.59590240843056
      ],
      [
       6.750222190432736,
       45.59352294742473
      ],
      [
       6.749627325181279,
       45.59025118854174
      ],
      [
       6.746950431549748,
       45.587276862284455
      ],
      [
       6.7433812400410025,
       45.58578969915578
      ],
      [
       6.738919750655042,
       45.580138479266964
      ],
      [
       6.730829583235219,
       45.57645031470793
      ],
      [
       6.7281526896036885,
       45.5743682863278
      ],
      [
       6.721609171837655,
       45.57079909481905
      ],
      [
       6.71595795194878,
       45.56871706643898
      ],
      [
       6.710306732059961,
       45.56663503805885
      ],
      [
       6.704655512171086,
       45.56604017280739
      ],
      [
       6.69840942703081,
       45.5630658465501
      ],
      [
       6.6909736113875615,
       45.56336327917586
      ],
      [
       6.678184008481252,
       45.562173548672945
      ],
      [
       6.669558462335089,
       45.56169765647178
      ],
      [
       6.665394405574886,
       45.55931819546595
      ],
      [
       6.658850887808852,
       45.558425897588734
      ],
      [
       6.655281696300107,
       45.557533599711576
      ],
      [
       6.654091965797192,
       45.555154138705745
      ],
      [
       6.648738178534074,
       45.552774677699915
      ],
      [
       6.64189722814234,
       45.551584947197
      ],
      [
       6.633569114621934,
       45.550395216694085
      ],
      [
       6.627917894733058,
       45.54861062093971
      ],
      [
       6.62256410746994,
       45.548313188313955
      ],
      [
       6.618102618084037,
       45.548015755688255
      ],
      [
       6.611559100318003,
       45.54504142943097
      ],
      [
       6.606205313054885,
       45.541174805296464
      ],
      [
       6.60263612154614,
       45.53909277691639
      ],
      [
       6.600851525791767,
       45.5361184506591
      ],
      [
       6.597877199534479,
       45.53373898965327
      ],
      [
       6.592166493120486,
       45.531597474748025
      ],
      [
       6.585920407980153,
       45.52802828323928
      ],
      [
       6.5787820249626625,
       45.524459091730535
      ],
      [
       6.573428237699544,
       45.519997602344574
      ],
      [
       6.569859046190799,
       45.511966921449925
      ],
      [
       6.568371883062183,
       45.50810029731542
      ],
      [
       6.5674795851849685,
       45.50453110580668
      ],
      [
       6.565100124179138,
       45.49887988591786
      ],
      [
       6.562720663173308,
       45.49679785753773
      ],
      [
       6.556177145407275,
       45.495013261783356
      ],
      [
       6.552607953898529,
       45.4941209639062
      ],
      [
       6.548146464512626,
       45.49084920502315
      ],
      [
       6.546361868758253,
       45.487874878765865
      ],
      [
       6.54011578361792,
       45.48400825463142
      ],
      [
       6.535951726857717,
       45.483115956754204
      ],
      [
       6.528813343840226,
       45.48579285038579
      ],
      [
       6.525244152331481,
       45.48668514826295
      ],
      [
       6.52256725869995,
       45.48668514826295
      ],
      [
       6.517510904062532,
       45.49322866602898
      ],
      [
       6.508290492664968,
       45.50096191429793
      ],
      [
       6.504423868530465,
       45.504828538432434
      ],
      [
       6.502044407524635,
       45.50899259519264
      ],
      [
       6.499367513893104,
       45.51077719094701
      ],
      [
       6.493121428752771,
       45.512264354075626
      ],
      [
       6.486577910986738,
       45.51404894983
      ],
      [
       6.480629258472162,
       45.52178219809895
      ],
      [
       6.477654932214874,
       45.526838552736365
      ],
      [
       6.4725985775775134,
       45.531597474748025
      ],
      [
       6.470219116571683,
       45.534274368379556
      ],
      [
       6.469029386068768,
       45.53843842513976
      ],
      [
       6.467542222940096,
       45.54379221240288
      ],
      [
       6.467244790314395,
       45.54974086491745
      ],
      [
       6.468137088191553,
       45.55539208480633
      ],
      [
       6.466947357688638,
       45.55806897843786
      ],
      [
       6.4663524924371805,
       45.561340737320904
      ],
      [
       6.466649925062938,
       45.566099659332565
      ],
      [
       6.4663524924371805,
       45.57026371609277
      ],
      [
       6.464270464057107,
       45.57442777285297
      ],
      [
       6.460998705174062,
       45.57978156011609
      ],
      [
       6.454217241307446,
       45.582815372898494
      ],
      [
       6.450945482424458,
       45.586681997033
      ],
      [
       6.447078858289955,
       45.59352294742473
      ],
      [
       6.4455916951613395,
       45.59857930206215
      ],
      [
       6.442914801529752,
       45.60601511770534
      ],
      [
       6.442914801529752,
       45.60988174183984
      ],
      [
       6.444401964658424,
       45.61285606809713
      ],
      [
       6.446781425664255,
       45.61553296172866
      ],
      [
       6.447078858289955,
       45.617317557483034
      ],
      [
       6.442319936278294,
       45.62148161424324
      ],
      [
       6.439048177395306,
       45.62475337312628
      ],
      [
       6.436668716389476,
       45.62743026675781
      ],
      [
       6.436073851138018,
       45.62980972776364
      ],
      [
       6.436371283763719,
       45.63308148664669
      ],
      [
       6.435776418512261,
       45.64111216754134
      ],
      [
       6.436073851138018,
       45.645871089553
      ],
      [
       6.435181553260803,
       45.65033257893896
      ],
      [
       6.4322072270035155,
       45.655686366202076
      ],
      [
       6.4301251986234425,
       45.65925555771082
      ],
      [
       6.423581680857409,
       45.661040153465194
      ],
      [
       6.416145865214161,
       45.6609211804149
      ],
      [
       6.4113869432025,
       45.663003208794976
      ],
      [
       6.403653694933552,
       45.66449037192365
      ],
      [
       6.396515311916061,
       45.66330064142073
      ],
      [
       6.38937692889857,
       45.6609211804149
      ],
      [
       6.381048815378164,
       45.65854171940907
      ],
      [
       6.373910432360673,
       45.65764942153186
      ],
      [
       6.3661771840917245,
       45.65616225840324
      ],
      [
       6.359633666325691,
       45.65497252790033
      ],
      [
       6.351602985431042,
       45.65378279739741
      ],
      [
       6.345059467665009,
       45.651105903765824
      ],
      [
       6.337028786770303,
       45.647834144882836
      ],
      [
       6.334054460513015,
       45.64367008812263
      ],
      [
       6.331377566881485,
       45.63801886823376
      ],
      [
       6.329890403752812,
       45.63474710935077
      ],
      [
       6.3260237796183665,
       45.62998818733911
      ],
      [
       6.319182829226576,
       45.62552669795315
      ],
      [
       6.309962417829012,
       45.62284980432162
      ],
      [
       6.302229169560063,
       45.618983180187115
      ],
      [
       6.294495921291115,
       45.614224258175454
      ],
      [
       6.287952403525082,
       45.610952499292466
      ],
      [
       6.282896048887664,
       45.60768074040942
      ],
      [
       6.279921722630376,
       45.60559871202935
      ],
      [
       6.276947396373088,
       45.60113722264339
      ],
      [
       6.272783339612885,
       45.59310654174874
      ],
      [
       6.269809013355597,
       45.58775275448562
      ],
      [
       6.267429552349767,
       45.58358869772542
      ],
      [
       6.262670630338106,
       45.58091180409383
      ],
      [
       6.258506573577903,
       45.58061437146813
      ],
      [
       6.250773325308955,
       45.579424640965215
      ],
      [
       6.240065750782718,
       45.57674774733363
      ],
      [
       6.228763311005024,
       45.57288112319918
      ],
      [
       6.222219793238991,
       45.570204229567594
      ],
      [
       6.218055736478788,
       45.56901449906468
      ],
      [
       6.21270194921567,
       45.56841963381322
      ],
      [
       6.205563566198179,
       45.56633760543315
      ],
      [
       6.196343154800615,
       45.56336327917586
      ],
      [
       6.185933012900079,
       45.56068638554427
      ],
      [
       6.1692767858592665,
       45.55563003090691
      ],
      [
       6.157379480830115,
       45.55146597414671
      ],
      [
       6.148159069432551,
       45.54789678263796
      ],
      [
       6.141615551666518,
       45.54462502375492
      ],
      [
       6.133882303397569,
       45.54105583224617
      ],
      [
       6.121092700491203,
       45.53124055559715
      ],
      [
       6.107708232333436,
       45.52439960520536
      ],
      [
       6.09967755143873,
       45.51904581794224
      ],
      [
       6.093134033672697,
       45.51488176118204
      ],
      [
       6.079154700263472,
       45.50714851291309
      ],
      [
       6.073206047748896,
       45.5038767540301
      ],
      [
       6.0681496931114784,
       45.50060499514706
      ],
      [
       6.06249847322266,
       45.498522966766984
      ],
      [
       6.053872927076497,
       45.4958460731354
      ],
      [
       6.042570487298803,
       45.48959998799512
      ],
      [
       6.030375749643951,
       45.48186673972617
      ],
      [
       6.023832231877917,
       45.47770268296597
      ],
      [
       6.019073309866257,
       45.473836058831466
      ],
      [
       6.015206685731754,
       45.468779704194105
      ],
      [
       6.012827224725924,
       45.46342591693099
      ],
      [
       6.0104477637200935,
       45.45985672542224
      ],
      [
       6.009258033217178,
       45.45747726441641
      ],
      [
       6.00598627433419,
       45.45361064028191
      ],
      [
       6.003309380702603,
       45.451528611901836
      ],
      [
       6.002417082825445,
       45.44736455514163
      ],
      [
       6.002714515451145,
       45.444687661510045
      ],
      [
       6.003309380702603,
       45.44171333525276
      ],
      [
       6.003011948076902,
       45.436656980615396
      ],
      [
       5.999442756568157,
       45.42594940608916
      ],
      [
       5.9991453239423995,
       45.417918725194454
      ],
      [
       5.997063295562326,
       45.412267505305635
      ],
      [
       5.997063295562326,
       45.40691371804252
      ],
      [
       5.990519777796293,
       45.397990739270654
      ],
      [
       5.984571125281717,
       45.38847289524733
      ],
      [
       5.980704501147215,
       45.3819293774813
      ],
      [
       5.979812203270057,
       45.378062753346796
      ],
      [
       5.979812203270057,
       45.37270896608368
      ],
      [
       5.979217338018599,
       45.36913977457493
      ],
      [
       5.976243011761311,
       45.366165448317645
      ],
      [
       5.972376387626809,
       45.363785987311815
      ],
      [
       5.96910462874382,
       45.358432200048696
      ],
      [
       5.966130302486532,
       45.35040151915405
      ],
      [
       5.963750841480702,
       45.3426682708851
      ],
      [
       5.96226367835203,
       45.338504214124896
      ],
      [
       5.958694486843284,
       45.33315042686178
      ],
      [
       5.956612458463211,
       45.32868893747582
      ],
      [
       5.953340699580166,
       45.32482231334137
      ],
      [
       5.949771508071421,
       45.322145419709784
      ],
      [
       5.942930557679687,
       45.316791632446666
      ],
      [
       5.935494742036439,
       45.31322244093792
      ],
      [
       5.932520415779151,
       45.31054554730639
      ],
      [
       5.930140954773321,
       45.307273788423345
      ],
      [
       5.926869195890332,
       45.30073027065731
      ],
      [
       5.92538203276166,
       45.29597134864565
      ],
      [
       5.920920543375757,
       45.29269958976266
      ],
      [
       5.915864188738339,
       45.289725263505375
      ],
      [
       5.913782160358266,
       45.28645350462233
      ],
      [
       5.911402699352435,
       45.28318174573934
      ],
      [
       5.910807834100978,
       45.27663822797331
      ],
      [
       5.9084283730951475,
       45.27128444071019
      ],
      [
       5.902479720580572,
       45.2686075470786
      ],
      [
       5.894151607060166,
       45.264740922944156
      ],
      [
       5.889690117674205,
       45.26176659668687
      ],
      [
       5.8858234935397595,
       45.25849483780382
      ],
      [
       5.882551734656714,
       45.252843617915005
      ],
      [
       5.8795774083994266,
       45.24659753277467
      ],
      [
       5.878685110522269,
       45.24154117813731
      ],
      [
       5.877792812645054,
       45.23856685188002
      ],
      [
       5.872439025381936,
       45.23618739087419
      ],
      [
       5.868274968621733,
       45.23499766037128
      ],
      [
       5.865003209738744,
       45.23410536249406
      ],
      [
       5.860244287727084,
       45.235592525622735
      ],
      [
       5.855485365715423,
       45.23737712137711
      ],
      [
       5.852808472083836,
       45.238269419254266
      ],
      [
       5.851023876329463,
       45.23767455400281
      ],
      [
       5.850131578452305,
       45.23499766037128
      ],
      [
       5.850131578452305,
       45.233213064616905
      ],
      [
       5.849536713200847,
       45.23172590148823
      ],
      [
       5.845670089066345,
       45.230833603611075
      ],
      [
       5.8403163018032265,
       45.23261819936545
      ],
      [
       5.836152245043023,
       45.233213064616905
      ],
      [
       5.833475351411493,
       45.23172590148823
      ],
      [
       5.831393323031363,
       45.2293464404824
      ],
      [
       5.833475351411493,
       45.22696697947657
      ],
      [
       5.836747110294481,
       45.2248849510965
      ],
      [
       5.837044542920238,
       45.22220805746491
      ],
      [
       5.834665081914408,
       45.22012602908484
      ],
      [
       5.82722926627116,
       45.213582511318805
      ],
      [
       5.820090883253669,
       45.20763385880423
      ],
      [
       5.818008854873596,
       45.20495696517264
      ],
      [
       5.812655067610478,
       45.20317236941827
      ],
      [
       5.808788443475975,
       45.203767234669726
      ],
      [
       5.801352627832784,
       45.205849263049856
      ],
      [
       5.796296273195366,
       45.2052543977984
      ],
      [
       5.79242964906092,
       45.203767234669726
      ],
      [
       5.792132216435163,
       45.201387773663896
      ],
      [
       5.79272708168662,
       45.20019804316098
      ],
      [
       5.790942485932248,
       45.198710880032365
      ],
      [
       5.788265592300717,
       45.19692628427799
      ],
      [
       5.78796815967496,
       45.19335709276925
      ],
      [
       5.791537351183705,
       45.191869929640575
      ],
      [
       5.79480911006675,
       45.19127506438912
      ],
      [
       5.796891138446823,
       45.1897879012605
      ],
      [
       5.797188571072581,
       45.18770587288037
      ],
      [
       5.794214244815293,
       45.18770587288037
      ],
      [
       5.789157890177875,
       45.18830073813183
      ],
      [
       5.783804102914757,
       45.18830073813183
      ],
      [
       5.777260585148723,
       45.18889560338329
      ],
      [
       5.774286258891435,
       45.19246479489203
      ],
      [
       5.772501663137063,
       45.19603398640078
      ],
      [
       5.770122202131232,
       45.199008312658066
      ],
      [
       5.766255577996787,
       45.19960317790952
      ],
      [
       5.763281251739499,
       45.198710880032365
      ],
      [
       5.760306925482211,
       45.196628851652235
      ],
      [
       5.757035166599166,
       45.19573655377508
      ],
      [
       5.752871109838963,
       45.19543912114932
      ],
      [
       5.748112187827302,
       45.193951958020705
      ],
      [
       5.745732726821472,
       45.19246479489203
      ],
      [
       5.743353265815641,
       45.18889560338329
      ],
      [
       5.740973804809811,
       45.18800330550613
      ],
      [
       5.737999478552523,
       45.189490468634745
      ],
      [
       5.737702045926823,
       45.19335709276925
      ],
      [
       5.737702045926823,
       45.19543912114932
      ],
      [
       5.73591745017245,
       45.19752114952945
      ],
      [
       5.731753393412247,
       45.19781858215515
      ],
      [
       5.728660094104668,
       45.194665796322454
      ],
      [
       5.72360373946725,
       45.192583767942324
      ],
      [
       5.717476627377265,
       45.19127506438912
      ],
      [
       5.712420272739847,
       45.19127506438912
      ],
      [
       5.708851081231102,
       45.19722371690369
      ],
      [
       5.703794726593741,
       45.20228007154111
      ],
      [
       5.696358910950493,
       45.2055518304241
      ],
      [
       5.690410258435917,
       45.20763385880423
      ],
      [
       5.67940525128398,
       45.21001331981006
      ],
      [
       5.671969435640732,
       45.21298764606735
      ],
      [
       5.668102811506286,
       45.215961972324635
      ],
      [
       5.664533619997541,
       45.221613192213454
      ],
      [
       5.660072130611581,
       45.23023873835962
      ],
      [
       5.65531320859992,
       45.23648482349989
      ],
      [
       5.650256853962559,
       45.24183861076301
      ],
      [
       5.643713336196526,
       45.248382128529045
      ],
      [
       5.638656981559108,
       45.25343848316646
      ],
      [
       5.630328868038702,
       45.25879227042958
      ],
      [
       5.626462243904256,
       45.26384862506694
      ],
      [
       5.622595619769753,
       45.2683101144529
      ],
      [
       5.620216158763923,
       45.27425876696748
      ],
      [
       5.617836697758093,
       45.27901768897914
      ],
      [
       5.616944399880935,
       45.28437147624226
      ],
      [
       5.615159804126562,
       45.29061756138253
      ],
      [
       5.613077775746432,
       45.29656621389711
      ],
      [
       5.608913718986229,
       45.300135405405854
      ],
      [
       5.605047094851783,
       45.30192000116023
      ],
      [
       5.5961241160799196,
       45.301622568534526
      ],
      [
       5.588390867810971,
       45.30192000116023
      ],
      [
       5.582739647922096,
       45.29894567490294
      ],
      [
       5.578575591161893,
       45.29745851177432
      ],
      [
       5.573816669150232,
       45.29805337702578
      ],
      [
       5.568462881887114,
       45.299243107528696
      ],
      [
       5.561324498869623,
       45.29805337702578
      ],
      [
       5.555970711606505,
       45.29567391601995
      ],
      [
       5.552996385349217,
       45.294781618142736
      ],
      [
       5.547642598086099,
       45.29507905076849
      ],
      [
       5.541099080320065,
       45.29388932026558
      ],
      [
       5.536637590934162,
       45.292402157136905
      ],
      [
       5.531878668922501,
       45.29032012875683
      ],
      [
       5.528309477413756,
       45.2882381003767
      ],
      [
       5.528309477413756,
       45.2840740436165
      ],
      [
       5.5259300164079255,
       45.27812539110192
      ],
      [
       5.517601902887519,
       45.2644434903184
      ],
      [
       5.511355817747186,
       45.25819740517812
      ],
      [
       5.506299463109825,
       45.25343848316646
      ],
      [
       5.5033251368525375,
       45.248382128529045
      ],
      [
       5.499458512718035,
       45.24421807176884
      ],
      [
       5.49826878221512,
       45.241243745511554
      ],
      [
       5.494402158080674,
       45.23945914975718
      ],
      [
       5.4887509381917985,
       45.23499766037128
      ],
      [
       5.487263775063183,
       45.23142846886253
      ],
      [
       5.485181746683053,
       45.225479816347956
      ],
      [
       5.4774484984141045,
       45.218638865956166
      ],
      [
       5.4691203848936984,
       45.211500482938675
      ],
      [
       5.459899973496134,
       45.205849263049856
      ],
      [
       5.450679562098514,
       45.201090341038196
      ],
      [
       5.442648881203865,
       45.199008312658066
      ],
      [
       5.434618200309159,
       45.19930574528382
      ],
      [
       5.426290086788753,
       45.19752114952945
      ],
      [
       5.421233732151392,
       45.19543912114932
      ],
      [
       5.41974656902272,
       45.19127506438912
      ],
      [
       5.418854271145562,
       45.18770587288037
      ],
      [
       5.414392781759601,
       45.18354181612017
      ],
      [
       5.407849263993568,
       45.18116235511434
      ],
      [
       5.399818583098919,
       45.179080326734265
      ],
      [
       5.393572497958586,
       45.17580856785122
      ],
      [
       5.38970587382414,
       45.171941943716774
      ],
      [
       5.383757221309565,
       45.169859915336644
      ],
      [
       5.378106001420689,
       45.167480454330814
      ],
      [
       5.372752214157571,
       45.16391126282207
      ],
      [
       5.369480455274583,
       45.16153180181624
      ],
      [
       5.36531639851438,
       45.15647544717888
      ],
      [
       5.360260043876962,
       45.15201395779292
      ],
      [
       5.359070313374047,
       45.147552468407014
      ],
      [
       5.357583150245431,
       45.14368584427251
      ],
      [
       5.355501121865301,
       45.13833205700939
      ],
      [
       5.349255036725025,
       45.13357313499773
      ],
      [
       5.342711518958992,
       45.13000394348899
      ],
      [
       5.3331936749356705,
       45.125839886728784
      ],
      [
       5.323675830912349,
       45.12405529097441
      ],
      [
       5.3186194762749315,
       45.12137839734288
      ],
      [
       5.312968256386113,
       45.120486099465666
      ],
      [
       5.30642473862008,
       45.11899893633705
      ],
      [
       5.301665816608419,
       45.11661947533122
      ],
      [
       5.2939325683394705,
       45.115727177454005
      ],
      [
       5.287389050573437,
       45.113347716448175
      ],
      [
       5.2826301285617765,
       45.11186055331956
      ],
      [
       5.275789178169986,
       45.10948109231373
      ],
      [
       5.272814851912698,
       45.107696496559356
      ],
      [
       5.27192255403554,
       45.10264014192194
      ],
      [
       5.272517419286998,
       45.09223000002146
      ],
      [
       5.272814851912698,
       45.0877685106355
      ],
      [
       5.271625121409783,
       45.083307021249595
      ],
      [
       5.268948227778252,
       45.07914296448939
      ],
      [
       5.264189305766592,
       45.07319431197482
      ],
      [
       5.258538085877716,
       45.069030255214614
      ],
      [
       5.2516971354859825,
       45.06754309208594
      ],
      [
       5.242476724088362,
       45.06724565946024
      ],
      [
       5.233851177942255,
       45.06962512046607
      ],
      [
       5.227307660176222,
       45.0723020140976
      ],
      [
       5.224630766544634,
       45.07944039711509
      ],
      [
       5.221359007661646,
       45.08271215599814
      ],
      [
       5.214815489895613,
       45.08479418437821
      ],
      [
       5.20856940475528,
       45.08419931912675
      ],
      [
       5.200538723860631,
       45.08390188650105
      ],
      [
       5.193102908217383,
       45.08419931912675
      ],
      [
       5.182692766316904,
       45.08449675175251
      ],
      [
       5.178826142182401,
       45.08300958862384
      ],
      [
       5.1743646527964975,
       45.08033269499231
      ],
      [
       5.173472354919283,
       45.07497890772919
      ],
      [
       5.1702005960362944,
       45.0720045814719
      ],
      [
       5.166928837153249,
       45.06962512046607
      ],
      [
       5.163359645644504,
       45.066353361583026
      ],
      [
       5.161277617264431,
       45.06040470906845
      ],
      [
       5.160385319387216,
       45.05624065230825
      ],
      [
       5.15651869525277,
       45.054456056553875
      ],
      [
       5.151164907989652,
       45.05386119130242
      ],
      [
       5.143729092346404,
       45.05386119130242
      ],
      [
       5.138970170334743,
       45.05296889342526
      ],
      [
       5.133913815697382,
       45.05029199979367
      ],
      [
       5.130642056814337,
       45.04612794303347
      ],
      [
       5.127667730557049,
       45.04285618415048
      ],
      [
       5.119042184410943,
       45.03839469476452
      ],
      [
       5.11279609927061,
       45.03661009901015
      ],
      [
       5.105360283627419,
       45.03661009901015
      ],
      [
       5.100898794241458,
       45.03750239688736
      ],
      [
       5.0907860849666795,
       45.03839469476452
      ],
      [
       5.079781077814743,
       45.03809726213882
      ],
      [
       5.073832425300167,
       45.04017929051889
      ],
      [
       5.065504311779761,
       45.04107158839611
      ],
      [
       5.057771063510812,
       45.04226131889902
      ],
      [
       5.052417276247694,
       45.04226131889902
      ],
      [
       5.046468623733118,
       45.041666453647565
      ],
      [
       5.0443865953529885,
       45.03779982951306
      ],
      [
       5.045576325855904,
       45.03512293588153
      ],
      [
       5.044089162727288,
       45.03066144649557
      ],
      [
       5.03903280808987,
       45.02738968761258
      ],
      [
       5.0289200988150915,
       45.02828198548974
      ],
      [
       5.021781715797601,
       45.032148609624244
      ],
      [
       5.015238198031567,
       45.03363577275286
      ],
      [
       5.008694680265534,
       45.03423063800432
      ],
      [
       5.000961431996585,
       45.03333834012716
      ],
      [
       4.996202509984925,
       45.03185117699849
      ],
      [
       4.989956424844649,
       45.034825503255774
      ],
      [
       4.981925743949943,
       45.03898956001598
      ],
      [
       4.9783565524411975,
       45.041666453647565
      ],
      [
       4.970028438920791,
       45.04345104940194
      ],
      [
       4.963187488529058,
       45.04285618415048
      ],
      [
       4.95813113389164,
       45.04226131889902
      ],
      [
       4.951290183499906,
       45.04047672314465
      ],
      [
       4.944151800482415,
       45.03809726213882
      ],
      [
       4.939392878470755,
       45.03631266638445
      ],
      [
       4.935823686962009,
       45.034825503255774
      ],
      [
       4.935823686962009,
       45.03125631174703
      ],
      [
       4.939690311096455,
       45.0288768507412
      ],
      [
       4.942781519433527,
       45.02572197393799
      ],
      [
       4.944913178161642,
       45.022579044282374
      ],
      [
       4.943673817310742,
       45.02036818667487
      ],
      [
       4.939987743722212,
       45.019953871969335
      ],
      [
       4.934336523833337,
       45.01876414146642
      ],
      [
       4.925413545061473,
       45.019656439343635
      ],
      [
       4.920059757798355,
       45.01935900671788
      ],
      [
       4.914111105283779,
       45.01697954571205
      ],
      [
       4.910244481149333,
       45.01400521945476
      ],
      [
       4.906675289640588,
       45.011923191074686
      ],
      [
       4.9010240697517125,
       45.01073346057177
      ],
      [
       4.894777984611436,
       45.009543730068856
      ],
      [
       4.887639601593945,
       45.00597453856011
      ],
      [
       4.883178112207985,
       45.00329764492852
      ],
      [
       4.879906353324997,
       45.00181048179991
      ],
      [
       4.875444863939037,
       45.00062075129699
      ],
      [
       4.870983374553133,
       44.99883615554262
      ],
      [
       4.867711615670088,
       44.99675412716249
      ],
      [
       4.864142424161343,
       44.99259007040229
      ],
      [
       4.86235782840697,
       44.9893183115193
      ],
      [
       4.860573232652597,
       44.98693885051347
      ],
      [
       4.858491204272524,
       44.98485682213334
      ]
     ]
    ]
   },
   "properties": {
    "name_ancient": "Isara",
    "name_modern": "Isere",
    "pid": "167793",
    "origin": "BAMap17",
    "notes": null,
    "strabo_name": "Isar"
   }
  },
  {
   "type": "Feature",
   "geometry": {
    "type": "MultiLineString",
    "coordinates": [
     [
      [
       4.666005659374115,
       43.58666295052755
      ],
      [
       4.664383747763097,
       43.581425835730876
      ],
      [
       4.662004286757266,
       43.57726177897067
      ],
      [
       4.659922258377165,
       43.57220542433328
      ],
      [
       4.658137662622792,
       43.56625677181871
      ],
      [
       4.658137662622792,
       43.562092715058505
      ],
      [
       4.656353066868419,
       43.55554919729247
      ],
      [
       4.6533787406111315,
       43.55049284265508
      ],
      [
       4.6492146838509285,
       43.54603135326915
      ],
      [
       4.646240357593641,
       43.5403801333803
      ],
      [
       4.6435634639620815,
       43.53353918298854
      ],
      [
       4.642671166084895,
       43.52878026097688
      ],
      [
       4.642373733459166,
       43.524913636842406
      ],
      [
       4.6450506270907255,
       43.520154714830745
      ],
      [
       4.648619818599471,
       43.515395792819085
      ],
      [
       4.652783875359674,
       43.51420606231617
      ],
      [
       4.657840229997063,
       43.51420606231617
      ],
      [
       4.664383747763097,
       43.51361119706471
      ],
      [
       4.671224698154859,
       43.513016331813255
      ],
      [
       4.675388754915062,
       43.512718899187526
      ],
      [
       4.679850244300994,
       43.51093430343315
      ],
      [
       4.681932272681095,
       43.50914970767878
      ],
      [
       4.682229705306824,
       43.50677024667295
      ],
      [
       4.679552811675265,
       43.50349848778993
      ],
      [
       4.673604159160689,
       43.500821594158374
      ],
      [
       4.6646811803888255,
       43.49457550901807
      ],
      [
       4.6507018469795725,
       43.48773455862631
      ],
      [
       4.638209676698963,
       43.4794064451059
      ],
      [
       4.628989265301371,
       43.47464752309424
      ],
      [
       4.626014939044083,
       43.47078089895977
      ],
      [
       4.6197688539037784,
       43.466319409573835
      ],
      [
       4.614712499266389,
       43.463642515942276
      ],
      [
       4.610548442506186,
       43.461263054936445
      ],
      [
       4.6084664141260845,
       43.458586161304886
      ],
      [
       4.605492087868797,
       43.453827239293226
      ],
      [
       4.6043023573658814,
       43.451745210913124
      ]
     ]
    ]
   },
   "properties": {
    "name_ancient": null,
    "name_modern": null,
    "pid": null,
    "origin": "BAMap15",
    "notes": "Rhodanus delta",
    "strabo_name": null
   }
  },
  {
   "type": "Feature",
   "geometry": {
    "type": "MultiLineString",
    "coordinates": [
     [
      [
       4.210204128275251,
       43.494278076392334
      ],
      [
       4.20336317788346,
       43.491303750135046
      ],
      [
       4.197711957994642,
       43.49070888488359
      ]
     ],
     [
      [
       4.603261343175831,
       43.66887102769516
      ],
      [
       4.598204988538413,
       43.66887102769516
      ],
      [
       4.5937434991525095,
       43.66678899931503
      ],
      [
       4.589282009766549,
       43.662922375180585
      ],
      [
       4.5866051161350185,
       43.660245481549
      ],
      [
       4.586902548760719,
       43.65637885741455
      ],
      [
       4.587794846637934,
       43.65161993540289
      ],
      [
       4.588687144515092,
       43.648050743894146
      ],
      [
       4.588389711889391,
       43.645968715514016
      ],
      [
       4.583333357251973,
       43.64537385026256
      ],
      [
       4.580061598368985,
       43.64745587864269
      ],
      [
       4.577087272111697,
       43.64715844601693
      ],
      [
       4.575005243731567,
       43.6447789850111
      ],
      [
       4.575600108983025,
       43.64210209137957
      ],
      [
       4.57649240686024,
       43.63972263037374
      ],
      [
       4.57649240686024,
       43.636450871490695
      ],
      [
       4.578574435240313,
       43.633773977859164
      ],
      [
       4.581548761497601,
       43.63288167998195
      ],
      [
       4.584523087754889,
       43.631394516853334
      ],
      [
       4.587199981386476,
       43.629312488473204
      ],
      [
       4.5874974140121765,
       43.62782532534459
      ],
      [
       4.584225655129188,
       43.6248509990873
      ],
      [
       4.5803590309946856,
       43.62187667283001
      ],
      [
       4.577384704737398,
       43.6206869423271
      ],
      [
       4.573518080602952,
       43.6209843749528
      ],
      [
       4.570841186971364,
       43.62306640333293
      ],
      [
       4.566379697585461,
       43.62544586433876
      ],
      [
       4.562513073450958,
       43.625148431713
      ],
      [
       4.558051584065055,
       43.62306640333293
      ],
      [
       4.552102931550479,
       43.62336383595863
      ],
      [
       4.548533740041734,
       43.62455356646154
      ],
      [
       4.5473440095388185,
       43.62693302746737
      ],
      [
       4.548533740041734,
       43.630799651601876
      ],
      [
       4.550318335796106,
       43.633179112607706
      ],
      [
       4.549723470544649,
       43.63496370836208
      ],
      [
       4.546451711661604,
       43.636450871490695
      ],
      [
       4.541692789649943,
       43.63585600623924
      ],
      [
       4.536339002386825,
       43.63555857361354
      ],
      [
       4.533364676129537,
       43.634071410484864
      ],
      [
       4.530390349872249,
       43.630799651601876
      ],
      [
       4.526523725737803,
       43.62723046009313
      ],
      [
       4.520872505848928,
       43.625148431713
      ],
      [
       4.513436690205737,
       43.623661268584385
      ],
      [
       4.506000874562488,
       43.62336383595863
      ],
      [
       4.49797019366784,
       43.62247153808147
      ],
      [
       4.491426675901806,
       43.6206869423271
      ],
      [
       4.487857484393061,
       43.6206869423271
      ],
      [
       4.484585725510016,
       43.6209843749528
      ],
      [
       4.480421668749813,
       43.6209843749528
      ],
      [
       4.476852477241067,
       43.62038950970134
      ],
      [
       4.472688420480864,
       43.61771261606981
      ],
      [
       4.4700115268493334,
       43.61265626143239
      ],
      [
       4.466144902714831,
       43.60492301316344
      ],
      [
       4.462129562267506,
       43.60046152377754
      ],
      [
       4.457668072881603,
       43.59659489964304
      ],
      [
       4.4538014487471,
       43.594512871262964
      ],
      [
       4.450232257238355,
       43.592133410257134
      ],
      [
       4.445175902600994,
       43.590051381877004
      ],
      [
       4.439524682712118,
       43.58886165137409
      ],
      [
       4.435955491203373,
       43.58856421874839
      ],
      [
       4.430601703940255,
       43.58796935349693
      ],
      [
       4.4273299450572665,
       43.58826678612263
      ],
      [
       4.423463320922764,
       43.58796935349693
      ],
      [
       4.413945476899443,
       43.58499502723964
      ],
      [
       4.409186554887782,
       43.582020700982355
      ],
      [
       4.405914796004794,
       43.58053353785368
      ],
      [
       4.405914796004794,
       43.577261778970694
      ],
      [
       4.407996824384867,
       43.57547718321632
      ],
      [
       4.410376285390697,
       43.574882317964864
      ],
      [
       4.41216088114507,
       43.572502856959034
      ],
      [
       4.411268583267912,
       43.5701233959532
      ],
      [
       4.407996824384867,
       43.567149069695915
      ],
      [
       4.404130200250421,
       43.56566190656724
      ],
      [
       4.399073845613003,
       43.56536447394154
      ],
      [
       4.393422625724185,
       43.565959339193
      ],
      [
       4.391340597344055,
       43.56685163707016
      ],
      [
       4.388366271086767,
       43.56685163707016
      ],
      [
       4.384797079578021,
       43.56566190656724
      ],
      [
       4.3818227533207335,
       43.562390147684255
      ],
      [
       4.379145859689203,
       43.55911838880121
      ],
      [
       4.373494639800327,
       43.55614406254392
      ],
      [
       4.3696280156658815,
       43.55584662991822
      ],
      [
       4.365166526279921,
       43.555251764666764
      ],
      [
       4.359812739016803,
       43.555251764666764
      ],
      [
       4.3556486822566,
       43.55435946678955
      ],
      [
       4.351484625496397,
       43.552574871035176
      ],
      [
       4.348807731864866,
       43.54900567952643
      ],
      [
       4.344048809853206,
       43.54692365114636
      ],
      [
       4.339289887841545,
       43.545139055391985
      ],
      [
       4.3354232637070425,
       43.54365189226331
      ],
      [
       4.331556639572597,
       43.54424675751477
      ],
      [
       4.323823391303648,
       43.54870824690073
      ],
      [
       4.321146497672061,
       43.5504928426551
      ],
      [
       4.320254199794903,
       43.55198000578372
      ],
      [
       4.32084906504636,
       43.554656899415306
      ],
      [
       4.321741362923518,
       43.55673892779538
      ],
      [
       4.322336228174976,
       43.55971325405267
      ],
      [
       4.321443930297818,
       43.56149784980704
      ],
      [
       4.31846960404053,
       43.56298501293571
      ],
      [
       4.31400811465457,
       43.56298501293571
      ],
      [
       4.309546625268666,
       43.5617952824328
      ],
      [
       4.306572299011378,
       43.560010686678424
      ],
      [
       4.307464596888536,
       43.55703636042114
      ],
      [
       4.311033788397282,
       43.55644149516968
      ],
      [
       4.313710682028869,
       43.55644149516968
      ],
      [
       4.315197845157485,
       43.55406203416385
      ],
      [
       4.313413249403112,
       43.55198000578372
      ],
      [
       4.310141490520124,
       43.54870824690073
      ],
      [
       4.310141490520124,
       43.54603135326914
      ],
      [
       4.311628653648739,
       43.5424621617604
      ],
      [
       4.314602979906027,
       43.54097499863178
      ],
      [
       4.3190644692919875,
       43.53948783550311
      ],
      [
       4.321146497672061,
       43.53770323974874
      ],
      [
       4.322336228174976,
       43.535918643994364
      ],
      [
       4.32084906504636,
       43.533539182988534
      ],
      [
       4.316685008286157,
       43.53175458723416
      ],
      [
       4.312520951525954,
       43.53145715460846
      ],
      [
       4.308951760017209,
       43.532646885111376
      ],
      [
       4.306572299011378,
       43.53472891349145
      ],
      [
       4.302408242251175,
       43.53413404823999
      ],
      [
       4.300028781245345,
       43.53205201985992
      ],
      [
       4.2973518876137575,
       43.52996999147979
      ],
      [
       4.293485263479312,
       43.52937512622833
      ],
      [
       4.290213504596267,
       43.52937512622833
      ],
      [
       4.287536610964736,
       43.528185395725416
      ],
      [
       4.2818853910758605,
       43.523426473713755
      ],
      [
       4.278911064818573,
       43.52045214745647
      ],
      [
       4.274449575432669,
       43.51688295594772
      ],
      [
       4.266716327163721,
       43.513908629690434
      ],
      [
       4.259280511520473,
       43.51182660131036
      ],
      [
       4.251249830625824,
       43.50885227505307
      ],
      [
       4.2426242844796604,
       43.506175381421485
      ],
      [
       4.233701305707797,
       43.50409335304141
      ]
     ]
    ]
   },
   "properties": {
    "name_ancient": null,
    "name_modern": null,
    "pid": null,
    "origin": "BAMap15",
    "notes": "Rhodanus delta",
    "strabo_name": null
   }
  },
  {
   "type": "Feature",
   "geometry": {
    "type": "MultiLineString",
    "coordinates": [
     [
      [
       4.617419136160524,
       43.70515780803405
      ],
      [
       4.620988327669269,
       43.702183481776764
      ],
      [
       4.623962653926557,
       43.70069631864812
      ],
      [
       4.625449817055201,
       43.6974245597651
      ],
      [
       4.626639547558116,
       43.69147590725053
      ],
      [
       4.626639547558116,
       43.68790671574178
      ],
      [
       4.625152384429472,
       43.68433752423304
      ],
      [
       4.620393462417812,
       43.679876034847105
      ],
      [
       4.615634540406151,
       43.67690170858982
      ],
      [
       4.61087561839449,
       43.67392738233253
      ],
      [
       4.6064141290085585,
       43.670358190823784
      ],
      [
       4.603142370125542,
       43.667681297192225
      ],
      [
       4.599870611242525,
       43.66411210568348
      ],
      [
       4.598383448113881,
       43.65875831842036
      ],
      [
       4.598383448113881,
       43.65459426166016
      ],
      [
       4.600168043868254,
       43.64834817651985
      ],
      [
       4.603737235376999,
       43.64388668713392
      ],
      [
       4.610280753143033,
       43.63883033249653
      ],
      [
       4.614742242528965,
       43.63674830411643
      ],
      [
       4.621285760294998,
       43.63407141048487
      ],
      [
       4.628721575938218,
       43.63169194947904
      ],
      [
       4.634372795827065,
       43.62931248847321
      ],
      [
       4.640024015715912,
       43.62663559484165
      ],
      [
       4.643890639850386,
       43.62395870121009
      ],
      [
       4.649244427113504,
       43.62009207707562
      ],
      [
       4.656055634242691,
       43.61295369405813
      ],
      [
       4.656947932119877,
       43.608492204672196
      ],
      [
       4.657542797371335,
       43.603733282660535
      ],
      [
       4.6590299604999785,
       43.596594899643044
      ],
      [
       4.662004286757266,
       43.591538545005655
      ],
      [
       4.667358074020385,
       43.58558989249108
      ],
      [
       4.672116996032045,
       43.58112840310515
      ],
      [
       4.678957946423807,
       43.5754771832163
      ],
      [
       4.686691194692756,
       43.571610559081826
      ],
      [
       4.693234712458789,
       43.56625677181871
      ],
      [
       4.699183364973365,
       43.562092715058505
      ],
      [
       4.708701208996686,
       43.551980005783726
      ],
      [
       4.714352428885533,
       43.545139055391964
      ],
      [
       4.719408783522923,
       43.539785268128846
      ],
      [
       4.727142031791871,
       43.534728913491456
      ],
      [
       4.735172712686548,
       43.530267424105524
      ],
      [
       4.736957308440921,
       43.525211069468135
      ],
      [
       4.739039336821023,
       43.51926241695356
      ],
      [
       4.740823932575395,
       43.51420606231617
      ],
      [
       4.741121365201124,
       43.50914970767878
      ],
      [
       4.739931634698209,
       43.50498565091858
      ],
      [
       4.736957308440921,
       43.500821594158374
      ],
      [
       4.736957308440921,
       43.4969549700239
      ],
      [
       4.73725474106665,
       43.48922172175495
      ],
      [
       4.7378496063181075,
       43.48386793449183
      ],
      [
       4.737552173692379,
       43.48000131035736
      ],
      [
       4.737552173692379,
       43.47464752309424
      ],
      [
       4.742311095704039,
       43.468401437953936
      ],
      [
       4.743203393581226,
       43.46423738119373
      ],
      [
       4.745880287212785,
       43.463939948568004
      ],
      [
       4.751531507101632,
       43.463939948568004
      ],
      [
       4.7589673227448515,
       43.466616842199564
      ],
      [
       4.764023677382241,
       43.47078089895977
      ],
      [
       4.768485166768173,
       43.47405265784278
      ],
      [
       4.7729466561541045,
       43.47702698410007
      ],
      [
       4.775920982411392,
       43.478811579854444
      ],
      [
       4.7785978760429515,
       43.48000131035736
      ],
      [
       4.781869634925968,
       43.48208333873746
      ],
      [
       4.786628556937629,
       43.48059617560882
      ],
      [
       4.790197748446374,
       43.47910901248017
      ],
      [
       4.793172074703662,
       43.476134686222885
      ],
      [
       4.793172074703662,
       43.47167319683695
      ],
      [
       4.792279776826476,
       43.466319409573835
      ],
      [
       4.789602883194917,
       43.46066818968499
      ],
      [
       4.7827619328031545,
       43.453827239293226
      ],
      [
       4.773838954031291,
       43.44787858677865
      ],
      [
       4.766105705762342,
       43.44460682789563
      ],
      [
       4.7574801596162075,
       43.44133506901262
      ],
      [
       4.750936641850174,
       43.439253040632515
      ],
      [
       4.739039336821023,
       43.43717101225241
      ],
      [
       4.728331762294786,
       43.43627871437523
      ],
      [
       4.720598514025838,
       43.43627871437523
      ],
      [
       4.712865265756889,
       43.43627871437523
      ],
      [
       4.708701208996686,
       43.43508898387231
      ],
      [
       4.69293727983306,
       43.43627871437523
      ],
      [
       4.682527137932553,
       43.439253040632515
      ],
      [
       4.673009293909232,
       43.44311966476699
      ],
      [
       4.668250371897571,
       43.44549912577282
      ],
      [
       4.6661683435174695,
       43.449068317281565
      ],
      [
       4.663194017260182,
       43.45055548041021
      ],
      [
       4.659327393125707,
       43.451745210913124
      ],
      [
       4.656353066868419,
       43.45115034566167
      ],
      [
       4.652783875359674,
       43.44817601940438
      ],
      [
       4.6507018469795725,
       43.44282223214126
      ],
      [
       4.647430088096556,
       43.4338992533694
      ],
      [
       4.641778868207709,
       43.429735196609194
      ],
      [
       4.633450754687303,
       43.42348911146889
      ]
     ]
    ]
   },
   "properties": {
    "name_ancient": null,
    "name_modern": null,
    "pid": null,
    "origin": "BAMap15",
    "notes": "Rhodanus delta",
    "strabo_name": null
   }
  },
  {
   "type": "Feature",
   "geometry": {
    "type": "MultiLineString",
    "coordinates": [
     [
      [
       4.613938700653013,
       43.63769893037402
      ],
      [
       4.611292024070511,
       43.63377397785914
      ],
      [
       4.611292024070511,
       43.62960992109894
      ],
      [
       4.614861215579256,
       43.62663559484165
      ],
      [
       4.620215002842374,
       43.623066403332906
      ],
      [
       4.6255687901054925,
       43.61979464444989
      ],
      [
       4.629435414239967,
       43.615928020315415
      ],
      [
       4.6312200099943395,
       43.61206139618094
      ],
      [
       4.632707173122983,
       43.60670760891782
      ],
      [
       4.634491768877356,
       43.60075895640325
      ],
      [
       4.634491768877356,
       43.596297467017315
      ],
      [
       4.634194336251627,
       43.59213341025711
      ],
      [
       4.629435414239967,
       43.58469759461389
      ],
      [
       4.625866222731221,
       43.58083097047942
      ],
      [
       4.619322704965188,
       43.579343807350774
      ],
      [
       4.613671485076341,
       43.57845150947359
      ],
      [
       4.60891256306468,
       43.576666913719215
      ],
      [
       4.60415364105302,
       43.57488231796484
      ],
      [
       4.597907555912715,
       43.573990020087656
      ],
      [
       4.588092279263665,
       43.57488231796484
      ],
      [
       4.582441059374818,
       43.5754771832163
      ],
      [
       4.5770872721117,
       43.5754771832163
      ],
      [
       4.573815513228683,
       43.57607204846776
      ],
      [
       4.5678668607141075,
       43.5775592115964
      ],
      [
       4.560728477696617,
       43.581425835730876
      ],
      [
       4.555969555684956,
       43.58499502723962
      ],
      [
       4.549426037918923,
       43.58826678612264
      ],
      [
       4.547344009538821,
       43.59005138187701
      ],
      [
       4.546451711661635,
       43.593620573385756
      ],
      [
       4.543179952778618,
       43.59748719752023
      ],
      [
       4.536636435012585,
       43.59748719752023
      ],
      [
       4.532174945626653,
       43.59570260176586
      ],
      [
       4.528308321492179,
       43.59064624712847
      ],
      [
       4.526523725737806,
       43.58588732511681
      ],
      [
       4.52563142786062,
       43.58231813360806
      ],
      [
       4.522062236351874,
       43.579343807350774
      ],
      [
       4.517898179591671,
       43.576964346344944
      ],
      [
       4.511949527077095,
       43.57726177897067
      ],
      [
       4.5060008745625195,
       43.5796412399765
      ],
      [
       4.499754789422215,
       43.5796412399765
      ],
      [
       4.49350870428191,
       43.57726177897067
      ],
      [
       4.4863703212644195,
       43.57280028958474
      ],
      [
       4.48131396662703,
       43.56863623282454
      ],
      [
       4.477447342492556,
       43.56357987818715
      ],
      [
       4.475960179363912,
       43.55822609092403
      ],
      [
       4.475662746738183,
       43.552277438409455
      ],
      [
       4.475662746738183,
       43.54424675751478
      ],
      [
       4.473283285732353,
       43.53889297025166
      ],
      [
       4.472093555229438,
       43.53562121136864
      ],
      [
       4.46911922897215,
       43.53324175036281
      ],
      [
       4.465550037463404,
       43.53145715460844
      ],
      [
       4.462575711206116,
       43.53145715460844
      ],
      [
       4.458709087071642,
       43.53353918298854
      ],
      [
       4.454842462937168,
       43.534728913491456
      ],
      [
       4.450083540925507,
       43.535026346117185
      ],
      [
       4.447704079919677,
       43.53383661561427
      ],
      [
       4.4456220515395755,
       43.53086228935698
      ],
      [
       4.4456220515395755,
       43.52610336734532
      ],
      [
       4.446811782042491,
       43.52104701270793
      ],
      [
       4.447109214668219,
       43.516585523322
      ],
      [
       4.446514349416762,
       43.51123173605888
      ],
      [
       4.444729753662389,
       43.50647281404722
      ],
      [
       4.441160562153644,
       43.49665753739817
      ],
      [
       4.439673399025,
       43.48892428912922
      ],
      [
       4.437293938019169,
       43.47970387773163
      ],
      [
       4.435211909639068,
       43.471078331585495
      ],
      [
       4.433427313884695,
       43.46215535281363
      ],
      [
       4.431642718130322,
       43.45501696979614
      ]
     ]
    ]
   },
   "properties": {
    "name_ancient": null,
    "name_modern": null,
    "pid": null,
    "origin": "BAMap15",
    "notes": "Rhodanus delta",
    "strabo_name": null
   }
  },
  {
   "type": "Feature",
   "geometry": {
    "type": "MultiLineString",
    "coordinates": [
     [
      [
       4.61718119006,
       43.705455240659774
      ],
      [
       4.614623269478733,
       43.702480914402486
      ],
      [
       4.614623269478733,
       43.69920915551947
      ],
      [
       4.613730971601546,
       43.69385536825635
      ],
      [
       4.611648943221445,
       43.69088104199906
      ],
      [
       4.608674616964157,
       43.68939387887042
      ],
      [
       4.600049070818022,
       43.68939387887042
      ],
      [
       4.594695283554904,
       43.68939387887042
      ],
      [
       4.5866646026602265,
       43.69207077250198
      ],
      [
       4.580715950145651,
       43.69653226188791
      ],
      [
       4.578039056514092,
       43.69891172289374
      ],
      [
       4.572090403999516,
       43.70099375127384
      ],
      [
       4.565844318859211,
       43.70129118389957
      ],
      [
       4.561382829473279,
       43.70188604915103
      ],
      [
       4.555136744332975,
       43.7036706449054
      ],
      [
       4.551270120198501,
       43.70634753853696
      ],
      [
       4.545024035058196,
       43.70902443216852
      ],
      [
       4.537885652040705,
       43.71080902792289
      ],
      [
       4.5331267300290445,
       43.71080902792289
      ],
      [
       4.527475510140198,
       43.70813213429133
      ],
      [
       4.522121722877079,
       43.70634753853696
      ],
      [
       4.5176602334911475,
       43.70456294278259
      ],
      [
       4.513198744105216,
       43.70337321227967
      ],
      [
       4.508439822093555,
       43.70456294278259
      ],
      [
       4.498921978070234,
       43.705157808034045
      ],
      [
       4.489701566672641,
       43.7036706449054
      ],
      [
       4.484942644660981,
       43.702480914402486
      ],
      [
       4.4783991268949475,
       43.69920915551947
      ],
      [
       4.475127368011931,
       43.695639964010724
      ],
      [
       4.473342772257558,
       43.690583609373334
      ],
      [
       4.473045339631829,
       43.68641955261313
      ],
      [
       4.473640204883287,
       43.68344522635584
      ],
      [
       4.473640204883287,
       43.67868630434418
      ],
      [
       4.472153041754643,
       43.675711978086895
      ],
      [
       4.46798898499444,
       43.67392738233252
      ],
      [
       4.458471140971119,
       43.670953056075234
      ],
      [
       4.4501430274507126,
       43.66678899931503
      ],
      [
       4.4459789706905095,
       43.66292237518056
      ],
      [
       4.44092261605312,
       43.65637885741452
      ],
      [
       4.437650857170103,
       43.65013277227422
      ],
      [
       4.434379098287087,
       43.64329182188246
      ],
      [
       4.4319996372812565,
       43.63704573674215
      ],
      [
       4.429917608901155,
       43.63347654523341
      ],
      [
       4.428430445772511,
       43.629312488473204
      ],
      [
       4.425456119515223,
       43.62604072959019
      ],
      [
       4.420399764877834,
       43.6230664033329
      ],
      [
       4.415938275491902,
       43.62038950970134
      ],
      [
       4.412963949234614,
       43.61860491394697
      ],
      [
       4.406420431468581,
       43.61771261606978
      ],
      [
       4.395712856942344,
       43.61563058768968
      ],
      [
       4.390359069679226,
       43.61503572243822
      ],
      [
       4.385302715041837,
       43.61384599193531
      ],
      [
       4.380246360404447,
       43.61384599193531
      ],
      [
       4.370579800068264,
       43.61027680042656
      ],
      [
       4.362251686547858,
       43.60819477204646
      ],
      [
       4.355708168781825,
       43.60789733942073
      ],
      [
       4.350056948892978,
       43.607005041543545
      ],
      [
       4.34470316162986,
       43.606707608917816
      ],
      [
       4.338457076489555,
       43.606707608917816
      ],
      [
       4.331913558723522,
       43.607599906795
      ],
      [
       4.3253700409574884,
       43.60849220467219
      ],
      [
       4.32001625369437,
       43.60789733942073
      ],
      [
       4.31525733168271,
       43.60581531104063
      ],
      [
       4.311093274922507,
       43.60522044578917
      ],
      [
       4.301575430899185,
       43.606707608917816
      ],
      [
       4.295031913133152,
       43.60849220467219
      ],
      [
       4.287893530115661,
       43.61027680042656
      ],
      [
       4.282837175478272,
       43.61057423305229
      ],
      [
       4.275103927209323,
       43.61146653092948
      ],
      [
       4.271237303074849,
       43.61384599193531
      ],
      [
       4.2661809484374595,
       43.61563058768968
      ],
      [
       4.260827161174341,
       43.61622545294114
      ],
      [
       4.256960537039867,
       43.61622545294114
      ],
      [
       4.251011884525291,
       43.61384599193531
      ],
      [
       4.245360664636444,
       43.61116909830375
      ],
      [
       4.240601742624784,
       43.61027680042656
      ],
      [
       4.234653090110208,
       43.609681935175104
      ],
      [
       4.227217274466988,
       43.609681935175104
      ],
      [
       4.224540380835429,
       43.61027680042656
      ],
      [
       4.218889160946582,
       43.612061396180934
      ],
      [
       4.21442767156065,
       43.61384599193531
      ],
      [
       4.209371316923261,
       43.614440857186764
      ],
      [
       4.20223293390577,
       43.61295369405812
      ],
      [
       4.195689416139737,
       43.609384502549375
      ],
      [
       4.181561366417622,
       43.60403071528626
      ],
      [
       4.171746089768572,
       43.601948686906155
      ],
      [
       4.163120543622437,
       43.599866658526054
      ],
      [
       4.1539001322248446,
       43.59867692802314
      ],
      [
       4.147059181833082,
       43.59837949539741
      ],
      [
       4.1384336356869476,
       43.597189764894495
      ],
      [
       4.133972146301016,
       43.59570260176585
      ],
      [
       4.126238898032067,
       43.59570260176585
      ],
      [
       4.1188030823888475,
       43.59659489964304
      ],
      [
       4.112259564622814,
       43.597189764894495
      ],
      [
       4.1048237489795945,
       43.59748719752022
      ]
     ]
    ]
   },
   "properties": {
    "name_ancient": null,
    "name_modern": null,
    "pid": null,
    "origin": "BAMap15",
    "notes": "Rhodanus delta",
    "strabo_name": null
   }
  }
 ]
}