{
 "type": "FeatureCollection",
 "bbox": [
  4.0,
  43.5,
  8.0,
  46.0
 ],
 "features": [
  {
   "type": "Feature",
   "geometry": {
    "type": "Point",
    "coordinates": [
     4.8303382125640075,
     45.770632769315675
    ]
   },
   "properties": {
    "pid": "127640903",
    "uri": "https://pleiades.stoa.org/places/127640903",
    "title": "Amphitheater of the Three Gauls",
    "description": "The Sanctuary of the Three Gauls (Tres Galliae) was a late first century B.C. sanctuary in Lugdunum; the amphitheater dates to 19 B.C.",
    "placeTypes": [
     "sanctuary",
     "amphitheatre"
    ],
    "names": [
     {
      "attested": "Amphithéâtre des Trois Gaules",
      "romanized": "Amphithéâtre des Trois Gaules, Amphitheatre des Trois Gaules",
      "language": "fr"
     }
    ],
    "locationCertainty": "certain"
   }
  },
  {
   "type": "Feature",
   "geometry": {
    "type": "Point",
    "coordinates": [
     6.302320461827401,
     45.74948298648338
    ]
   },
   "properties": {
    "pid": "142050652",
    "uri": "https://pleiades.stoa.org/places/142050652",
    "title": "Baths of Faverges",
    "description": "The Roman Baths of Faverges date to the first century.",
    "placeTypes": [
     "archaeological-site",
     "bath"
    ],
    "names": [],
    "locationCertainty": "certain"
   }
  },
  {
   "type": "Feature",
   "geometry": {
    "type": "Point",
    "coordinates": [
     5.244911756106268,
     43.868169724035226
    ]
   },
   "properties": {
    "pid": "147983",
    "uri": "https://pleiades.stoa.org/places/147983",
    "title": "Ad Fines",
    "description": "A Roman road station whose precise location cannot be determined today. It is thought to have been located somewhere in the vicinity of modern Goult in France's Provence-Alpes-Côte d'Azur department.",
    "placeTypes": [
     "station",
     "settlement-modern"
    ],
    "names": [
     {
      "attested": "Adfines",
      "romanized": "Ad Fines",
      "language": "la"
     }
    ],
    "locationCertainty": "certain"
   }
  },
  {
   "type": "Feature",
   "geometry": {
    "type": "Point",
    "coordinates": [
     5.3071637386067625,
     43.968243265924166
    ]
   },
   "properties": {
    "pid": "147987",
    "uri": "https://pleiades.stoa.org/places/147987",
    "title": "Albici",
    "description": "An ancient place, cited: BAtlas 15 E2 Albici",
    "placeTypes": [
     "label",
     "people"
    ],
    "names": [
     {
      "attested": "",
      "romanized": "Albici",
      "language": ""
     }
    ],
    "locationCertainty": "certain"
   }
  },
  {
   "type": "Feature",
   "geometry": {
    "type": "Point",
    "coordinates": [
     4.078972,
     44.127214
    ]
   },
   "properties": {
    "pid": "147988",
    "uri": "https://pleiades.stoa.org/places/147988",
    "title": "Alès",
    "description": "An ancient place, cited: BAtlas 15 C1 Alès",
    "placeTypes": [
     "settlement"
    ],
    "names": [],
    "locationCertainty": "certain"
   }
  },
  {
   "type": "Feature",
   "geometry": {
    "type": "Point",
    "coordinates": [
     4.232932,
     44.199232
    ]
   },
   "properties": {
    "pid": "147989",
    "uri": "https://pleiades.stoa.org/places/147989",
    "title": "Allègre",
    "description": "The site of sulphur springs that also revealed evidence for a sanctuary that included 24 altars, so of which carried dedications either to nymphs or mother goddesses. A number of Roman artifacts indicate activity at the site from the Flavian to the Antonine period.",
    "placeTypes": [
     "sanctuary"
    ],
    "names": [
     {
      "attested": "",
      "romanized": "Allègre-les-Fumades",
      "language": ""
     }
    ],
    "locationCertainty": "certain"
   }
  },
  {
   "type": "Feature",
   "geometry": {
    "type": "Point",
    "coordinates": [
     4.1496005,
     43.715607
    ]
   },
   "properties": {
    "pid": "147990",
    "uri": "https://pleiades.stoa.org/places/147990",
    "title": "Ambrussum",
    "description": "A Pre-Roman and Gallo-Roman oppidum located along the Roman Via Domitia.",
    "placeTypes": [
     "fortified-settlement",
     "city-wall",
     "settlement"
    ],
    "names": [
     {
      "attested": "",
      "romanized": "Ambrussum",
      "language": ""
     },
     {
      "attested": "",
      "romanized": "Pont-Ambroix (Ambrussum)",
      "language": ""
     }
    ],
    "locationCertainty": "certain"
   }
  },
  {
   "type": "Feature",
   "geometry": {
    "type": "Point",
    "coordinates": [
     4.949911485720204,
     43.707782550495864
    ]
   },
   "properties": {
    "pid": "147991",
    "uri": "https://pleiades.stoa.org/places/147991",
    "title": "Anatilii",
    "description": "An ancient place, cited: BAtlas 15 D2 Anatilii",
    "placeTypes": [
     "label",
     "people"
    ],
    "names": [
     {
      "attested": "",
      "romanized": "Anatilii",
      "language": ""
     }
    ],
    "locationCertainty": "certain"
   }
  },
  {
   "type": "Feature",
   "geometry": {
    "type": "Point",
    "coordinates": [
     5.393684,
     43.876571
    ]
   },
   "properties": {
    "pid": "147993",
    "uri": "https://pleiades.stoa.org/places/147993",
    "title": "Apta Iulia",
    "description": "Once the most important town of the Gallic Vulgientes, Romans destroyed the site ca. 125 BC and Iulius Caesar re-founded it as Apta Iulia.",
    "placeTypes": [
     "settlement"
    ],
    "names": [
     {
      "attested": "Apta Iulia",
      "romanized": "Apta Iulia",
      "language": "la"
     },
     {
      "attested": "Aptaivlia",
      "romanized": "Aptaiulia",
      "language": "la"
     }
    ],
    "locationCertainty": "certain"
   }
  },
  {
   "type": "Feature",
   "geometry": {
    "type": "Point",
    "coordinates": [
     4.681572,
     43.896129
    ]
   },
   "properties": {
    "pid": "147995",
    "uri": "https://pleiades.stoa.org/places/147995",
    "title": "*Aramo?",
    "description": "An ancient place, cited: BAtlas 15 D2 *Aramo?",
    "placeTypes": [
     "settlement"
    ],
    "names": [
     {
      "attested": "",
      "romanized": "Aramo",
      "language": ""
     }
    ],
    "locationCertainty": "certain"
   }
  },
  {
   "type": "Feature",
   "geometry": {
    "type": "Point",
    "coordinates": [
     4.193302,
     43.785798
    ]
   },
   "properties": {
    "pid": "147996",
    "uri": "https://pleiades.stoa.org/places/147996",
    "title": "*Arandunum",
    "description": "An ancient place, cited: BAtlas 15 C2 *Arandunum",
    "placeTypes": [
     "settlement"
    ],
    "names": [
     {
      "attested": "",
      "romanized": "Arandunum",
      "language": ""
     }
    ],
    "locationCertainty": "certain"
   }
  },
  {
   "type": "Feature",
   "geometry": {
    "type": "Point",
    "coordinates": [
     4.806612,
     43.950668
    ]
   },
   "properties": {
    "pid": "148004",
    "uri": "https://pleiades.stoa.org/places/148004",
    "title": "Avennio",
    "description": "An ancient place, cited: BAtlas 15 D2 Avennio",
    "placeTypes": [
     "settlement"
    ],
    "names": [
     {
      "attested": "",
      "romanized": "Avennio",
      "language": ""
     },
     {
      "attested": "Avignon",
      "romanized": "Avignon",
      "language": "fr"
     },
     {
      "attested": "Avennio Cavarum",
      "romanized": "Avennio Cavarum",
      "language": "la"
     },
     {
      "attested": "Avennione",
      "romanized": "Avennione",
      "language": "la"
     }
    ],
    "locationCertainty": "certain"
   }
  },
  {
   "type": "Feature",
   "geometry": {
    "type": "Point",
    "coordinates": [
     5.627806,
     44.037889
    ]
   },
   "properties": {
    "pid": "148008",
    "uri": "https://pleiades.stoa.org/places/148008",
    "title": "Banon",
    "description": "A Gallo-Roman villa explored via excavation in 1956. The site was destroyed by fire. Coins of Gordian III provided a terminus post quem.",
    "placeTypes": [
     "villa"
    ],
    "names": [],
    "locationCertainty": "certain"
   }
  },
  {
   "type": "Feature",
   "geometry": {
    "type": "Point",
    "coordinates": [
     4.721362624210359,
     43.70397674720923
    ]
   },
   "properties": {
    "pid": "148012",
    "uri": "https://pleiades.stoa.org/places/148012",
    "title": "Barbegal",
    "description": "At Barbegal in southern France are the remains of a Roman watermill complex.",
    "placeTypes": [
     "wheel",
     "aqueduct"
    ],
    "names": [],
    "locationCertainty": "certain"
   }
  },
  {
   "type": "Feature",
   "geometry": {
    "type": "Point",
    "coordinates": [
     4.3002532,
     43.8864126
    ]
   },
   "properties": {
    "pid": "148014",
    "uri": "https://pleiades.stoa.org/places/148014",
    "title": "Barutel Roman Quarry",
    "description": "A cluster of Roman-era limestone quarries near modern Carrières de Barutel, northwest of Nîmes in France (BAtlas 15 C2 Barutel).",
    "placeTypes": [
     "quarry"
    ],
    "names": [],
    "locationCertainty": "certain"
   }
  },
  {
   "type": "Feature",
   "geometry": {
    "type": "Point",
    "coordinates": [
     5.056069,
     43.610283
    ]
   },
   "properties": {
    "pid": "148016",
    "uri": "https://pleiades.stoa.org/places/148016",
    "title": "Beaumajour",
    "description": "An ancient place, cited: BAtlas 15 E2 Beaumajour",
    "placeTypes": [
     "villa"
    ],
    "names": [],
    "locationCertainty": "certain"
   }
  },
  {
   "type": "Feature",
   "geometry": {
    "type": "Point",
    "coordinates": [
     5.165554,
     44.183767
    ]
   },
   "properties": {
    "pid": "148017",
    "uri": "https://pleiades.stoa.org/places/148017",
    "title": "Beaumont-du-Ventoux",
    "description": "An ancient place, cited: BAtlas 15 E1 Beaumont-du-Ventoux",
    "placeTypes": [
     "quarry"
    ],
    "names": [],
    "locationCertainty": "certain"
   }
  },
  {
   "type": "Feature",
   "geometry": {
    "type": "Point",
    "coordinates": [
     5.042732,
     43.786975
    ]
   },
   "properties": {
    "pid": "148018",
    "uri": "https://pleiades.stoa.org/places/148018",
    "title": "Beauregard",
    "description": "An ancient place, cited: BAtlas 15 E2 Beauregard",
    "placeTypes": [
     "settlement"
    ],
    "names": [
     {
      "attested": "",
      "romanized": "Notre-Dame de Beauregard",
      "language": ""
     }
    ],
    "locationCertainty": "certain"
   }
  },
  {
   "type": "Feature",
   "geometry": {
    "type": "Point",
    "coordinates": [
     4.780383,
     43.882531
    ]
   },
   "properties": {
    "pid": "148019",
    "uri": "https://pleiades.stoa.org/places/148019",
    "title": "Bellintum",
    "description": "An ancient place, cited: BAtlas 15 D2 Bellintum",
    "placeTypes": [
     "station"
    ],
    "names": [
     {
      "attested": "",
      "romanized": "Bellintum",
      "language": ""
     }
    ],
    "locationCertainty": "certain"
   }
  },
  {
   "type": "Feature",
   "geometry": {
    "type": "Point",
    "coordinates": [
     4.138913,
     43.8962
    ]
   },
   "properties": {
    "pid": "148021",
    "uri": "https://pleiades.stoa.org/places/148021",
    "title": "Bois des Lens Quarries",
    "description": "A series of opencast limestone quarries located in the Bois des Lens about 25 km west of Nîmes (France) were identified and studied in the 20th century. They are thought to have been brought into use in the fourth century BCE, with peak exploitation occurring during the early Roman Empire.",
    "placeTypes": [
     "forest",
     "quarry"
    ],
    "names": [],
    "locationCertainty": "certain"
   }
  },
  {
   "type": "Feature",
   "geometry": {
    "type": "Point",
    "coordinates": [
     4.693504,
     44.113195
    ]
   },
   "properties": {
    "pid": "148022",
    "uri": "https://pleiades.stoa.org/places/148022",
    "title": "La Brèche (necropolis)",
    "description": "A large necropolis excavated under rescue conditions in the 20th century. Grave goods indicated a long period of use, stretching from as early as the third century CE to as late as the sixteenth. The site is located in the French commune of Laudun-l'Ardoise, near the confluences of the Tave, Céze, and Rhône rivers.",
    "placeTypes": [
     "cemetery"
    ],
    "names": [],
    "locationCertainty": "certain"
   }
  },
  {
   "type": "Feature",
   "geometry": {
    "type": "Point",
    "coordinates": [
     4.207052,
     43.98566
    ]
   },
   "properties": {
    "pid": "148024",
    "uri": "https://pleiades.stoa.org/places/148024",
    "title": "*Briginnum?",
    "description": "An ancient place, cited: BAtlas 15 C1 *Briginnum?",
    "placeTypes": [
     "settlement"
    ],
    "names": [
     {
      "attested": "",
      "romanized": "Briginnum",
      "language": ""
     }
    ],
    "locationCertainty": "certain"
   }
  },
  {
   "type": "Feature",
   "geometry": {
    "type": "Point",
    "coordinates": [
     4.292758,
     44.074028
    ]
   },
   "properties": {
    "pid": "148025",
    "uri": "https://pleiades.stoa.org/places/148025",
    "title": "Brugetia?",
    "description": "An ancient place, cited: BAtlas 15 C1 Brugetia?",
    "placeTypes": [
     "settlement"
    ],
    "names": [
     {
      "attested": "",
      "romanized": "Brugetia",
      "language": ""
     }
    ],
    "locationCertainty": "certain"
   }
  },
  {
   "type": "Feature",
   "geometry": {
    "type": "Point",
    "coordinates": [
     5.034166,
     43.829885
    ]
   },
   "properties": {
    "pid": "148027",
    "uri": "https://pleiades.stoa.org/places/148027",
    "title": "Cabellio",
    "description": "An ancient place, cited: BAtlas 15 E2 Cabellio",
    "placeTypes": [
     "settlement"
    ],
    "names": [
     {
      "attested": "",
      "romanized": "Cabellio",
      "language": "la"
     },
     {
      "attested": "",
      "romanized": "Cavaillon",
      "language": ""
     }
    ],
    "locationCertainty": "certain"
   }
  },
  {
   "type": "Feature",
   "geometry": {
    "type": "Point",
    "coordinates": [
     4.65382008585737,
     44.119822034277846
    ]
   },
   "properties": {
    "pid": "148030",
    "uri": "https://pleiades.stoa.org/places/148030",
    "title": "Camp de César",
    "description": "The place known as \"Camp de César\" or \"Caesar's Camp\" is an ancient town covering some 18 ha that was occupied from the fifth century BCE until Late Antiquity. Built fortifications augment the site's natural defensibility.",
    "placeTypes": [
     "fortified-settlement"
    ],
    "names": [
     {
      "attested": "",
      "romanized": "Laudun-l'Ardoise",
      "language": ""
     }
    ],
    "locationCertainty": "certain"
   }
  },
  {
   "type": "Feature",
   "geometry": {
    "type": "Point",
    "coordinates": [
     4.833401616989087,
     43.5847505675034
    ]
   },
   "properties": {
    "pid": "148032",
    "uri": "https://pleiades.stoa.org/places/148032",
    "title": "Campi Lapidei",
    "description": "Campi Lapidei describes the alluvial plain located at the confluence of the Durance and Rhône rivers.",
    "placeTypes": [
     "plain",
     "label"
    ],
    "names": [
     {
      "attested": "",
      "romanized": "Campi Lapidei",
      "language": ""
     }
    ],
    "locationCertainty": "certain"
   }
  },
  {
   "type": "Feature",
   "geometry": {
    "type": "Point",
    "coordinates": [
     4.345122,
     43.839419
    ]
   },
   "properties": {
    "pid": "148033",
    "uri": "https://pleiades.stoa.org/places/148033",
    "title": "Canteduc Roman Quarry",
    "description": "A limestone quarry at Nîmes that is often referred to by the name of the hill into which it was cut. It is located just west of the Temple of Diana and north of the terminus of the Rue de la Càrriere Romaine. Modern structures have been built in and around the quarry and access is gated, but some of the excavated cliff faces are still visible from the terminus of the Rue du Rempart Romain.",
    "placeTypes": [
     "quarry"
    ],
    "names": [],
    "locationCertainty": "certain"
   }
  },
  {
   "type": "Feature",
   "geometry": {
    "type": "Point",
    "coordinates": [
     5.047556,
     44.052059
    ]
   },
   "properties": {
    "pid": "148036",
    "uri": "https://pleiades.stoa.org/places/148036",
    "title": "Carpentorate/*Forum Neronis",
    "description": "An ancient place, cited: BAtlas 15 E1 Carpentorate/*Forum Neronis",
    "placeTypes": [
     "settlement"
    ],
    "names": [
     {
      "attested": "",
      "romanized": "Carpentorate",
      "language": ""
     },
     {
      "attested": "",
      "romanized": "Forum Neronis",
      "language": ""
     },
     {
      "attested": "",
      "romanized": "Carpentras",
      "language": ""
     },
     {
      "attested": "Carbantorate Meminorum",
      "romanized": "Carbantorate Meminorum",
      "language": "la"
     }
    ],
    "locationCertainty": "certain"
   }
  },
  {
   "type": "Feature",
   "geometry": {
    "type": "Point",
    "coordinates": [
     4.22737210621779,
     43.7953647065132
    ]
   },
   "properties": {
    "pid": "148039",
    "uri": "https://pleiades.stoa.org/places/148039",
    "title": "Les Castels",
    "description": "Les Castels or Oppidum de Nages was a Pre-Roman settlement in the Vaunage valley.",
    "placeTypes": [
     "fortified-settlement",
     "city-wall",
     "settlement",
     "fort"
    ],
    "names": [
     {
      "attested": "",
      "romanized": "Nages",
      "language": ""
     },
     {
      "attested": "Les Castels",
      "romanized": "Les Castels",
      "language": "fr"
     },
     {
      "attested": "Oppidum de Nages",
      "romanized": "Oppidum de Nages",
      "language": "fr"
     }
    ],
    "locationCertainty": "certain"
   }
  },
  {
   "type": "Feature",
   "geometry": {
    "type": "Point",
    "coordinates": [
     4.800928,
     43.7486
    ]
   },
   "properties": {
    "pid": "148040",
    "uri": "https://pleiades.stoa.org/places/148040",
    "title": "La Catalane",
    "description": "An ancient place, cited: BAtlas 15 D2 La Catalane",
    "placeTypes": [
     "settlement"
    ],
    "names": [],
    "locationCertainty": "certain"
   }
  },
  {
   "type": "Feature",
   "geometry": {
    "type": "Point",
    "coordinates": [
     5.565915,
     43.850093
    ]
   },
   "properties": {
    "pid": "148041",
    "uri": "https://pleiades.stoa.org/places/148041",
    "title": "Catuiacia",
    "description": "A station located between Segustero and Apta Iulia.",
    "placeTypes": [
     "station"
    ],
    "names": [
     {
      "attested": "Catviacia",
      "romanized": "Catuiacia",
      "language": "la"
     }
    ],
    "locationCertainty": "certain"
   }
  },
  {
   "type": "Feature",
   "geometry": {
    "type": "Point",
    "coordinates": [
     4.75,
     43.75
    ]
   },
   "properties": {
    "pid": "148042",
    "uri": "https://pleiades.stoa.org/places/148042",
    "title": "Cavares",
    "description": "The Cavares were a Gallic tribe of the lower Rhone valley.",
    "placeTypes": [
     "people"
    ],
    "names": [
     {
      "attested": "",
      "romanized": "Cavares",
      "language": ""
     }
    ],
    "locationCertainty": "certain"
   }
  },
  {
   "type": "Feature",
   "geometry": {
    "type": "Point",
    "coordinates": [
     4.9636606297456884,
     43.90743495497901
    ]
   },
   "properties": {
    "pid": "148043",
    "uri": "https://pleiades.stoa.org/places/148043",
    "title": "Cavares (confederation)",
    "description": "The Cavares tribe led a Gallic confederation that included the Tricastini, the Segovellauni, and the Memini.",
    "placeTypes": [
     "league",
     "label",
     "people"
    ],
    "names": [
     {
      "attested": "",
      "romanized": "Cavares",
      "language": ""
     }
    ],
    "locationCertainty": "certain"
   }
  },
  {
   "type": "Feature",
   "geometry": {
    "type": "Point",
    "coordinates": [
     5.197203980041348,
     43.681945127355974
    ]
   },
   "properties": {
    "pid": "148046",
    "uri": "https://pleiades.stoa.org/places/148046",
    "title": "Château-Bas (Roman Temple)",
    "description": "An ancient place, cited: BAtlas 15 E2 Château-Bas",
    "placeTypes": [
     "temple-2"
    ],
    "names": [],
    "locationCertainty": "certain"
   }
  },
  {
   "type": "Feature",
   "geometry": {
    "type": "Point",
    "coordinates": [
     5.697114,
     44.0595785
    ]
   },
   "properties": {
    "pid": "148047",
    "uri": "https://pleiades.stoa.org/places/148047",
    "title": "Châtelard de Lardiers",
    "description": "A Celto-Ligurian oppidum and sanctuary.",
    "placeTypes": [
     "sanctuary"
    ],
    "names": [
     {
      "attested": "",
      "romanized": "Castellar, Lardiers",
      "language": ""
     }
    ],
    "locationCertainty": "certain"
   }
  },
  {
   "type": "Feature",
   "geometry": {
    "type": "Point",
    "coordinates": [
     4.94335,
     43.8939605
    ]
   },
   "properties": {
    "pid": "148052",
    "uri": "https://pleiades.stoa.org/places/148052",
    "title": "Clos de Serre",
    "description": "An ancient place, cited: BAtlas 15 D2 Clos de Serre",
    "placeTypes": [
     "villa"
    ],
    "names": [],
    "locationCertainty": "certain"
   }
  },
  {
   "type": "Feature",
   "geometry": {
    "type": "Point",
    "coordinates": [
     5.44541,
     43.526232
    ]
   },
   "properties": {
    "pid": "148053",
    "uri": "https://pleiades.stoa.org/places/148053",
    "title": "Col. Aquae Sextiae",
    "description": "Col. Aquae Sextiae (modern Aix-en-Provence) was founded by Caius Sextius Calvinus, who placed the colony on the territory of the indigenous confederation of the Salluvii in 122 B.C.",
    "placeTypes": [
     "settlement"
    ],
    "names": [
     {
      "attested": "",
      "romanized": "Col. Aquae Sextiae",
      "language": "la"
     },
     {
      "attested": "Colonia Iulia Augusta Aquae Sextiae",
      "romanized": "Col. Iulia Augusta Aquae Sextiae",
      "language": "la"
     },
     {
      "attested": "",
      "romanized": "Aix-en-Provence",
      "language": "fr"
     },
     {
      "attested": "Aquae Sextiae Salluviorum",
      "romanized": "Aquae Sextiae Salluviorum",
      "language": "la"
     }
    ],
    "locationCertainty": "certain"
   }
  },
  {
   "type": "Feature",
   "geometry": {
    "type": "Point",
    "coordinates": [
     4.8079175,
     44.1367875
    ]
   },
   "properties": {
    "pid": "148054",
    "uri": "https://pleiades.stoa.org/places/148054",
    "title": "Col. Arausio",
    "description": "Founded as Colonia Iulia Firma Secundanorum Arausio in 35 B.C.",
    "placeTypes": [
     "settlement"
    ],
    "names": [
     {
      "attested": "",
      "romanized": "Col. Arausio",
      "language": ""
     },
     {
      "attested": "",
      "romanized": "Col. Firma Iulia Arausio Secundanorum",
      "language": ""
     },
     {
      "attested": "",
      "romanized": "Orange",
      "language": ""
     }
    ],
    "locationCertainty": "certain"
   }
  },
  {
   "type": "Feature",
   "geometry": {
    "type": "Point",
    "coordinates": [
     5.123055,
     43.550135
    ]
   },
   "properties": {
    "pid": "148060",
    "uri": "https://pleiades.stoa.org/places/148060",
    "title": "Constantine",
    "description": "An ancient place, cited: BAtlas 15 E2 Constantine",
    "placeTypes": [
     "settlement"
    ],
    "names": [],
    "locationCertainty": "certain"
   }
  },
  {
   "type": "Feature",
   "geometry": {
    "type": "Point",
    "coordinates": [
     5.439649,
     43.772808
    ]
   },
   "properties": {
    "pid": "148064",
    "uri": "https://pleiades.stoa.org/places/148064",
    "title": "Cucuron",
    "description": "An ancient place, cited: BAtlas 15 E2 Cucuron",
    "placeTypes": [
     "tomb"
    ],
    "names": [],
    "locationCertainty": "certain"
   }
  },
  {
   "type": "Feature",
   "geometry": {
    "type": "Point",
    "coordinates": [
     4.881024,
     44.007981
    ]
   },
   "properties": {
    "pid": "148065",
    "uri": "https://pleiades.stoa.org/places/148065",
    "title": "Cypresseta",
    "description": "An ancient place, cited: BAtlas 15 D1 Cypresseta",
    "placeTypes": [
     "station"
    ],
    "names": [
     {
      "attested": "",
      "romanized": "Cypresseta",
      "language": ""
     }
    ],
    "locationCertainty": "certain"
   }
  },
  {
   "type": "Feature",
   "geometry": {
    "type": "Point",
    "coordinates": [
     5.43582891325146,
     43.73997466119662
    ]
   },
   "properties": {
    "pid": "148067",
    "uri": "https://pleiades.stoa.org/places/148067",
    "title": "Dexivates",
    "description": "An ancient people, tribe, or cultural group.",
    "placeTypes": [
     "label",
     "people"
    ],
    "names": [
     {
      "attested": "",
      "romanized": "Dexivates",
      "language": ""
     }
    ],
    "locationCertainty": "certain"
   }
  },
  {
   "type": "Feature",
   "geometry": {
    "type": "Point",
    "coordinates": [
     5.861429594519765,
     44.16514235613096
    ]
   },
   "properties": {
    "pid": "148069",
    "uri": "https://pleiades.stoa.org/places/148069",
    "title": "Druentia (river)",
    "description": "Called the Durance (French), a tributary of the Rhone.",
    "placeTypes": [
     "river"
    ],
    "names": [
     {
      "attested": "",
      "romanized": "Druentia",
      "language": ""
     },
     {
      "attested": "Δρουεντία",
      "romanized": "Drouentia",
      "language": "grc"
     }
    ],
    "locationCertainty": "certain"
   }
  },
  {
   "type": "Feature",
   "geometry": {
    "type": "Point",
    "coordinates": [
     5.4387954999999994,
     43.55229305
    ]
   },
   "properties": {
    "pid": "148073",
    "uri": "https://pleiades.stoa.org/places/148073",
    "title": "Entremont",
    "description": "Entremont was the site of a Celtic oppidum occupied from ca. 180 BC to 90 BC.",
    "placeTypes": [
     "settlement"
    ],
    "names": [
     {
      "attested": "",
      "romanized": "Entremont",
      "language": ""
     }
    ],
    "locationCertainty": "certain"
   }
  },
  {
   "type": "Feature",
   "geometry": {
    "type": "Point",
    "coordinates": [
     4.6957086,
     43.7670973
    ]
   },
   "properties": {
    "pid": "148074",
    "uri": "https://pleiades.stoa.org/places/148074",
    "title": "Ernaginum",
    "description": "Ernaginum was a road station in the territory of the Salyes in Gallia Narbonensis, according to Ptolemy.",
    "placeTypes": [
     "station"
    ],
    "names": [
     {
      "attested": "",
      "romanized": "Ernaginum",
      "language": ""
     }
    ],
    "locationCertainty": "certain"
   }
  },
  {
   "type": "Feature",
   "geometry": {
    "type": "Point",
    "coordinates": [
     4.547138,
     43.917679
    ]
   },
   "properties": {
    "pid": "148075",
    "uri": "https://pleiades.stoa.org/places/148075",
    "title": "Les Escaunes",
    "description": "An ancient place, cited: BAtlas 15 D2 Les Escaunes",
    "placeTypes": [
     "quarry"
    ],
    "names": [],
    "locationCertainty": "certain"
   }
  },
  {
   "type": "Feature",
   "geometry": {
    "type": "Point",
    "coordinates": [
     4.54959,
     43.955306
    ]
   },
   "properties": {
    "pid": "148076",
    "uri": "https://pleiades.stoa.org/places/148076",
    "title": "Estel Roman Quarry",
    "description": "A limestone quarry from which was sourced the stone used in the construction of the Pont du Gard. The quarry was excavated in the late 1990s and early 2000s on a site 600-700 meters northeast of the aqueduct bridge. ",
    "placeTypes": [
     "quarry"
    ],
    "names": [
     {
      "attested": "Carrière de l’Estel",
      "romanized": "Carrière de l’Estel",
      "language": "fr"
     }
    ],
    "locationCertainty": "certain"
   }
  },
  {
   "type": "Feature",
   "geometry": {
    "type": "Point",
    "coordinates": [
     5.126202,
     43.921706
    ]
   },
   "properties": {
    "pid": "148079",
    "uri": "https://pleiades.stoa.org/places/148079",
    "title": "Fontaine de Vaucluse",
    "description": "An ancient place, cited: BAtlas 15 E2 Fontaine de Vaucluse",
    "placeTypes": [
     "settlement"
    ],
    "names": [],
    "locationCertainty": "certain"
   }
  },
  {
   "type": "Feature",
   "geometry": {
    "type": "Point",
    "coordinates": [
     4.7143,
     43.95287
    ]
   },
   "properties": {
    "pid": "148080",
    "uri": "https://pleiades.stoa.org/places/148080",
    "title": "Font-du-Buis",
    "description": "An ancient necropolis documented during rescue excavation in the early 1970s at a location known as Font-du-Buis or La Fontaine du Buis between Saze and Avingon in Gard, France.",
    "placeTypes": [
     "cemetery"
    ],
    "names": [
     {
      "attested": "Font-du-Buis",
      "romanized": "Font-du-Buis",
      "language": "fr"
     }
    ],
    "locationCertainty": "certain"
   }
  },
  {
   "type": "Feature",
   "geometry": {
    "type": "Point",
    "coordinates": [
     4.5594164500000005,
     44.0779582
    ]
   },
   "properties": {
    "pid": "148092",
    "uri": "https://pleiades.stoa.org/places/148092",
    "title": "Gaujac",
    "description": "An ancient place, cited: BAtlas 15 D1 Gaujac",
    "placeTypes": [
     "fortified-settlement",
     "earthwork",
     "settlement"
    ],
    "names": [
     {
      "attested": "",
      "romanized": "Saint-Vincent",
      "language": ""
     }
    ],
    "locationCertainty": "certain"
   }
  },
  {
   "type": "Feature",
   "geometry": {
    "type": "Point",
    "coordinates": [
     4.832867,
     43.773471
    ]
   },
   "properties": {
    "pid": "148093",
    "uri": "https://pleiades.stoa.org/places/148093",
    "title": "Glanum",
    "description": "Glanum was a Celtic oppidum that became a Roman city; it was eventually abandoned in the third century AD.",
    "placeTypes": [
     "settlement"
    ],
    "names": [
     {
      "attested": "",
      "romanized": "Glanum",
      "language": ""
     }
    ],
    "locationCertainty": "certain"
   }
  },
  {
   "type": "Feature",
   "geometry": {
    "type": "Point",
    "coordinates": [
     5.249261,
     43.672827
    ]
   },
   "properties": {
    "pid": "148095",
    "uri": "https://pleiades.stoa.org/places/148095",
    "title": "Le Grand Verger",
    "description": "An ancient place, cited: BAtlas 15 E2 Le Grand Verger",
    "placeTypes": [
     "villa"
    ],
    "names": [],
    "locationCertainty": "certain"
   }
  },
  {
   "type": "Feature",
   "geometry": {
    "type": "Point",
    "coordinates": [
     5.636884,
     44.231291
    ]
   },
   "properties": {
    "pid": "148104",
    "uri": "https://pleiades.stoa.org/places/148104",
    "title": "Lachau",
    "description": "A Gallo-Roman sanctuary.",
    "placeTypes": [
     "sanctuary"
    ],
    "names": [],
    "locationCertainty": "certain"
   }
  },
  {
   "type": "Feature",
   "geometry": {
    "type": "Point",
    "coordinates": [
     4.073615,
     43.653126
    ]
   },
   "properties": {
    "pid": "148105",
    "uri": "https://pleiades.stoa.org/places/148105",
    "title": "Lansargues",
    "description": "An ancient place, cited: BAtlas 15 C2 Lansargues",
    "placeTypes": [
     "cemetery"
    ],
    "names": [
     {
      "attested": "",
      "romanized": "Lansargues",
      "language": ""
     }
    ],
    "locationCertainty": "certain"
   }
  },
  {
   "type": "Feature",
   "geometry": {
    "type": "Point",
    "coordinates": [
     4.064647,
     44.208126
    ]
   },
   "properties": {
    "pid": "148108",
    "uri": "https://pleiades.stoa.org/places/148108",
    "title": "Laval",
    "description": "An ancient place, cited: BAtlas 15 C1 Laval",
    "placeTypes": [
     "mine-2"
    ],
    "names": [],
    "locationCertainty": "certain"
   }
  },
  {
   "type": "Feature",
   "geometry": {
    "type": "Point",
    "coordinates": [
     4.106828,
     43.98922
    ]
   },
   "properties": {
    "pid": "148109",
    "uri": "https://pleiades.stoa.org/places/148109",
    "title": "Lédignan",
    "description": "An ancient place, cited: BAtlas 15 C2 Lédignan",
    "placeTypes": [
     "settlement"
    ],
    "names": [],
    "locationCertainty": "certain"
   }
  },
  {
   "type": "Feature",
   "geometry": {
    "type": "Point",
    "coordinates": [
     5.074153,
     44.051312
    ]
   },
   "properties": {
    "pid": "148111",
    "uri": "https://pleiades.stoa.org/places/148111",
    "title": "La Legue",
    "description": "An ancient place, cited: BAtlas 15 E1 La Legue",
    "placeTypes": [
     "settlement"
    ],
    "names": [],
    "locationCertainty": "certain"
   }
  },
  {
   "type": "Feature",
   "geometry": {
    "type": "Point",
    "coordinates": [
     4.510532,
     43.914829
    ]
   },
   "properties": {
    "pid": "148112",
    "uri": "https://pleiades.stoa.org/places/148112",
    "title": "Lettino",
    "description": "An ancient place, cited: BAtlas 15 D2 Lettino",
    "placeTypes": [
     "settlement"
    ],
    "names": [
     {
      "attested": "",
      "romanized": "Lettino",
      "language": ""
     }
    ],
    "locationCertainty": "certain"
   }
  },
  {
   "type": "Feature",
   "geometry": {
    "type": "Point",
    "coordinates": [
     4.470160876410502,
     43.605985462643076
    ]
   },
   "properties": {
    "pid": "148114",
    "uri": "https://pleiades.stoa.org/places/148114",
    "title": "Libicii?",
    "description": "The Libicii? were a tribe of Cisalpine Gauls.",
    "placeTypes": [
     "label",
     "people"
    ],
    "names": [
     {
      "attested": "",
      "romanized": "Libicii",
      "language": ""
     }
    ],
    "locationCertainty": "less-certain"
   }
  },
  {
   "type": "Feature",
   "geometry": {
    "type": "Point",
    "coordinates": [
     4.657828,
     44.190374
    ]
   },
   "properties": {
    "pid": "148117",
    "uri": "https://pleiades.stoa.org/places/148117",
    "title": "Lombren",
    "description": "An ancient place, cited: BAtlas 15 D1 Lombren",
    "placeTypes": [
     "settlement"
    ],
    "names": [
     {
      "attested": "",
      "romanized": "Lombren, Vénéjan",
      "language": ""
     }
    ],
    "locationCertainty": "certain"
   }
  },
  {
   "type": "Feature",
   "geometry": {
    "type": "Point",
    "coordinates": [
     5.4167762927575485,
     43.813719076545105
    ]
   },
   "properties": {
    "pid": "148119",
    "uri": "https://pleiades.stoa.org/places/148119",
    "title": "Louerion (mountain)",
    "description": "Luberon.",
    "placeTypes": [
     "mountain",
     "label"
    ],
    "names": [
     {
      "attested": "",
      "romanized": "Louerion",
      "language": "grc"
     }
    ],
    "locationCertainty": "certain"
   }
  },
  {
   "type": "Feature",
   "geometry": {
    "type": "Point",
    "coordinates": [
     4.092021,
     43.679345
    ]
   },
   "properties": {
    "pid": "148120",
    "uri": "https://pleiades.stoa.org/places/148120",
    "title": "Lunel-Viel",
    "description": "An ancient place, cited: BAtlas 15 C2 Lunel-Viel",
    "placeTypes": [
     "settlement"
    ],
    "names": [
     {
      "attested": "Lunel-Viel",
      "romanized": "Lunel-Viel",
      "language": "fr"
     }
    ],
    "locationCertainty": "certain"
   }
  },
  {
   "type": "Feature",
   "geometry": {
    "type": "Point",
    "coordinates": [
     4.545053,
     43.927123
    ]
   },
   "properties": {
    "pid": "148124",
    "uri": "https://pleiades.stoa.org/places/148124",
    "title": "Marduel",
    "description": "An ancient place, cited: BAtlas 15 D2 Marduel",
    "placeTypes": [
     "settlement"
    ],
    "names": [],
    "locationCertainty": "certain"
   }
  },
  {
   "type": "Feature",
   "geometry": {
    "type": "Point",
    "coordinates": [
     4.188931,
     43.832128
    ]
   },
   "properties": {
    "pid": "148131",
    "uri": "https://pleiades.stoa.org/places/148131",
    "title": "Mauressip",
    "description": "A Gallo-Greek oppidum founded at the end of the sixth century BCE.",
    "placeTypes": [
     "fortified-settlement"
    ],
    "names": [
     {
      "attested": "",
      "romanized": "Serre Mouressipe",
      "language": ""
     }
    ],
    "locationCertainty": "certain"
   }
  },
  {
   "type": "Feature",
   "geometry": {
    "type": "Point",
    "coordinates": [
     5.032167717943858,
     44.092515760017235
    ]
   },
   "properties": {
    "pid": "148132",
    "uri": "https://pleiades.stoa.org/places/148132",
    "title": "Memini",
    "description": "An ancient place, cited: BAtlas 15 D1 Memini",
    "placeTypes": [
     "label",
     "people"
    ],
    "names": [
     {
      "attested": "",
      "romanized": "Memini",
      "language": ""
     }
    ],
    "locationCertainty": "certain"
   }
  },
  {
   "type": "Feature",
   "geometry": {
    "type": "Point",
    "coordinates": [
     5.991755560834942,
     45.273117022090375
    ]
   },
   "properties": {
    "pid": "148134",
    "uri": "https://pleiades.stoa.org/places/148134",
    "title": "Metapinum? Ostium",
    "description": "Metapinum? Ostium, the mouth of the Rhone river.",
    "placeTypes": [
     "river"
    ],
    "names": [
     {
      "attested": "",
      "romanized": "Metapinum Ostium",
      "language": ""
     }
    ],
    "locationCertainty": "certain"
   }
  },
  {
   "type": "Feature",
   "geometry": {
    "type": "Point",
    "coordinates": [
     4.200436,
     43.739746
    ]
   },
   "properties": {
    "pid": "148139",
    "uri": "https://pleiades.stoa.org/places/148139",
    "title": "Mus Roman Quarry",
    "description": "A Roman-era sandstone quarry at Mus in France.",
    "placeTypes": [
     "quarry"
    ],
    "names": [],
    "locationCertainty": "certain"
   }
  },
  {
   "type": "Feature",
   "geometry": {
    "type": "Point",
    "coordinates": [
     4.676669373911672,
     44.1116492349454
    ]
   },
   "properties": {
    "pid": "148141",
    "uri": "https://pleiades.stoa.org/places/148141",
    "title": "Narbonensis (region)",
    "description": "An ancient place, cited: BAtlas 15 C2 Narbonensis",
    "placeTypes": [
     "region",
     "label"
    ],
    "names": [
     {
      "attested": "",
      "romanized": "Narbonensis",
      "language": ""
     }
    ],
    "locationCertainty": "certain"
   }
  },
  {
   "type": "Feature",
   "geometry": {
    "type": "Point",
    "coordinates": [
     4.354169410377151,
     43.84311581199949
    ]
   },
   "properties": {
    "pid": "148142",
    "uri": "https://pleiades.stoa.org/places/148142",
    "title": "Nemausus",
    "description": "Nemausus (modern Nîmes, France) was the ancient capital of the Volcae Arecomici and later a Roman colony.",
    "placeTypes": [
     "fortified-settlement",
     "urban",
     "settlement",
     "settlement-modern"
    ],
    "names": [
     {
      "attested": "",
      "romanized": "Nemausus",
      "language": "la"
     },
     {
      "attested": "",
      "romanized": "Nîmes",
      "language": "fr"
     },
     {
      "attested": "Νεμαύσος",
      "romanized": "Nemausos",
      "language": "grc"
     },
     {
      "attested": "Nemvso",
      "romanized": "Nemuso",
      "language": "la"
     }
    ],
    "locationCertainty": "certain"
   }
  },
  {
   "type": "Feature",
   "geometry": {
    "type": "Point",
    "coordinates": [
     4.489537,
     43.941769
    ]
   },
   "properties": {
    "pid": "148143",
    "uri": "https://pleiades.stoa.org/places/148143",
    "title": "Notre-Dame-de-Laval",
    "description": "A pre-Roman and Gallo-Roman sanctuary at the locality called l'Ermitage de Notre-Dame-de-Laval.",
    "placeTypes": [
     "sanctuary"
    ],
    "names": [
     {
      "attested": "Notre-Dame-de-Laval",
      "romanized": "Notre-Dame-de-Laval",
      "language": "fr"
     }
    ],
    "locationCertainty": "certain"
   }
  },
  {
   "type": "Feature",
   "geometry": {
    "type": "Point",
    "coordinates": [
     5.1327154,
     43.9179002
    ]
   },
   "properties": {
    "pid": "148148",
    "uri": "https://pleiades.stoa.org/places/148148",
    "title": "Orga Fons",
    "description": "A natural spring. Modern Fontaine de Vaucluse in France.",
    "placeTypes": [
     "spring"
    ],
    "names": [
     {
      "attested": "",
      "romanized": "Orga Fons",
      "language": ""
     }
    ],
    "locationCertainty": "certain"
   }
  },
  {
   "type": "Feature",
   "geometry": {
    "type": "Point",
    "coordinates": [
     5.1439815374388775,
     44.20477754463684
    ]
   },
   "properties": {
    "pid": "148150",
    "uri": "https://pleiades.stoa.org/places/148150",
    "title": "Ovidis (river)",
    "description": "An ancient place, cited: BAtlas 15 D1 Ovidis fl.",
    "placeTypes": [
     "river"
    ],
    "names": [
     {
      "attested": "",
      "romanized": "Ovidis",
      "language": ""
     }
    ],
    "locationCertainty": "certain"
   }
  },
  {
   "type": "Feature",
   "geometry": {
    "type": "Point",
    "coordinates": [
     4.68401,
     43.841024
    ]
   },
   "properties": {
    "pid": "148152",
    "uri": "https://pleiades.stoa.org/places/148152",
    "title": "Pas de Bouquet",
    "description": "An ancient place, cited: BAtlas 15 D2 Pas de Bouquet",
    "placeTypes": [
     "settlement"
    ],
    "names": [],
    "locationCertainty": "certain"
   }
  },
  {
   "type": "Feature",
   "geometry": {
    "type": "Point",
    "coordinates": [
     4.207999617178253,
     43.72179272951815
    ]
   },
   "properties": {
    "pid": "148153",
    "uri": "https://pleiades.stoa.org/places/148153",
    "title": "Unnamed villa at Pataran",
    "description": "A Gallo-Roman villa at the so-called Cimetière de Pataran in the modern French commune of Aigues-Vives.",
    "placeTypes": [
     "villa"
    ],
    "names": [],
    "locationCertainty": "certain"
   }
  },
  {
   "type": "Feature",
   "geometry": {
    "type": "Point",
    "coordinates": [
     5.108164,
     43.61474
    ]
   },
   "properties": {
    "pid": "148157",
    "uri": "https://pleiades.stoa.org/places/148157",
    "title": "*Pisavi",
    "description": "An ancient place, cited: BAtlas 15 E2 *Pisavi",
    "placeTypes": [
     "station"
    ],
    "names": [
     {
      "attested": "",
      "romanized": "Pisavi",
      "language": ""
     }
    ],
    "locationCertainty": "certain"
   }
  },
  {
   "type": "Feature",
   "geometry": {
    "type": "Point",
    "coordinates": [
     4.031827,
     43.843617
    ]
   },
   "properties": {
    "pid": "148159",
    "uri": "https://pleiades.stoa.org/places/148159",
    "title": "Plan de la Tour",
    "description": "An ancient place, cited: BAtlas 15 C2 Plan de la Tour",
    "placeTypes": [
     "settlement"
    ],
    "names": [],
    "locationCertainty": "certain"
   }
  },
  {
   "type": "Feature",
   "geometry": {
    "type": "Point",
    "coordinates": [
     4.520524,
     43.753419
    ]
   },
   "properties": {
    "pid": "148160",
    "uri": "https://pleiades.stoa.org/places/148160",
    "title": "Pons Aerarius",
    "description": "An ancient place, cited: BAtlas 15 D2 Pons Aerarius",
    "placeTypes": [
     "station"
    ],
    "names": [
     {
      "attested": "",
      "romanized": "Pons Aerarius",
      "language": ""
     }
    ],
    "locationCertainty": "certain"
   }
  },
  {
   "type": "Feature",
   "geometry": {
    "type": "Point",
    "coordinates": [
     4.21688485,
     43.60455949999999
    ]
   },
   "properties": {
    "pid": "148162",
    "uri": "https://pleiades.stoa.org/places/148162",
    "title": "Psalmodi",
    "description": "An ancient place, cited: BAtlas 15 C2 Psalmodi",
    "placeTypes": [
     "villa"
    ],
    "names": [],
    "locationCertainty": "certain"
   }
  },
  {
   "type": "Feature",
   "geometry": {
    "type": "Point",
    "coordinates": [
     5.676205,
     43.524565
    ]
   },
   "properties": {
    "pid": "148163",
    "uri": "https://pleiades.stoa.org/places/148163",
    "title": "Puyloubier",
    "description": "An ancient place, cited: BAtlas 15 F2 Puyloubier",
    "placeTypes": [
     "villa"
    ],
    "names": [
     {
      "attested": "Puyloubier",
      "romanized": "Puyloubier",
      "language": "fr"
     }
    ],
    "locationCertainty": "certain"
   }
  },
  {
   "type": "Feature",
   "geometry": {
    "type": "Point",
    "coordinates": [
     4.870512,
     44.166326
    ]
   },
   "properties": {
    "pid": "148165",
    "uri": "https://pleiades.stoa.org/places/148165",
    "title": "Ratavoux",
    "description": "An ancient place, cited: BAtlas 15 D1 Ratavoux",
    "placeTypes": [
     "villa"
    ],
    "names": [],
    "locationCertainty": "certain"
   }
  },
  {
   "type": "Feature",
   "geometry": {
    "type": "Point",
    "coordinates": [
     4.361472,
     43.701887
    ]
   },
   "properties": {
    "pid": "148166",
    "uri": "https://pleiades.stoa.org/places/148166",
    "title": "Reculan",
    "description": "An ancient place, cited: BAtlas 15 C2 Reculan",
    "placeTypes": [
     "villa"
    ],
    "names": [],
    "locationCertainty": "certain"
   }
  },
  {
   "type": "Feature",
   "geometry": {
    "type": "Point",
    "coordinates": [
     4.433072,
     43.683289
    ]
   },
   "properties": {
    "pid": "148167",
    "uri": "https://pleiades.stoa.org/places/148167",
    "title": "Rhodanousia",
    "description": "An important pre-Roman and Roman settlement along the western reaches of the Rhône river.",
    "placeTypes": [
     "settlement"
    ],
    "names": [
     {
      "attested": "",
      "romanized": "Rhodanousia",
      "language": ""
     },
     {
      "attested": "",
      "romanized": "Espeyran",
      "language": ""
     }
    ],
    "locationCertainty": "certain"
   }
  },
  {
   "type": "Feature",
   "geometry": {
    "type": "Point",
    "coordinates": [
     6.335532195147458,
     45.12852163430194
    ]
   },
   "properties": {
    "pid": "148168",
    "uri": "https://pleiades.stoa.org/places/148168",
    "title": "Rhodanus (river)",
    "description": "The river now known as the Rhône is the second longest river in Gaul.",
    "placeTypes": [
     "river"
    ],
    "names": [
     {
      "attested": "Rhodanus",
      "romanized": "Rhodanus",
      "language": "la"
     },
     {
      "attested": "Ῥοδανός",
      "romanized": "Rhodanos, Rhodanós",
      "language": "grc"
     }
    ],
    "locationCertainty": "certain"
   }
  },
  {
   "type": "Feature",
   "geometry": {
    "type": "Point",
    "coordinates": [
     5.347325,
     43.663426
    ]
   },
   "properties": {
    "pid": "148169",
    "uri": "https://pleiades.stoa.org/places/148169",
    "title": "Rognes",
    "description": "An ancient place, cited: BAtlas 15 E2 Rognes",
    "placeTypes": [
     "tomb",
     "monument"
    ],
    "names": [],
    "locationCertainty": "certain"
   }
  },
  {
   "type": "Feature",
   "geometry": {
    "type": "Point",
    "coordinates": [
     4.224264779709273,
     43.79792491676628
    ]
   },
   "properties": {
    "pid": "148171",
    "uri": "https://pleiades.stoa.org/places/148171",
    "title": "Roque-de-Viou",
    "description": "Roque-de-Viou was an oppidum located in the Vaunage valley. Occupational evidence shows the site was in use between 700 BC and 600 BC, 350 BC and 300 BC and around 50 BC.",
    "placeTypes": [
     "fortified-settlement",
     "settlement"
    ],
    "names": [
     {
      "attested": "",
      "romanized": "Roque de Vif",
      "language": ""
     },
     {
      "attested": "Roque-de-Viou",
      "romanized": "Roque-de-Viou",
      "language": "fr"
     },
     {
      "attested": "Oppidum de Roque de Viou",
      "romanized": "Oppidum de Roque de Viou",
      "language": "fr"
     }
    ],
    "locationCertainty": "certain"
   }
  },
  {
   "type": "Feature",
   "geometry": {
    "type": "Point",
    "coordinates": [
     5.307481,
     43.515438
    ]
   },
   "properties": {
    "pid": "148172",
    "uri": "https://pleiades.stoa.org/places/148172",
    "title": "Roquefavour",
    "description": "An ancient place, cited: BAtlas 15 E2 Roquefavour",
    "placeTypes": [
     "settlement"
    ],
    "names": [],
    "locationCertainty": "certain"
   }
  },
  {
   "type": "Feature",
   "geometry": {
    "type": "Point",
    "coordinates": [
     4.327895,
     43.860661
    ]
   },
   "properties": {
    "pid": "148173",
    "uri": "https://pleiades.stoa.org/places/148173",
    "title": "Roquemaillère Roman Quarry",
    "description": "A Roman-era limestone quarry located to the north of Nîmes in modern France.",
    "placeTypes": [
     "quarry"
    ],
    "names": [],
    "locationCertainty": "less-certain"
   }
  },
  {
   "type": "Feature",
   "geometry": {
    "type": "Point",
    "coordinates": [
     5.271336381890937,
     43.532580141230156
    ]
   },
   "properties": {
    "pid": "148174",
    "uri": "https://pleiades.stoa.org/places/148174",
    "title": "Roquepertuse",
    "description": "An ancient place, cited: BAtlas 15 E2 Roquepertuse",
    "placeTypes": [
     "sanctuary",
     "settlement",
     "archaeological-site",
     "monument"
    ],
    "names": [
     {
      "attested": "",
      "romanized": "Roquepertuse",
      "language": ""
     }
    ],
    "locationCertainty": "certain"
   }
  },
  {
   "type": "Feature",
   "geometry": {
    "type": "Point",
    "coordinates": [
     5.111341,
     44.153408
    ]
   },
   "properties": {
    "pid": "148177",
    "uri": "https://pleiades.stoa.org/places/148177",
    "title": "St-Andéol",
    "description": "An ancient place, cited: BAtlas 15 E1 St-Andéol",
    "placeTypes": [
     "cemetery"
    ],
    "names": [],
    "locationCertainty": "certain"
   }
  },
  {
   "type": "Feature",
   "geometry": {
    "type": "Point",
    "coordinates": [
     5.205941,
     43.832178
    ]
   },
   "properties": {
    "pid": "148182",
    "uri": "https://pleiades.stoa.org/places/148182",
    "title": "St-Estève-de-Ménerbes",
    "description": "An ancient place, cited: BAtlas 15 E2 St-Estève-de-Ménerbes",
    "placeTypes": [
     "church"
    ],
    "names": [],
    "locationCertainty": "certain"
   }
  },
  {
   "type": "Feature",
   "geometry": {
    "type": "Point",
    "coordinates": [
     4.795944,
     43.962523
    ]
   },
   "properties": {
    "pid": "148183",
    "uri": "https://pleiades.stoa.org/places/148183",
    "title": "St-Etienne-de-Candau",
    "description": "An ancient place, cited: BAtlas 15 D2 St-Etienne-de-Candau",
    "placeTypes": [
     "villa"
    ],
    "names": [],
    "locationCertainty": "certain"
   }
  },
  {
   "type": "Feature",
   "geometry": {
    "type": "Point",
    "coordinates": [
     5.023986,
     43.84426
    ]
   },
   "properties": {
    "pid": "148185",
    "uri": "https://pleiades.stoa.org/places/148185",
    "title": "St-Jacques",
    "description": "An ancient place, cited: BAtlas 15 E2 St-Jacques",
    "placeTypes": [
     "settlement",
     "mountain"
    ],
    "names": [],
    "locationCertainty": "certain"
   }
  },
  {
   "type": "Feature",
   "geometry": {
    "type": "Point",
    "coordinates": [
     5.257071,
     43.528533
    ]
   },
   "properties": {
    "pid": "148191",
    "uri": "https://pleiades.stoa.org/places/148191",
    "title": "Ste-Propice",
    "description": "An ancient place, cited: BAtlas 15 E2 Ste-Propice",
    "placeTypes": [
     "villa"
    ],
    "names": [],
    "locationCertainty": "certain"
   }
  },
  {
   "type": "Feature",
   "geometry": {
    "type": "Point",
    "coordinates": [
     4.75,
     43.75
    ]
   },
   "properties": {
    "pid": "148193",
    "uri": "https://pleiades.stoa.org/places/148193",
    "title": "Salluvii",
    "description": "An ancient place, cited: BAtlas 15 D2 Salluvii",
    "placeTypes": [
     "people"
    ],
    "names": [
     {
      "attested": "",
      "romanized": "Salluvii",
      "language": ""
     }
    ],
    "locationCertainty": "certain"
   }
  },
  {
   "type": "Feature",
   "geometry": {
    "type": "Point",
    "coordinates": [
     5.428909185451646,
     43.59588350483029
    ]
   },
   "properties": {
    "pid": "148194",
    "uri": "https://pleiades.stoa.org/places/148194",
    "title": "Salyes",
    "description": "An ancient people, tribe, or cultural group.",
    "placeTypes": [
     "label",
     "people"
    ],
    "names": [
     {
      "attested": "",
      "romanized": "Salyes",
      "language": ""
     }
    ],
    "locationCertainty": "certain"
   }
  },
  {
   "type": "Feature",
   "geometry": {
    "type": "Point",
    "coordinates": [
     5.033321,
     44.221212
    ]
   },
   "properties": {
    "pid": "148196",
    "uri": "https://pleiades.stoa.org/places/148196",
    "title": "Sausses",
    "description": "An ancient place, cited: BAtlas 15 E1 Sausses",
    "placeTypes": [
     "villa"
    ],
    "names": [],
    "locationCertainty": "certain"
   }
  },
  {
   "type": "Feature",
   "geometry": {
    "type": "Point",
    "coordinates": [
     4.274308,
     44.176801
    ]
   },
   "properties": {
    "pid": "148198",
    "uri": "https://pleiades.stoa.org/places/148198",
    "title": "Segusio?",
    "description": "An ancient place, cited: BAtlas 15 C1 Segusio?",
    "placeTypes": [
     "settlement"
    ],
    "names": [
     {
      "attested": "",
      "romanized": "Segusio",
      "language": ""
     }
    ],
    "locationCertainty": "certain"
   }
  },
  {
   "type": "Feature",
   "geometry": {
    "type": "Point",
    "coordinates": [
     4.86796,
     43.704057
    ]
   },
   "properties": {
    "pid": "148199",
    "uri": "https://pleiades.stoa.org/places/148199",
    "title": "Servanne",
    "description": "An ancient place, cited: BAtlas 15 D2 Servanne",
    "placeTypes": [
     "villa"
    ],
    "names": [],
    "locationCertainty": "certain"
   }
  },
  {
   "type": "Feature",
   "geometry": {
    "type": "Point",
    "coordinates": [
     4.284619,
     44.116403
    ]
   },
   "properties": {
    "pid": "148205",
    "uri": "https://pleiades.stoa.org/places/148205",
    "title": "Statumae?",
    "description": "An ancient place, cited: BAtlas 15 C1 Statumae?",
    "placeTypes": [
     "settlement"
    ],
    "names": [
     {
      "attested": "",
      "romanized": "Statumae",
      "language": ""
     }
    ],
    "locationCertainty": "certain"
   }
  },
  {
   "type": "Feature",
   "geometry": {
    "type": "Point",
    "coordinates": [
     4.75,
     43.75
    ]
   },
   "properties": {
    "pid": "148208",
    "uri": "https://pleiades.stoa.org/places/148208",
    "title": "Les Taillades",
    "description": "An ancient place, cited: BAtlas 15 D2 Les Taillades",
    "placeTypes": [
     "unknown"
    ],
    "names": [],
    "locationCertainty": "certain"
   }
  },
  {
   "type": "Feature",
   "geometry": {
    "type": "Point",
    "coordinates": [
     4.662525,
     43.807937
    ]
   },
   "properties": {
    "pid": "148209",
    "uri": "https://pleiades.stoa.org/places/148209",
    "title": "Tarusco",
    "description": "An ancient place, cited: BAtlas 15 D2 Tarusco",
    "placeTypes": [
     "settlement"
    ],
    "names": [
     {
      "attested": "",
      "romanized": "Tarusco",
      "language": ""
     }
    ],
    "locationCertainty": "certain"
   }
  },
  {
   "type": "Feature",
   "geometry": {
    "type": "Point",
    "coordinates": [
     4.701146,
     44.011067
    ]
   },
   "properties": {
    "pid": "148212",
    "uri": "https://pleiades.stoa.org/places/148212",
    "title": "Tavel",
    "description": "An ancient place, cited: BAtlas 15 D1 Tavel",
    "placeTypes": [
     "villa"
    ],
    "names": [],
    "locationCertainty": "certain"
   }
  },
  {
   "type": "Feature",
   "geometry": {
    "type": "Point",
    "coordinates": [
     4.620892,
     43.898728
    ]
   },
   "properties": {
    "pid": "148213",
    "uri": "https://pleiades.stoa.org/places/148213",
    "title": "Tedusia?",
    "description": "An ancient place, cited: BAtlas 15 D2 Tedusia?",
    "placeTypes": [
     "settlement"
    ],
    "names": [
     {
      "attested": "",
      "romanized": "Tedusia",
      "language": ""
     }
    ],
    "locationCertainty": "certain"
   }
  },
  {
   "type": "Feature",
   "geometry": {
    "type": "Point",
    "coordinates": [
     4.879216665824316,
     43.711521319178914
    ]
   },
   "properties": {
    "pid": "148215",
    "uri": "https://pleiades.stoa.org/places/148215",
    "title": "Tericiae",
    "description": "An ancient place, cited: BAtlas 15 D2 Tericiae",
    "placeTypes": [
     "station"
    ],
    "names": [
     {
      "attested": "",
      "romanized": "Tericiae",
      "language": ""
     },
     {
      "attested": "",
      "romanized": "Mouriès",
      "language": ""
     }
    ],
    "locationCertainty": "certain"
   }
  },
  {
   "type": "Feature",
   "geometry": {
    "type": "Point",
    "coordinates": [
     4.630799,
     43.677616
    ]
   },
   "properties": {
    "pid": "148217",
    "uri": "https://pleiades.stoa.org/places/148217",
    "title": "Theline/Col. Arelate/Constantina",
    "description": "An ancient settlement located at modern Arles in France.",
    "placeTypes": [
     "settlement"
    ],
    "names": [
     {
      "attested": "",
      "romanized": "Theline",
      "language": ""
     },
     {
      "attested": "",
      "romanized": "Col. Arelate",
      "language": ""
     },
     {
      "attested": "",
      "romanized": "Constantina",
      "language": ""
     },
     {
      "attested": "",
      "romanized": "Col. Iulia Paterna Sextanorum Arelate",
      "language": ""
     },
     {
      "attested": "",
      "romanized": "Arles",
      "language": "fr"
     }
    ],
    "locationCertainty": "certain"
   }
  },
  {
   "type": "Feature",
   "geometry": {
    "type": "Point",
    "coordinates": [
     4.652058,
     43.804505
    ]
   },
   "properties": {
    "pid": "148218",
    "uri": "https://pleiades.stoa.org/places/148218",
    "title": "Traiectum Rhodani",
    "description": "An ancient place, cited: BAtlas 15 D2 Traiectum Rhodani",
    "placeTypes": [
     "station"
    ],
    "names": [
     {
      "attested": "",
      "romanized": "Traiectum Rhodani",
      "language": ""
     }
    ],
    "locationCertainty": "certain"
   }
  },
  {
   "type": "Feature",
   "geometry": {
    "type": "Point",
    "coordinates": [
     4.4206129999999995,
     44.011407500000004
    ]
   },
   "properties": {
    "pid": "148222",
    "uri": "https://pleiades.stoa.org/places/148222",
    "title": "Ucetia",
    "description": "An ancient place, cited: BAtlas 15 C1 Ucetia",
    "placeTypes": [
     "settlement"
    ],
    "names": [
     {
      "attested": "",
      "romanized": "Ucetia",
      "language": ""
     },
     {
      "attested": "",
      "romanized": "Uzès",
      "language": ""
     }
    ],
    "locationCertainty": "certain"
   }
  },
  {
   "type": "Feature",
   "geometry": {
    "type": "Point",
    "coordinates": [
     4.635555,
     43.811154
    ]
   },
   "properties": {
    "pid": "148223",
    "uri": "https://pleiades.stoa.org/places/148223",
    "title": "Ugernum",
    "description": "Ugernum was a waypoint on the Via Domitia located on the right bank of the Rhodanus fl.",
    "placeTypes": [
     "settlement"
    ],
    "names": [
     {
      "attested": "",
      "romanized": "Ugernum",
      "language": ""
     },
     {
      "attested": "",
      "romanized": "Beaucaire",
      "language": ""
     },
     {
      "attested": "VGERNO",
      "romanized": "Ugerno",
      "language": "la"
     }
    ],
    "locationCertainty": "certain"
   }
  },
  {
   "type": "Feature",
   "geometry": {
    "type": "Point",
    "coordinates": [
     4.430958580519146,
     44.01540217468817
    ]
   },
   "properties": {
    "pid": "148224",
    "uri": "https://pleiades.stoa.org/places/148224",
    "title": "Ura Fons",
    "description": "The Ura Fons was a source of water for ancient Nemausus.",
    "placeTypes": [
     "spring",
     "reservoir"
    ],
    "names": [
     {
      "attested": "",
      "romanized": "Ura Fons",
      "language": ""
     }
    ],
    "locationCertainty": "certain"
   }
  },
  {
   "type": "Feature",
   "geometry": {
    "type": "Point",
    "coordinates": [
     4.647629,
     44.256597
    ]
   },
   "properties": {
    "pid": "148226",
    "uri": "https://pleiades.stoa.org/places/148226",
    "title": "Vallis Clara",
    "description": "An ancient place, cited: BAtlas 15 D1 Vallis Clara",
    "placeTypes": [
     "settlement"
    ],
    "names": [
     {
      "attested": "",
      "romanized": "Vallis Clara",
      "language": ""
     }
    ],
    "locationCertainty": "certain"
   }
  },
  {
   "type": "Feature",
   "geometry": {
    "type": "Point",
    "coordinates": [
     4.069582,
     43.801124
    ]
   },
   "properties": {
    "pid": "148227",
    "uri": "https://pleiades.stoa.org/places/148227",
    "title": "*Varatunnum",
    "description": "An ancient place, cited: BAtlas 15 C2 *Varatunnum",
    "placeTypes": [
     "settlement"
    ],
    "names": [
     {
      "attested": "",
      "romanized": "Varatunnum",
      "language": ""
     }
    ],
    "locationCertainty": "certain"
   }
  },
  {
   "type": "Feature",
   "geometry": {
    "type": "Point",
    "coordinates": [
     5.073346376523829,
     44.240390836017525
    ]
   },
   "properties": {
    "pid": "148228",
    "uri": "https://pleiades.stoa.org/places/148228",
    "title": "Vasio",
    "description": "Vasio (modern Vaison-la-Romaine) was the civitas capital of the Vocontii and eventually received Roman status by the late first century BC.",
    "placeTypes": [
     "settlement",
     "architecturalcomplex",
     "bath"
    ],
    "names": [
     {
      "attested": "",
      "romanized": "Vasio",
      "language": ""
     },
     {
      "attested": "",
      "romanized": "Vaison-la-Romaine",
      "language": "fr"
     },
     {
      "attested": "Vasio Vocontiorum",
      "romanized": "Vasio Vocontiorum",
      "language": "la"
     }
    ],
    "locationCertainty": "certain"
   }
  },
  {
   "type": "Feature",
   "geometry": {
    "type": "Point",
    "coordinates": [
     4.178358,
     44.10189
    ]
   },
   "properties": {
    "pid": "148229",
    "uri": "https://pleiades.stoa.org/places/148229",
    "title": "Vatrute?",
    "description": "A pre-Roman and Roman oppidum located in the valley of the Droude river.",
    "placeTypes": [
     "settlement"
    ],
    "names": [
     {
      "attested": "",
      "romanized": "Vatrute",
      "language": ""
     },
     {
      "attested": "",
      "romanized": "Vieille Cité",
      "language": ""
     }
    ],
    "locationCertainty": "certain"
   }
  },
  {
   "type": "Feature",
   "geometry": {
    "type": "Point",
    "coordinates": [
     5.699263,
     43.636677
    ]
   },
   "properties": {
    "pid": "148230",
    "uri": "https://pleiades.stoa.org/places/148230",
    "title": "La Vautubière",
    "description": "An ancient place, cited: BAtlas 15 E2 La Vautubière",
    "placeTypes": [
     "villa"
    ],
    "names": [],
    "locationCertainty": "certain"
   }
  },
  {
   "type": "Feature",
   "geometry": {
    "type": "Point",
    "coordinates": [
     5.378241,
     43.732319
    ]
   },
   "properties": {
    "pid": "148232",
    "uri": "https://pleiades.stoa.org/places/148232",
    "title": "Les Vérunes",
    "description": "An ancient place, cited: BAtlas 15 E2 Les Vérunes",
    "placeTypes": [
     "settlement"
    ],
    "names": [],
    "locationCertainty": "certain"
   }
  },
  {
   "type": "Feature",
   "geometry": {
    "type": "Point",
    "coordinates": [
     4.0941855,
     43.786467
    ]
   },
   "properties": {
    "pid": "148235",
    "uri": "https://pleiades.stoa.org/places/148235",
    "title": "Villevieille",
    "description": "An ancient place, cited: BAtlas 15 C2 Villevieille",
    "placeTypes": [
     "settlement"
    ],
    "names": [
     {
      "attested": "",
      "romanized": "Villevieille",
      "language": ""
     }
    ],
    "locationCertainty": "certain"
   }
  },
  {
   "type": "Feature",
   "geometry": {
    "type": "Point",
    "coordinates": [
     4.903091,
     43.998253
    ]
   },
   "properties": {
    "pid": "148236",
    "uri": "https://pleiades.stoa.org/places/148236",
    "title": "Vindalium?",
    "description": "Vindalium? is a site in Gallia Narbonensis where Domitius Ahenobarbus defeated the Allobroges (121 BC).",
    "placeTypes": [
     "settlement"
    ],
    "names": [
     {
      "attested": "",
      "romanized": "Vindalium",
      "language": ""
     }
    ],
    "locationCertainty": "certain"
   }
  },
  {
   "type": "Feature",
   "geometry": {
    "type": "Point",
    "coordinates": [
     5.146838,
     43.99512
    ]
   },
   "properties": {
    "pid": "148237",
    "uri": "https://pleiades.stoa.org/places/148237",
    "title": "Vindasca",
    "description": "An ancient place, cited: BAtlas 15 E2 Vindasca",
    "placeTypes": [
     "settlement"
    ],
    "names": [
     {
      "attested": "",
      "romanized": "Vindasca",
      "language": ""
     }
    ],
    "locationCertainty": "certain"
   }
  },
  {
   "type": "Feature",
   "geometry": {
    "type": "Point",
    "coordinates": [
     5.0137093244493025,
     43.96668765092438
    ]
   },
   "properties": {
    "pid": "148238",
    "uri": "https://pleiades.stoa.org/places/148238",
    "title": "Vindelicus/Soulgas (river)",
    "description": "Vindelicus/Soulgas fl. (Sorgue river) is a river of southeastern France, situated between the Alps and the Rhone river.",
    "placeTypes": [
     "river"
    ],
    "names": [
     {
      "attested": "",
      "romanized": "Vindelicus",
      "language": ""
     },
     {
      "attested": "",
      "romanized": "Soulgas",
      "language": ""
     }
    ],
    "locationCertainty": "certain"
   }
  },
  {
   "type": "Feature",
   "geometry": {
    "type": "Point",
    "coordinates": [
     5.2784086,
     44.1734971
    ]
   },
   "properties": {
    "pid": "148239",
    "uri": "https://pleiades.stoa.org/places/148239",
    "title": "Vintur (mountain)",
    "description": "Mont Ventoux.",
    "placeTypes": [
     "mountain"
    ],
    "names": [
     {
      "attested": "",
      "romanized": "Vintur",
      "language": ""
     }
    ],
    "locationCertainty": "certain"
   }
  },
  {
   "type": "Feature",
   "geometry": {
    "type": "Point",
    "coordinates": [
     4.275054,
     43.69458
    ]
   },
   "properties": {
    "pid": "148240",
    "uri": "https://pleiades.stoa.org/places/148240",
    "title": "*Virinnae?",
    "description": "An ancient place, cited: BAtlas 15 C2 *Virinnae?",
    "placeTypes": [
     "settlement"
    ],
    "names": [
     {
      "attested": "",
      "romanized": "Virinnae",
      "language": ""
     }
    ],
    "locationCertainty": "certain"
   }
  },
  {
   "type": "Feature",
   "geometry": {
    "type": "Point",
    "coordinates": [
     5.45529516557038,
     44.16050306692806
    ]
   },
   "properties": {
    "pid": "148241",
    "uri": "https://pleiades.stoa.org/places/148241",
    "title": "Vocontii",
    "description": "The Vocontii were a Gallic people living to the east of the Rhone river.",
    "placeTypes": [
     "label",
     "people"
    ],
    "names": [
     {
      "attested": "",
      "romanized": "Vocontii",
      "language": ""
     },
     {
      "attested": "Bocontii",
      "romanized": "Bocontii",
      "language": "la"
     }
    ],
    "locationCertainty": "certain"
   }
  },
  {
   "type": "Feature",
   "geometry": {
    "type": "Point",
    "coordinates": [
     5.373040469409063,
     43.91880023387823
    ]
   },
   "properties": {
    "pid": "148244",
    "uri": "https://pleiades.stoa.org/places/148244",
    "title": "Vulgientes",
    "description": "The Vulgientes were a Celtic people in Gallia Narbonensis.",
    "placeTypes": [
     "label",
     "people"
    ],
    "names": [
     {
      "attested": "",
      "romanized": "Vulgientes",
      "language": ""
     }
    ],
    "locationCertainty": "certain"
   }
  },
  {
   "type": "Feature",
   "geometry": {
    "type": "Point",
    "coordinates": [
     4.528516366982,
     43.95230677881451
    ]
   },
   "properties": {
    "pid": "148738",
    "uri": "https://pleiades.stoa.org/places/148738",
    "title": "Nîmes aqueduct",
    "description": "Supplied Nemausus with water from the mid-first to sixth centuries AD.",
    "placeTypes": [
     "aqueduct"
    ],
    "names": [],
    "locationCertainty": "certain"
   }
  },
  {
   "type": "Feature",
   "geometry": {
    "type": "Point",
    "coordinates": [
     4.630799,
     43.677616
    ]
   },
   "properties": {
    "pid": "148739",
    "uri": "https://pleiades.stoa.org/places/148739",
    "title": "Unnamed aqueducts",
    "description": "unnamed aqueduct group at Arelate",
    "placeTypes": [
     "aqueduct"
    ],
    "names": [],
    "locationCertainty": "certain"
   }
  },
  {
   "type": "Feature",
   "geometry": {
    "type": "Point",
    "coordinates": [
     5.25,
     44.25
    ]
   },
   "properties": {
    "pid": "148740",
    "uri": "https://pleiades.stoa.org/places/148740",
    "title": "Unnamed aqueducts",
    "description": "unnamed aqueduct group (Vasio)",
    "placeTypes": [
     "aqueduct"
    ],
    "names": [],
    "locationCertainty": "certain"
   }
  },
  {
   "type": "Feature",
   "geometry": {
    "type": "Point",
    "coordinates": [
     5.25,
     43.75
    ]
   },
   "properties": {
    "pid": "148741",
    "uri": "https://pleiades.stoa.org/places/148741",
    "title": "Untitled",
    "description": "An ancient place, cited: BAtlas 15 E2 unnamed aqueduct (Fontaine de Vaucluse)",
    "placeTypes": [
     "aqueduct"
    ],
    "names": [],
    "locationCertainty": "certain"
   }
  },
  {
   "type": "Feature",
   "geometry": {
    "type": "Point",
    "coordinates": [
     5.25,
     43.75
    ]
   },
   "properties": {
    "pid": "148742",
    "uri": "https://pleiades.stoa.org/places/148742",
    "title": "Unnamed aqueducts",
    "description": "unnamed aqueduct group (Aquae Sextiae)",
    "placeTypes": [
     "aqueduct"
    ],
    "names": [],
    "locationCertainty": "certain"
   }
  },
  {
   "type": "Feature",
   "geometry": {
    "type": "Point",
    "coordinates": [
     4.151942549999999,
     43.7172164
    ]
   },
   "properties": {
    "pid": "149492",
    "uri": "https://pleiades.stoa.org/places/149492",
    "title": "Pont d'Ambroix",
    "description": "A bridge over the Vidourle and road station on the Via Domitia.",
    "placeTypes": [
     "bridge",
     "station"
    ],
    "names": [],
    "locationCertainty": "certain"
   }
  },
  {
   "type": "Feature",
   "geometry": {
    "type": "Point",
    "coordinates": [
     4.088960991551396,
     43.78223547231463
    ]
   },
   "properties": {
    "pid": "149493",
    "uri": "https://pleiades.stoa.org/places/149493",
    "title": "Roman Bridge at Villevieille, Sommières",
    "description": "The so-called \"Pont Tibère\" in the modern French commune of Villevieille, in Sommières canton, France. Its ancient name is unknown.",
    "placeTypes": [
     "bridge"
    ],
    "names": [],
    "locationCertainty": "certain"
   }
  },
  {
   "type": "Feature",
   "geometry": {
    "type": "Point",
    "coordinates": [
     4.08143775,
     43.761684149999994
    ]
   },
   "properties": {
    "pid": "149494",
    "uri": "https://pleiades.stoa.org/places/149494",
    "title": "Roman Bridge at Moulin de Boisseron",
    "description": "Ancient name unknown. Located in modern Boisseron, France.",
    "placeTypes": [
     "bridge"
    ],
    "names": [],
    "locationCertainty": "certain"
   }
  },
  {
   "type": "Feature",
   "geometry": {
    "type": "Point",
    "coordinates": [
     4.2109259,
     43.7914388
    ]
   },
   "properties": {
    "pid": "149495",
    "uri": "https://pleiades.stoa.org/places/149495",
    "title": "Nages Roman Bridge",
    "description": "An unnamed Roman bridge over the modern river Rhôny. It is located in the modern Nages-et-Solorgues commune in France's Gard department.",
    "placeTypes": [
     "bridge"
    ],
    "names": [],
    "locationCertainty": "certain"
   }
  },
  {
   "type": "Feature",
   "geometry": {
    "type": "Point",
    "coordinates": [
     4.5352910717211365,
     43.94725382164249
    ]
   },
   "properties": {
    "pid": "149496",
    "uri": "https://pleiades.stoa.org/places/149496",
    "title": "Pont du Gard",
    "description": "The Pont du Gard is an ancient Roman aqueduct bridge that crosses the Gardon River near the town of Vers-Pont-du-Gard in the south of France. It was enrolled as a UNESCO World Heritage Site in 1985.",
    "placeTypes": [
     "aqueduct",
     "bridge"
    ],
    "names": [
     {
      "attested": "Pont du Gard",
      "romanized": "Pont du Gard",
      "language": "fr"
     }
    ],
    "locationCertainty": "certain"
   }
  },
  {
   "type": "Feature",
   "geometry": {
    "type": "Point",
    "coordinates": [
     4.626751,
     43.681847
    ]
   },
   "properties": {
    "pid": "149497",
    "uri": "https://pleiades.stoa.org/places/149497",
    "title": "Untitled",
    "description": "An ancient place, cited: BAtlas 15 D2 unnamed bridge (Col. Arelate (pontoon bridge))",
    "placeTypes": [
     "bridge"
    ],
    "names": [],
    "locationCertainty": "certain"
   }
  },
  {
   "type": "Feature",
   "geometry": {
    "type": "Point",
    "coordinates": [
     5.07466205,
     44.23891185
    ]
   },
   "properties": {
    "pid": "149498",
    "uri": "https://pleiades.stoa.org/places/149498",
    "title": "Vaison-la-Romaine Roman Bridge",
    "description": "The Roman bridge at Vaison-la-Romaine is supposedly dated to the first century CE.",
    "placeTypes": [
     "bridge"
    ],
    "names": [],
    "locationCertainty": "certain"
   }
  },
  {
   "type": "Feature",
   "geometry": {
    "type": "Point",
    "coordinates": [
     5.043846299999999,
     43.54065216666667
    ]
   },
   "properties": {
    "pid": "149499",
    "uri": "https://pleiades.stoa.org/places/149499",
    "title": "Pont Flavien",
    "description": "A Roman bridge that carries the Via Julia Augusta across the Touloubre river.",
    "placeTypes": [
     "bridge"
    ],
    "names": [],
    "locationCertainty": "certain"
   }
  },
  {
   "type": "Feature",
   "geometry": {
    "type": "Point",
    "coordinates": [
     5.306486299795836,
     43.86272390133762
    ]
   },
   "properties": {
    "pid": "149500",
    "uri": "https://pleiades.stoa.org/places/149500",
    "title": "Pont Julien",
    "description": "A bridge that spans the river known as the Cavalon (French), once part of the Via Domitia.",
    "placeTypes": [
     "bridge"
    ],
    "names": [],
    "locationCertainty": "certain"
   }
  },
  {
   "type": "Feature",
   "geometry": {
    "type": "Point",
    "coordinates": [
     5.4666955999999995,
     45.78757255
    ]
   },
   "properties": {
    "pid": "14985147",
    "uri": "https://pleiades.stoa.org/places/14985147",
    "title": "Briord Roman aqueduct",
    "description": "The Briord Roman aqueduct.",
    "placeTypes": [
     "aqueduct"
    ],
    "names": [],
    "locationCertainty": "certain"
   }
  },
  {
   "type": "Feature",
   "geometry": {
    "type": "Point",
    "coordinates": [
     4.1496005,
     43.715607
    ]
   },
   "properties": {
    "pid": "150250",
    "uri": "https://pleiades.stoa.org/places/150250",
    "title": "Centuriation in the vicinity of Ambrussum",
    "description": "An ancient place, cited: BAtlas 15 C2 unnamed centuriation (around Ambrussum and SE Nemausus (Nîmes I))",
    "placeTypes": [
     "centuriation"
    ],
    "names": [],
    "locationCertainty": "certain"
   }
  },
  {
   "type": "Feature",
   "geometry": {
    "type": "Point",
    "coordinates": [
     4.25,
     43.75
    ]
   },
   "properties": {
    "pid": "150251",
    "uri": "https://pleiades.stoa.org/places/150251",
    "title": "Untitled",
    "description": "An ancient place, cited: BAtlas 15 C2 unnamed centuriation (around Rhodanousia (St-Gilles))",
    "placeTypes": [
     "centuriation"
    ],
    "names": [],
    "locationCertainty": "certain"
   }
  },
  {
   "type": "Feature",
   "geometry": {
    "type": "Point",
    "coordinates": [
     4.75,
     44.25
    ]
   },
   "properties": {
    "pid": "150252",
    "uri": "https://pleiades.stoa.org/places/150252",
    "title": "Untitled",
    "description": "An ancient place, cited: BAtlas 15 D1 unnamed centuriation (around Col. Arausio, Vasio and Carpentorate (Orange B))",
    "placeTypes": [
     "centuriation"
    ],
    "names": [],
    "locationCertainty": "certain"
   }
  },
  {
   "type": "Feature",
   "geometry": {
    "type": "Point",
    "coordinates": [
     4.75,
     43.75
    ]
   },
   "properties": {
    "pid": "150253",
    "uri": "https://pleiades.stoa.org/places/150253",
    "title": "Untitled",
    "description": "An ancient place, cited: BAtlas 15 D2 unnamed centuriation (around Ugernum, Cabellio, Avennio (Orange A))",
    "placeTypes": [
     "centuriation"
    ],
    "names": [],
    "locationCertainty": "certain"
   }
  },
  {
   "type": "Feature",
   "geometry": {
    "type": "Point",
    "coordinates": [
     4.75,
     43.75
    ]
   },
   "properties": {
    "pid": "150254",
    "uri": "https://pleiades.stoa.org/places/150254",
    "title": "Untitled",
    "description": "An ancient place, cited: BAtlas 15 D2 unnamed centuriation (around Col. Arelate (Orange C))",
    "placeTypes": [
     "centuriation"
    ],
    "names": [],
    "locationCertainty": "certain"
   }
  },
  {
   "type": "Feature",
   "geometry": {
    "type": "Point",
    "coordinates": [
     6.956062,
     43.549999
    ]
   },
   "properties": {
    "pid": "157798",
    "uri": "https://pleiades.stoa.org/places/157798",
    "title": "Ad Horrea",
    "description": "An ancient place, cited: BAtlas 16 C2 Ad Horrea",
    "placeTypes": [
     "station"
    ],
    "names": [
     {
      "attested": "",
      "romanized": "Ad Horrea",
      "language": ""
     }
    ],
    "locationCertainty": "certain"
   }
  },
  {
   "type": "Feature",
   "geometry": {
    "type": "Point",
    "coordinates": [
     5.870795,
     43.946068999999994
    ]
   },
   "properties": {
    "pid": "157800",
    "uri": "https://pleiades.stoa.org/places/157800",
    "title": "Alaunium",
    "description": "An ancient place, cited: BAtlas 16 A2 Alaunium",
    "placeTypes": [
     "station"
    ],
    "names": [
     {
      "attested": "",
      "romanized": "Alaunium",
      "language": ""
     }
    ],
    "locationCertainty": "certain"
   }
  },
  {
   "type": "Feature",
   "geometry": {
    "type": "Point",
    "coordinates": [
     7.625772,
     43.789146
    ]
   },
   "properties": {
    "pid": "157802",
    "uri": "https://pleiades.stoa.org/places/157802",
    "title": "Alb(i)um Intimilium/Albintimilium",
    "description": "Alb(i)um Intimilium/Albintimilium (modern Ventimiglia) was the main settlement of the Ligurian tribe of the Intemelii. In the 2nd century BC, it came under the control of the Roman Republic. Albintimilium became a municipium in 89 BC in the tribus Falerna. In the same period, the city walls were built, with several towers. The city flourished in the early Imperial period, with baths, an aqueduct, and a theater. In the 6th and early 7th century, it was a Byzantine kastron, coming under the control of the Longobards in 641. During the 7th and 8th centuries, the Roman city was slowly abandoned in favour of a smaller hilltop settlement focused around the Cathedral.",
    "placeTypes": [
     "settlement",
     "archaeological-site",
     "settlement-modern"
    ],
    "names": [
     {
      "attested": "",
      "romanized": "Albium Intimilium",
      "language": ""
     },
     {
      "attested": "oppidum Album Intimilium",
      "romanized": "Album Intimilium",
      "language": "la"
     },
     {
      "attested": "",
      "romanized": "Albintimilium",
      "language": ""
     },
     {
      "attested": "Ἄλβιον Ἰντεμέλιον",
      "romanized": "Albion Intemelion",
      "language": "grc"
     },
     {
      "attested": "Βιντιμιλίω",
      "romanized": "Bintimilio",
      "language": "grc"
     },
     {
      "attested": "Victimilium",
      "romanized": "Victimilium",
      "language": "la"
     },
     {
      "attested": "Vintimilium",
      "romanized": "Vintimilium",
      "language": "la"
     },
     {
      "attested": "Ventimiglia",
      "romanized": "Ventimiglia",
      "language": "it"
     },
     {
      "attested": "Alb(i)um Intimilium/Albintimilium",
      "romanized": "Alb(i)um Intimilium/Albintimilium",
      "language": "la"
     }
    ],
    "locationCertainty": "certain"
   }
  },
  {
   "type": "Feature",
   "geometry": {
    "type": "Point",
    "coordinates": [
     6.090718,
     43.818614
    ]
   },
   "properties": {
    "pid": "157805",
    "uri": "https://pleiades.stoa.org/places/157805",
    "title": "Alebaece Reiorum Apollinarium/Apollinaris Reiorum/Reii",
    "description": "Alebaece Reiorum Apollinarium/Apollinaris Reiorum/Reii was the capital of the tribe of the Reii. Modern Riez in France's Alpes-de-Haute-Provence department.",
    "placeTypes": [
     "settlement"
    ],
    "names": [
     {
      "attested": "Alebaece Reiorum Apollinarium",
      "romanized": "Alebaece Reiorum Apollinarium",
      "language": "la"
     },
     {
      "attested": "",
      "romanized": "Apollinaris Reiorum",
      "language": ""
     },
     {
      "attested": "",
      "romanized": "Reii",
      "language": ""
     },
     {
      "attested": "Riez",
      "romanized": "Riez",
      "language": "fr"
     },
     {
      "attested": "Reis Apollinaris",
      "romanized": "Reis Apollinaris",
      "language": "la"
     }
    ],
    "locationCertainty": "certain"
   }
  },
  {
   "type": "Feature",
   "geometry": {
    "type": "Point",
    "coordinates": [
     6.25,
     44.25
    ]
   },
   "properties": {
    "pid": "157806",
    "uri": "https://pleiades.stoa.org/places/157806",
    "title": "Alpes Maritimae",
    "description": "Nero extended Latin rights to a region formerly pacified during the reign of Augustus. He incorporated the province of Alpes Maritimae in 63 CE with Cemenelum (modern Cimiez) as its capital.",
    "placeTypes": [
     "region",
     "label",
     "province-2"
    ],
    "names": [
     {
      "attested": "",
      "romanized": "Alpes Maritimae",
      "language": ""
     }
    ],
    "locationCertainty": "certain"
   }
  },
  {
   "type": "Feature",
   "geometry": {
    "type": "Point",
    "coordinates": [
     7.333909,
     43.688824
    ]
   },
   "properties": {
    "pid": "157810",
    "uri": "https://pleiades.stoa.org/places/157810",
    "title": "*Anao",
    "description": "An ancient place, cited: BAtlas 16 D2 *Anao",
    "placeTypes": [
     "station"
    ],
    "names": [
     {
      "attested": "",
      "romanized": "Anao",
      "language": ""
     }
    ],
    "locationCertainty": "certain"
   }
  },
  {
   "type": "Feature",
   "geometry": {
    "type": "Point",
    "coordinates": [
     6.452838,
     43.544792
    ]
   },
   "properties": {
    "pid": "157811",
    "uri": "https://pleiades.stoa.org/places/157811",
    "title": "Anteae",
    "description": "An ancient place, cited: BAtlas 16 B2 Anteae",
    "placeTypes": [
     "station"
    ],
    "names": [
     {
      "attested": "",
      "romanized": "Anteae",
      "language": ""
     },
     {
      "attested": "",
      "romanized": "Draguignan",
      "language": ""
     }
    ],
    "locationCertainty": "certain"
   }
  },
  {
   "type": "Feature",
   "geometry": {
    "type": "Point",
    "coordinates": [
     7.120902,
     43.580587
    ]
   },
   "properties": {
    "pid": "157812",
    "uri": "https://pleiades.stoa.org/places/157812",
    "title": "Antipolis",
    "description": "Antipolis (modern Antibes) was founded as a colony from Massilia in the fifth century BC and emerged as a key trading center. In the late first century BC the city was incorporated into the Roman province of Gallia Narbonensis.",
    "placeTypes": [
     "settlement",
     "port"
    ],
    "names": [
     {
      "attested": "",
      "romanized": "Antipolis",
      "language": ""
     },
     {
      "attested": "",
      "romanized": "Antibes",
      "language": ""
     }
    ],
    "locationCertainty": "certain"
   }
  },
  {
   "type": "Feature",
   "geometry": {
    "type": "Point",
    "coordinates": [
     6.842304154669603,
     43.63787231525713
    ]
   },
   "properties": {
    "pid": "157814",
    "uri": "https://pleiades.stoa.org/places/157814",
    "title": "Apron (river)",
    "description": "An ancient river on the Mediterranean littoral of what is now France, the Apron is possibly to be associated with the modern Siagne.",
    "placeTypes": [
     "river"
    ],
    "names": [
     {
      "attested": "",
      "romanized": "Apron",
      "language": ""
     }
    ],
    "locationCertainty": "less-certain"
   }
  },
  {
   "type": "Feature",
   "geometry": {
    "type": "Point",
    "coordinates": [
     7.381752,
     43.724847
    ]
   },
   "properties": {
    "pid": "157817",
    "uri": "https://pleiades.stoa.org/places/157817",
    "title": "*Avisio",
    "description": "An ancient place, cited: BAtlas 16 D2 *Avisio",
    "placeTypes": [
     "station"
    ],
    "names": [
     {
      "attested": "",
      "romanized": "Avisio",
      "language": ""
     }
    ],
    "locationCertainty": "certain"
   }
  },
  {
   "type": "Feature",
   "geometry": {
    "type": "Point",
    "coordinates": [
     7.1240229,
     43.7429727
    ]
   },
   "properties": {
    "pid": "157819",
    "uri": "https://pleiades.stoa.org/places/157819",
    "title": "Baou-des-Noirs",
    "description": "An ancient place, cited: BAtlas 16 D2 Baou-des-Noirs",
    "placeTypes": [
     "settlement",
     "archaeological-site"
    ],
    "names": [],
    "locationCertainty": "certain"
   }
  },
  {
   "type": "Feature",
   "geometry": {
    "type": "Point",
    "coordinates": [
     6.218012919143464,
     44.078557418791036
    ]
   },
   "properties": {
    "pid": "157822",
    "uri": "https://pleiades.stoa.org/places/157822",
    "title": "Bodiontici",
    "description": "An ancient place, cited: BAtlas 16 B1 Bodiontici",
    "placeTypes": [
     "label",
     "people"
    ],
    "names": [
     {
      "attested": "",
      "romanized": "Bodiontici",
      "language": ""
     }
    ],
    "locationCertainty": "certain"
   }
  },
  {
   "type": "Feature",
   "geometry": {
    "type": "Point",
    "coordinates": [
     7.66083,
     43.779807
    ]
   },
   "properties": {
    "pid": "157823",
    "uri": "https://pleiades.stoa.org/places/157823",
    "title": "Bordighera",
    "description": "An ancient place, cited: BAtlas 16 E2 Bordighera",
    "placeTypes": [
     "cemetery"
    ],
    "names": [
     {
      "attested": "Bordighera",
      "romanized": "Bordighera",
      "language": "it"
     }
    ],
    "locationCertainty": "certain"
   }
  },
  {
   "type": "Feature",
   "geometry": {
    "type": "Point",
    "coordinates": [
     6.758067,
     43.864627
    ]
   },
   "properties": {
    "pid": "157827",
    "uri": "https://pleiades.stoa.org/places/157827",
    "title": "*Brigomagus",
    "description": "An ancient place, cited: BAtlas 16 C2 *Brigomagus",
    "placeTypes": [
     "settlement"
    ],
    "names": [
     {
      "attested": "",
      "romanized": "Brigomagus",
      "language": ""
     }
    ],
    "locationCertainty": "certain"
   }
  },
  {
   "type": "Feature",
   "geometry": {
    "type": "Point",
    "coordinates": [
     7.838877836604361,
     43.82110801465181
    ]
   },
   "properties": {
    "pid": "157828",
    "uri": "https://pleiades.stoa.org/places/157828",
    "title": "Bussana",
    "description": "An early imperial villa along the coast of Liguria. Its ancient name is unknown.",
    "placeTypes": [
     "villa"
    ],
    "names": [
     {
      "attested": "Villa romana di Bussana",
      "romanized": "Villa romana di Bussana",
      "language": "it"
     }
    ],
    "locationCertainty": "certain"
   }
  },
  {
   "type": "Feature",
   "geometry": {
    "type": "Point",
    "coordinates": [
     6.87945,
     43.62179
    ]
   },
   "properties": {
    "pid": "157833",
    "uri": "https://pleiades.stoa.org/places/157833",
    "title": "Le Candéou",
    "description": "Salvage excavations during the 1970s in modern Le Candéou, a neighborhood of Peymeinade (France), identified multiple Roman-era structures that have been interpreted as agricultural in nature, including facilities for processing olive oil.",
    "placeTypes": [
     "villa",
     "settlement-modern"
    ],
    "names": [],
    "locationCertainty": "certain"
   }
  },
  {
   "type": "Feature",
   "geometry": {
    "type": "Point",
    "coordinates": [
     7.2758295,
     43.719472499999995
    ]
   },
   "properties": {
    "pid": "157834",
    "uri": "https://pleiades.stoa.org/places/157834",
    "title": "Cemenelum",
    "description": "An oppidum that was the capital of the Vediantian Ligures; later became a municipium of the tribus Claudia.",
    "placeTypes": [
     "settlement"
    ],
    "names": [
     {
      "attested": "",
      "romanized": "Cemenelum",
      "language": "la"
     },
     {
      "attested": "",
      "romanized": "Cimiez",
      "language": ""
     }
    ],
    "locationCertainty": "certain"
   }
  },
  {
   "type": "Feature",
   "geometry": {
    "type": "Point",
    "coordinates": [
     7.865504986647828,
     43.83471688190858
    ]
   },
   "properties": {
    "pid": "157837",
    "uri": "https://pleiades.stoa.org/places/157837",
    "title": "Costa Bellene/Ballene (Capo Don?)",
    "description": "A Roman mansio on the via Iulia Augusta. An Early Christian complex (basilica, baptistery, cemetery) developed nearby and lasted until the Middle Ages.",
    "placeTypes": [
     "church-2",
     "cemetery",
     "station",
     "archaeological-site",
     "church"
    ],
    "names": [
     {
      "attested": "Costa Bellene",
      "romanized": "Costa Bellene",
      "language": "la"
     },
     {
      "attested": "Costa Ballene",
      "romanized": "Costa Ballene",
      "language": "la"
     },
     {
      "attested": "",
      "romanized": "Costa Balenae",
      "language": ""
     }
    ],
    "locationCertainty": "certain"
   }
  },
  {
   "type": "Feature",
   "geometry": {
    "type": "Point",
    "coordinates": [
     7.314468,
     43.811965
    ]
   },
   "properties": {
    "pid": "157840",
    "uri": "https://pleiades.stoa.org/places/157840",
    "title": "*Cuntinus",
    "description": "An ancient place, cited: BAtlas 16 D2 *Cuntinus",
    "placeTypes": [
     "settlement"
    ],
    "names": [
     {
      "attested": "",
      "romanized": "Cuntinus",
      "language": ""
     }
    ],
    "locationCertainty": "certain"
   }
  },
  {
   "type": "Feature",
   "geometry": {
    "type": "Point",
    "coordinates": [
     6.97857076401235,
     43.64538065938587
    ]
   },
   "properties": {
    "pid": "157842",
    "uri": "https://pleiades.stoa.org/places/157842",
    "title": "Deciates",
    "description": "An ancient people, tribe, or cultural group.",
    "placeTypes": [
     "label",
     "people"
    ],
    "names": [
     {
      "attested": "",
      "romanized": "Deciates",
      "language": ""
     }
    ],
    "locationCertainty": "certain"
   }
  },
  {
   "type": "Feature",
   "geometry": {
    "type": "Point",
    "coordinates": [
     6.231425,
     44.090921
    ]
   },
   "properties": {
    "pid": "157843",
    "uri": "https://pleiades.stoa.org/places/157843",
    "title": "Dinia",
    "description": "An ancient place, cited: BAtlas 16 B1 Dinia",
    "placeTypes": [
     "settlement"
    ],
    "names": [
     {
      "attested": "",
      "romanized": "Dinia",
      "language": ""
     },
     {
      "attested": "oppidum Dinia",
      "romanized": "oppidum Dinia",
      "language": "la"
     },
     {
      "attested": "Digne-les-Bains",
      "romanized": "Digne-les-Bains",
      "language": "fr"
     }
    ],
    "locationCertainty": "certain"
   }
  },
  {
   "type": "Feature",
   "geometry": {
    "type": "Point",
    "coordinates": [
     6.970213809748153,
     44.18751673273655
    ]
   },
   "properties": {
    "pid": "157846",
    "uri": "https://pleiades.stoa.org/places/157846",
    "title": "Ecdinii",
    "description": "The Ecdinii were an Alpine tribe. They are mentioned both on the inscription of the Tropaeum Augusti and on the Arch of Augustus at Susa.",
    "placeTypes": [
     "label",
     "people"
    ],
    "names": [
     {
      "attested": "Ecdini, Ecdinii",
      "romanized": "Ecdinii",
      "language": "la"
     }
    ],
    "locationCertainty": "certain"
   }
  },
  {
   "type": "Feature",
   "geometry": {
    "type": "Point",
    "coordinates": [
     6.025318,
     44.084476
    ]
   },
   "properties": {
    "pid": "157849",
    "uri": "https://pleiades.stoa.org/places/157849",
    "title": "L’Escale",
    "description": "An ancient place, cited: BAtlas 16 B1 L’Escale",
    "placeTypes": [
     "settlement"
    ],
    "names": [
     {
      "attested": "",
      "romanized": "L'Escale",
      "language": ""
     }
    ],
    "locationCertainty": "certain"
   }
  },
  {
   "type": "Feature",
   "geometry": {
    "type": "Point",
    "coordinates": [
     6.493189,
     44.08571
    ]
   },
   "properties": {
    "pid": "157850",
    "uri": "https://pleiades.stoa.org/places/157850",
    "title": "Eturamina",
    "description": "An ancient place, cited: BAtlas 16 B1 Eturamina",
    "placeTypes": [
     "settlement"
    ],
    "names": [
     {
      "attested": "",
      "romanized": "Eturamina",
      "language": ""
     }
    ],
    "locationCertainty": "certain"
   }
  },
  {
   "type": "Feature",
   "geometry": {
    "type": "Point",
    "coordinates": [
     6.101579,
     43.58614
    ]
   },
   "properties": {
    "pid": "157855",
    "uri": "https://pleiades.stoa.org/places/157855",
    "title": "Fox-Amphoux",
    "description": "At Fox-Amphoux the remains of a Roman villa were discovered, adjacent to those of a sanctuary ad fines that may have been dedicated to the Capitoline triad. The site was in use from the time of Augustus until the third century AD.",
    "placeTypes": [
     "sanctuary",
     "villa"
    ],
    "names": [
     {
      "attested": "",
      "romanized": "Fox-Amphoux",
      "language": ""
     }
    ],
    "locationCertainty": "certain"
   }
  },
  {
   "type": "Feature",
   "geometry": {
    "type": "Point",
    "coordinates": [
     6.361371677932161,
     44.18370853282478
    ]
   },
   "properties": {
    "pid": "157859",
    "uri": "https://pleiades.stoa.org/places/157859",
    "title": "Gallitae?",
    "description": "An ancient place, cited: BAtlas 16 B1 Gallitae?",
    "placeTypes": [
     "label",
     "people"
    ],
    "names": [
     {
      "attested": "",
      "romanized": "Gallitae",
      "language": "la"
     }
    ],
    "locationCertainty": "less-certain"
   }
  },
  {
   "type": "Feature",
   "geometry": {
    "type": "Point",
    "coordinates": [
     6.841592,
     43.946703
    ]
   },
   "properties": {
    "pid": "157861",
    "uri": "https://pleiades.stoa.org/places/157861",
    "title": "Glanate",
    "description": "Glanate was originally a Ligurian settlement that became a Roman town after the annexation of Provence.",
    "placeTypes": [
     "settlement"
    ],
    "names": [
     {
      "attested": "",
      "romanized": "Glanate",
      "language": ""
     }
    ],
    "locationCertainty": "certain"
   }
  },
  {
   "type": "Feature",
   "geometry": {
    "type": "Point",
    "coordinates": [
     5.885263,
     43.758635
    ]
   },
   "properties": {
    "pid": "157864",
    "uri": "https://pleiades.stoa.org/places/157864",
    "title": "*Griselica",
    "description": "An ancient place, cited: BAtlas 16 A2 *Griselica",
    "placeTypes": [
     "settlement"
    ],
    "names": [
     {
      "attested": "",
      "romanized": "Griselica",
      "language": ""
     }
    ],
    "locationCertainty": "certain"
   }
  },
  {
   "type": "Feature",
   "geometry": {
    "type": "Point",
    "coordinates": [
     7.425673,
     43.740339
    ]
   },
   "properties": {
    "pid": "157868",
    "uri": "https://pleiades.stoa.org/places/157868",
    "title": "Herakles Monoikos/Portus Monoeci",
    "description": "An ancient place, cited: BAtlas 16 D2 Herakles Monoikos/Portus Monoeci",
    "placeTypes": [
     "settlement"
    ],
    "names": [
     {
      "attested": "",
      "romanized": "Herakles Monoikos",
      "language": ""
     },
     {
      "attested": "",
      "romanized": "Portus Monoeci",
      "language": ""
     },
     {
      "attested": "",
      "romanized": "Monoikos",
      "language": ""
     },
     {
      "attested": "Μονοίκου λιμένος",
      "romanized": "Monoíkou liménos",
      "language": "grc"
     },
     {
      "attested": "portus Herculis Monoeci",
      "romanized": "portus Herculis Monoeci",
      "language": "la"
     }
    ],
    "locationCertainty": "certain"
   }
  },
  {
   "type": "Feature",
   "geometry": {
    "type": "Point",
    "coordinates": [
     7.7307858625809445,
     43.89586954738409
    ]
   },
   "properties": {
    "pid": "157871",
    "uri": "https://pleiades.stoa.org/places/157871",
    "title": "Intemelii",
    "description": "The Intemelii were a tribe of Liguria.",
    "placeTypes": [
     "label",
     "people"
    ],
    "names": [
     {
      "attested": "",
      "romanized": "Intemelii",
      "language": "la"
     }
    ],
    "locationCertainty": "certain"
   }
  },
  {
   "type": "Feature",
   "geometry": {
    "type": "Point",
    "coordinates": [
     7.0509945478512766,
     43.51892149137769
    ]
   },
   "properties": {
    "pid": "157874",
    "uri": "https://pleiades.stoa.org/places/157874",
    "title": "Lero (island)",
    "description": "An ancient place, cited: BAtlas 16 D2 Lero Ins.",
    "placeTypes": [
     "island"
    ],
    "names": [
     {
      "attested": "Lero",
      "romanized": "Lero",
      "language": "la"
     },
     {
      "attested": "Λήρων",
      "romanized": "Leron",
      "language": "grc"
     },
     {
      "attested": "île Sainte-Marguerite",
      "romanized": "ile Sainte-Marguerite",
      "language": "fr"
     }
    ],
    "locationCertainty": "certain"
   }
  },
  {
   "type": "Feature",
   "geometry": {
    "type": "Point",
    "coordinates": [
     6.603361485979998,
     43.6871173990312
    ]
   },
   "properties": {
    "pid": "157876",
    "uri": "https://pleiades.stoa.org/places/157876",
    "title": "Ligauni",
    "description": "An ancient place, cited: BAtlas 16 B2 Ligauni",
    "placeTypes": [
     "label",
     "people"
    ],
    "names": [
     {
      "attested": "",
      "romanized": "Ligauni",
      "language": ""
     }
    ],
    "locationCertainty": "certain"
   }
  },
  {
   "type": "Feature",
   "geometry": {
    "type": "Point",
    "coordinates": [
     7.476725,
     43.7586
    ]
   },
   "properties": {
    "pid": "157880",
    "uri": "https://pleiades.stoa.org/places/157880",
    "title": "Lumo",
    "description": "An ancient place, cited: BAtlas 16 D2 Lumo",
    "placeTypes": [
     "station"
    ],
    "names": [
     {
      "attested": "",
      "romanized": "Lumo",
      "language": ""
     }
    ],
    "locationCertainty": "certain"
   }
  },
  {
   "type": "Feature",
   "geometry": {
    "type": "Point",
    "coordinates": [
     6.937314,
     43.543891
    ]
   },
   "properties": {
    "pid": "157882",
    "uri": "https://pleiades.stoa.org/places/157882",
    "title": "Mandelieu",
    "description": "An ancient place, cited: BAtlas 16 C2 Mandelieu",
    "placeTypes": [
     "villa"
    ],
    "names": [
     {
      "attested": "Mandelieu",
      "romanized": "Mandelieu",
      "language": "fr"
     }
    ],
    "locationCertainty": "certain"
   }
  },
  {
   "type": "Feature",
   "geometry": {
    "type": "Point",
    "coordinates": [
     7.733889347832804,
     43.87349608797878
    ]
   },
   "properties": {
    "pid": "157886",
    "uri": "https://pleiades.stoa.org/places/157886",
    "title": "Monte Bignone",
    "description": "Monte Bignone in Liguria is the site of a 'castellaro', a fortified hilltop settlement of Iron Age Ligurian peoples. The fortification is generally dated to the sixth century BCE.",
    "placeTypes": [
     "fortified-settlement",
     "settlement"
    ],
    "names": [
     {
      "attested": "Monte Bignone",
      "romanized": "Monte Bignone",
      "language": "it"
     }
    ],
    "locationCertainty": "certain"
   }
  },
  {
   "type": "Feature",
   "geometry": {
    "type": "Point",
    "coordinates": [
     7.79613,
     43.857059
    ]
   },
   "properties": {
    "pid": "157887",
    "uri": "https://pleiades.stoa.org/places/157887",
    "title": "Monte Colma",
    "description": "An ancient settlement at Monte Colma in Italy, ancient name unknown (BAtlas 16 E2 Monte Colma).",
    "placeTypes": [
     "settlement"
    ],
    "names": [
     {
      "attested": "Monte Colma",
      "romanized": "Monte Colma",
      "language": "it"
     }
    ],
    "locationCertainty": "certain"
   }
  },
  {
   "type": "Feature",
   "geometry": {
    "type": "Point",
    "coordinates": [
     7.28351,
     43.725031
    ]
   },
   "properties": {
    "pid": "157891",
    "uri": "https://pleiades.stoa.org/places/157891",
    "title": "Navelis",
    "description": "An ancient place, cited: BAtlas 16 D2 Navelis",
    "placeTypes": [
     "settlement"
    ],
    "names": [
     {
      "attested": "",
      "romanized": "Navelis",
      "language": ""
     }
    ],
    "locationCertainty": "certain"
   }
  },
  {
   "type": "Feature",
   "geometry": {
    "type": "Point",
    "coordinates": [
     7.045243839545927,
     43.75718892937133
    ]
   },
   "properties": {
    "pid": "157893",
    "uri": "https://pleiades.stoa.org/places/157893",
    "title": "Nerusii",
    "description": "An ancient place, cited: BAtlas 16 C2 Nerusii",
    "placeTypes": [
     "label",
     "people"
    ],
    "names": [
     {
      "attested": "Nerusi, Nerusii",
      "romanized": "Nerusii",
      "language": "la"
     }
    ],
    "locationCertainty": "certain"
   }
  },
  {
   "type": "Feature",
   "geometry": {
    "type": "Point",
    "coordinates": [
     7.266233,
     43.703436
    ]
   },
   "properties": {
    "pid": "157894",
    "uri": "https://pleiades.stoa.org/places/157894",
    "title": "Nicaea",
    "description": "An ancient place, cited: BAtlas 16 D2 Nicaea",
    "placeTypes": [
     "settlement"
    ],
    "names": [
     {
      "attested": "",
      "romanized": "Nicaea",
      "language": ""
     },
     {
      "attested": "",
      "romanized": "Nitse",
      "language": "ota"
     }
    ],
    "locationCertainty": "certain"
   }
  },
  {
   "type": "Feature",
   "geometry": {
    "type": "Point",
    "coordinates": [
     7.310126,
     43.704222
    ]
   },
   "properties": {
    "pid": "157897",
    "uri": "https://pleiades.stoa.org/places/157897",
    "title": "Olivula",
    "description": "An ancient place, cited: BAtlas 16 D2 Olivula",
    "placeTypes": [
     "station"
    ],
    "names": [
     {
      "attested": "",
      "romanized": "Olivula",
      "language": ""
     }
    ],
    "locationCertainty": "certain"
   }
  },
  {
   "type": "Feature",
   "geometry": {
    "type": "Point",
    "coordinates": [
     5.811599,
     43.730626
    ]
   },
   "properties": {
    "pid": "157903",
    "uri": "https://pleiades.stoa.org/places/157903",
    "title": "Pèbre",
    "description": "An ancient place, cited: BAtlas 16 A2 Pèbre",
    "placeTypes": [
     "villa"
    ],
    "names": [],
    "locationCertainty": "certain"
   }
  },
  {
   "type": "Feature",
   "geometry": {
    "type": "Point",
    "coordinates": [
     6.0103936,
     44.2350613
    ]
   },
   "properties": {
    "pid": "157905",
    "uri": "https://pleiades.stoa.org/places/157905",
    "title": "Pierre Ecrite",
    "description": "A monumental Latin inscription of the fifth century AD dedicated by Caius Postumus Dardanus, a praetorian prefect.",
    "placeTypes": [
     "monument"
    ],
    "names": [],
    "locationCertainty": "certain"
   }
  },
  {
   "type": "Feature",
   "geometry": {
    "type": "Point",
    "coordinates": [
     7.045203,
     43.507824
    ]
   },
   "properties": {
    "pid": "157906",
    "uri": "https://pleiades.stoa.org/places/157906",
    "title": "Planasia/Lerina (island)",
    "description": "An ancient place, cited: BAtlas 16 D2 Planasia/Lerina Ins.",
    "placeTypes": [
     "island"
    ],
    "names": [
     {
      "attested": "",
      "romanized": "Planasia",
      "language": ""
     },
     {
      "attested": "",
      "romanized": "Lerina",
      "language": ""
     }
    ],
    "locationCertainty": "certain"
   }
  },
  {
   "type": "Feature",
   "geometry": {
    "type": "Point",
    "coordinates": [
     5.991633815161422,
     43.81178613206924
    ]
   },
   "properties": {
    "pid": "157912",
    "uri": "https://pleiades.stoa.org/places/157912",
    "title": "Reii",
    "description": "A Celtic-Ligurian tribe of Gallia Narbonensis.",
    "placeTypes": [
     "label",
     "people"
    ],
    "names": [
     {
      "attested": "",
      "romanized": "Reii",
      "language": ""
     }
    ],
    "locationCertainty": "certain"
   }
  },
  {
   "type": "Feature",
   "geometry": {
    "type": "Point",
    "coordinates": [
     7.559989551246178,
     43.9594383813392
    ]
   },
   "properties": {
    "pid": "157914",
    "uri": "https://pleiades.stoa.org/places/157914",
    "title": "Rotuba (river)",
    "description": "An ancient place, cited: BAtlas 16 E1 Rotuba fl.",
    "placeTypes": [
     "river"
    ],
    "names": [
     {
      "attested": "Rotuba fl.",
      "romanized": "Rotuba",
      "language": "la"
     },
     {
      "attested": "flumen Rutuba",
      "romanized": "Rutuba",
      "language": "la"
     }
    ],
    "locationCertainty": "certain"
   }
  },
  {
   "type": "Feature",
   "geometry": {
    "type": "Point",
    "coordinates": [
     6.463423,
     43.5217
    ]
   },
   "properties": {
    "pid": "157918",
    "uri": "https://pleiades.stoa.org/places/157918",
    "title": "St-Hermentaire",
    "description": "An ancient place, cited: BAtlas 16 B2 St-Hermentaire",
    "placeTypes": [
     "villa"
    ],
    "names": [],
    "locationCertainty": "certain"
   }
  },
  {
   "type": "Feature",
   "geometry": {
    "type": "Point",
    "coordinates": [
     6.510738,
     43.847565
    ]
   },
   "properties": {
    "pid": "157920",
    "uri": "https://pleiades.stoa.org/places/157920",
    "title": "Salinae",
    "description": "An ancient place, cited: BAtlas 16 C2 Salinae",
    "placeTypes": [
     "settlement"
    ],
    "names": [
     {
      "attested": "",
      "romanized": "Salinae",
      "language": ""
     }
    ],
    "locationCertainty": "certain"
   }
  },
  {
   "type": "Feature",
   "geometry": {
    "type": "Point",
    "coordinates": [
     6.406847,
     43.913316
    ]
   },
   "properties": {
    "pid": "157923",
    "uri": "https://pleiades.stoa.org/places/157923",
    "title": "Sanitium",
    "description": "An ancient place, cited: BAtlas 16 B2 Sanitium",
    "placeTypes": [
     "settlement"
    ],
    "names": [
     {
      "attested": "",
      "romanized": "Sanitium",
      "language": ""
     }
    ],
    "locationCertainty": "certain"
   }
  },
  {
   "type": "Feature",
   "geometry": {
    "type": "Point",
    "coordinates": [
     7.759499616574944,
     43.80821094575247
    ]
   },
   "properties": {
    "pid": "157924",
    "uri": "https://pleiades.stoa.org/places/157924",
    "title": "Sanremo",
    "description": "An ancient place, cited: BAtlas 16 E2 Sanremo",
    "placeTypes": [
     "villa"
    ],
    "names": [
     {
      "attested": "",
      "romanized": "Villa Matuciana",
      "language": "la"
     }
    ],
    "locationCertainty": "certain"
   }
  },
  {
   "type": "Feature",
   "geometry": {
    "type": "Point",
    "coordinates": [
     5.94352,
     44.197042
    ]
   },
   "properties": {
    "pid": "157925",
    "uri": "https://pleiades.stoa.org/places/157925",
    "title": "Segustero",
    "description": "A Roman settlement along the Via Domitia.",
    "placeTypes": [
     "settlement"
    ],
    "names": [
     {
      "attested": "",
      "romanized": "Segustero",
      "language": ""
     }
    ],
    "locationCertainty": "certain"
   }
  },
  {
   "type": "Feature",
   "geometry": {
    "type": "Point",
    "coordinates": [
     6.358215355111468,
     43.94326633258052
    ]
   },
   "properties": {
    "pid": "157926",
    "uri": "https://pleiades.stoa.org/places/157926",
    "title": "Sentii",
    "description": "An ancient place, cited: BAtlas 16 B2 Sentii",
    "placeTypes": [
     "label",
     "people"
    ],
    "names": [
     {
      "attested": "",
      "romanized": "Sentii",
      "language": ""
     }
    ],
    "locationCertainty": "certain"
   }
  },
  {
   "type": "Feature",
   "geometry": {
    "type": "Point",
    "coordinates": [
     5.845628917146389,
     44.03918693600128
    ]
   },
   "properties": {
    "pid": "157927",
    "uri": "https://pleiades.stoa.org/places/157927",
    "title": "Sogiontii?",
    "description": "An Alpine tribe mentioned by Pliny the Elder.",
    "placeTypes": [
     "label",
     "people"
    ],
    "names": [
     {
      "attested": "Sogiontii, Sogionti",
      "romanized": "Sogiontii",
      "language": "la"
     }
    ],
    "locationCertainty": "less-certain"
   }
  },
  {
   "type": "Feature",
   "geometry": {
    "type": "Point",
    "coordinates": [
     6.171033,
     43.943818
    ]
   },
   "properties": {
    "pid": "157928",
    "uri": "https://pleiades.stoa.org/places/157928",
    "title": "‘Stablo’",
    "description": "An ancient place, cited: BAtlas 16 B2 ‘Stablo’",
    "placeTypes": [
     "villa"
    ],
    "names": [
     {
      "attested": "",
      "romanized": "Stablo",
      "language": ""
     }
    ],
    "locationCertainty": "certain"
   }
  },
  {
   "type": "Feature",
   "geometry": {
    "type": "Point",
    "coordinates": [
     6.537485497354109,
     43.82336717580806
    ]
   },
   "properties": {
    "pid": "157931",
    "uri": "https://pleiades.stoa.org/places/157931",
    "title": "Suetrii",
    "description": "An ancient place, cited: BAtlas 16 B2 Suetrii",
    "placeTypes": [
     "label",
     "people"
    ],
    "names": [
     {
      "attested": "Suetrii, Suetri, Svetri",
      "romanized": "Suetrii",
      "language": "la"
     }
    ],
    "locationCertainty": "certain"
   }
  },
  {
   "type": "Feature",
   "geometry": {
    "type": "Point",
    "coordinates": [
     7.800343775803436,
     43.949222725022494
    ]
   },
   "properties": {
    "pid": "157935",
    "uri": "https://pleiades.stoa.org/places/157935",
    "title": "Tavia (river)",
    "description": "A river flowing from Alpes Maritimae and emptying into the Ligusticum Mare near Costa Bellene.",
    "placeTypes": [
     "river"
    ],
    "names": [
     {
      "attested": "",
      "romanized": "Torrente Argentina",
      "language": "it"
     },
     {
      "attested": "",
      "romanized": "Fiumara di Taggia",
      "language": "it"
     },
     {
      "attested": "",
      "romanized": "Tavia",
      "language": ""
     }
    ],
    "locationCertainty": "certain"
   }
  },
  {
   "type": "Feature",
   "geometry": {
    "type": "Point",
    "coordinates": [
     6.048428,
     44.239442
    ]
   },
   "properties": {
    "pid": "157937",
    "uri": "https://pleiades.stoa.org/places/157937",
    "title": "Theopolis",
    "description": "An ancient place, cited: BAtlas 16 B1 Theopolis",
    "placeTypes": [
     "villa"
    ],
    "names": [
     {
      "attested": "",
      "romanized": "Theopolis",
      "language": ""
     }
    ],
    "locationCertainty": "certain"
   }
  },
  {
   "type": "Feature",
   "geometry": {
    "type": "Point",
    "coordinates": [
     6.552252,
     43.57211
    ]
   },
   "properties": {
    "pid": "157938",
    "uri": "https://pleiades.stoa.org/places/157938",
    "title": "La Trinité",
    "description": "An ancient place, cited: BAtlas 16 C2 La Trinité",
    "placeTypes": [
     "villa"
    ],
    "names": [],
    "locationCertainty": "certain"
   }
  },
  {
   "type": "Feature",
   "geometry": {
    "type": "Point",
    "coordinates": [
     5.8243337973148765,
     43.5594529497195
    ]
   },
   "properties": {
    "pid": "157939",
    "uri": "https://pleiades.stoa.org/places/157939",
    "title": "Tritolii?",
    "description": "An ancient place, cited: BAtlas 16 A2 Tritolii?",
    "placeTypes": [
     "label",
     "people"
    ],
    "names": [
     {
      "attested": "",
      "romanized": "Tritolii",
      "language": ""
     }
    ],
    "locationCertainty": "less-certain"
   }
  },
  {
   "type": "Feature",
   "geometry": {
    "type": "Point",
    "coordinates": [
     7.4017559806323465,
     43.74479439415624
    ]
   },
   "properties": {
    "pid": "157940",
    "uri": "https://pleiades.stoa.org/places/157940",
    "title": "Tropaeum Augusti/Alpium Tropaeum/Alpis Summa/Alpis Maritima",
    "description": "A victory monument built by Augustus (5 B.C.) to commemorate the subjugation of the tribes of the western Alps. The Romans considered the spot to be \"In Alpe Maritima\".",
    "placeTypes": [
     "monument"
    ],
    "names": [
     {
      "attested": "",
      "romanized": "Tropaeum Augusti",
      "language": ""
     },
     {
      "attested": "",
      "romanized": "Alpium Tropaeum",
      "language": ""
     },
     {
      "attested": "",
      "romanized": "Alpis Summa",
      "language": ""
     },
     {
      "attested": "",
      "romanized": "Alpis Maritima",
      "language": ""
     },
     {
      "attested": "",
      "romanized": "La Turbie",
      "language": ""
     },
     {
      "attested": "Tropaeum Augusti/Alpium Tropaeum/Alpis Summa/Alpis Maritima",
      "romanized": "Tropaeum Augusti/Alpium Tropaeum/Alpis Summa/Alpis Maritima",
      "language": "la"
     },
     {
      "attested": "In Alpe Maritima",
      "romanized": "In Alpe Maritima",
      "language": "la"
     },
     {
      "attested": "Τρόπαια Σεβαστοῦ",
      "romanized": "Trópaia sebastou",
      "language": "grc"
     }
    ],
    "locationCertainty": "certain"
   }
  },
  {
   "type": "Feature",
   "geometry": {
    "type": "Point",
    "coordinates": [
     6.9731199668501835,
     43.95609912469714
    ]
   },
   "properties": {
    "pid": "157942",
    "uri": "https://pleiades.stoa.org/places/157942",
    "title": "Varus (river)",
    "description": "The Var river.",
    "placeTypes": [
     "river"
    ],
    "names": [
     {
      "attested": "amnis Varus",
      "romanized": "Varus",
      "language": "la"
     },
     {
      "attested": "Varvm",
      "romanized": "Varum",
      "language": "la"
     },
     {
      "attested": "Var",
      "romanized": "Var",
      "language": "fr"
     }
    ],
    "locationCertainty": "certain"
   }
  },
  {
   "type": "Feature",
   "geometry": {
    "type": "Point",
    "coordinates": [
     7.118861,
     43.629649
    ]
   },
   "properties": {
    "pid": "157943",
    "uri": "https://pleiades.stoa.org/places/157943",
    "title": "Vaugrenier",
    "description": "An ancient place, cited: BAtlas 16 D2 Vaugrenier",
    "placeTypes": [
     "temple"
    ],
    "names": [],
    "locationCertainty": "certain"
   }
  },
  {
   "type": "Feature",
   "geometry": {
    "type": "Point",
    "coordinates": [
     7.298329625866745,
     43.72480305819775
    ]
   },
   "properties": {
    "pid": "157944",
    "uri": "https://pleiades.stoa.org/places/157944",
    "title": "Vediantii",
    "description": "An ancient place, cited: BAtlas 16 D2 Vediantii",
    "placeTypes": [
     "label",
     "people"
    ],
    "names": [
     {
      "attested": "",
      "romanized": "Vediantii",
      "language": ""
     }
    ],
    "locationCertainty": "certain"
   }
  },
  {
   "type": "Feature",
   "geometry": {
    "type": "Point",
    "coordinates": [
     7.0443,
     43.523555
    ]
   },
   "properties": {
    "pid": "157945",
    "uri": "https://pleiades.stoa.org/places/157945",
    "title": "Vergoanum",
    "description": "An oppidum on Lero island.",
    "placeTypes": [
     "settlement"
    ],
    "names": [
     {
      "attested": "",
      "romanized": "Vergoanum",
      "language": ""
     },
     {
      "attested": "",
      "romanized": "Berconum",
      "language": ""
     }
    ],
    "locationCertainty": "certain"
   }
  },
  {
   "type": "Feature",
   "geometry": {
    "type": "Point",
    "coordinates": [
     6.5839102161394,
     43.91118386098651
    ]
   },
   "properties": {
    "pid": "157946",
    "uri": "https://pleiades.stoa.org/places/157946",
    "title": "Vergunni",
    "description": "An ancient place, cited: BAtlas 16 C2 Vergunni",
    "placeTypes": [
     "label",
     "people"
    ],
    "names": [
     {
      "attested": "",
      "romanized": "Vergunni",
      "language": "la"
     }
    ],
    "locationCertainty": "certain"
   }
  },
  {
   "type": "Feature",
   "geometry": {
    "type": "Point",
    "coordinates": [
     6.330044594245296,
     43.56215876076288
    ]
   },
   "properties": {
    "pid": "157947",
    "uri": "https://pleiades.stoa.org/places/157947",
    "title": "Verucini?",
    "description": "An ancient people, tribe, or cultural group.",
    "placeTypes": [
     "label",
     "people"
    ],
    "names": [
     {
      "attested": "",
      "romanized": "Verucini",
      "language": ""
     }
    ],
    "locationCertainty": "less-certain"
   }
  },
  {
   "type": "Feature",
   "geometry": {
    "type": "Point",
    "coordinates": [
     7.295679667694757,
     43.988326183208265
    ]
   },
   "properties": {
    "pid": "157948",
    "uri": "https://pleiades.stoa.org/places/157948",
    "title": "Vesubiani",
    "description": "An ancient place, cited: BAtlas 16 D1 Vesubiani",
    "placeTypes": [
     "label",
     "people"
    ],
    "names": [
     {
      "attested": "",
      "romanized": "Vesubiani",
      "language": "la"
     }
    ],
    "locationCertainty": "certain"
   }
  },
  {
   "type": "Feature",
   "geometry": {
    "type": "Point",
    "coordinates": [
     7.113504,
     43.722738
    ]
   },
   "properties": {
    "pid": "157952",
    "uri": "https://pleiades.stoa.org/places/157952",
    "title": "Vintium",
    "description": "An ancient place, cited: BAtlas 16 D2 Vintium",
    "placeTypes": [
     "settlement"
    ],
    "names": [
     {
      "attested": "",
      "romanized": "Vintium",
      "language": ""
     }
    ],
    "locationCertainty": "certain"
   }
  },
  {
   "type": "Feature",
   "geometry": {
    "type": "Point",
    "coordinates": [
     7.25,
     43.75
    ]
   },
   "properties": {
    "pid": "158553",
    "uri": "https://pleiades.stoa.org/places/158553",
    "title": "Unnamed aqueducts",
    "description": "unnamed aqueduct group (Antipolis)",
    "placeTypes": [
     "aqueduct"
    ],
    "names": [],
    "locationCertainty": "certain"
   }
  },
  {
   "type": "Feature",
   "geometry": {
    "type": "Point",
    "coordinates": [
     7.25,
     43.75
    ]
   },
   "properties": {
    "pid": "158554",
    "uri": "https://pleiades.stoa.org/places/158554",
    "title": "Untitled",
    "description": "An ancient place, cited: BAtlas 16 D2 unnamed aqueduct (Cemenelum)",
    "placeTypes": [
     "aqueduct"
    ],
    "names": [],
    "locationCertainty": "certain"
   }
  },
  {
   "type": "Feature",
   "geometry": {
    "type": "Point",
    "coordinates": [
     7.621341000000001,
     43.797618
    ]
   },
   "properties": {
    "pid": "158555",
    "uri": "https://pleiades.stoa.org/places/158555",
    "title": "Aqueduct supplying Alb(i)um Intimilium",
    "description": "Ancient name, if any, unknown (BAtlas 16 E2 unnamed aqueduct at Alb(i)um Intimilium)",
    "placeTypes": [
     "aqueduct"
    ],
    "names": [],
    "locationCertainty": "certain"
   }
  },
  {
   "type": "Feature",
   "geometry": {
    "type": "Point",
    "coordinates": [
     5.908654950000001,
     43.98462905
    ]
   },
   "properties": {
    "pid": "159308",
    "uri": "https://pleiades.stoa.org/places/159308",
    "title": "Lurs Roman Bridge",
    "description": "The Roman Bridge of Lurs is located to the northeast of Alaunium (modern Lurs, France). It was a bridge of the ancient Via Domitia.",
    "placeTypes": [
     "bridge"
    ],
    "names": [],
    "locationCertainty": "certain"
   }
  },
  {
   "type": "Feature",
   "geometry": {
    "type": "Point",
    "coordinates": [
     6.090718,
     43.818614
    ]
   },
   "properties": {
    "pid": "159309",
    "uri": "https://pleiades.stoa.org/places/159309",
    "title": "Alebaece Reiorum Apollinarium (Bridge)",
    "description": "A Roman bridge at Alebaece Reiorum Apollinarium (modern Riez).",
    "placeTypes": [
     "bridge"
    ],
    "names": [],
    "locationCertainty": null
   }
  },
  {
   "type": "Feature",
   "geometry": {
    "type": "Point",
    "coordinates": [
     6.25,
     43.75
    ]
   },
   "properties": {
    "pid": "159310",
    "uri": "https://pleiades.stoa.org/places/159310",
    "title": "Untitled",
    "description": "An ancient place, cited: BAtlas 16 B2 unnamed bridge (S Alebaece Reiorum Apollinarium)",
    "placeTypes": [
     "bridge"
    ],
    "names": [],
    "locationCertainty": "certain"
   }
  },
  {
   "type": "Feature",
   "geometry": {
    "type": "Point",
    "coordinates": [
     7.9637075,
     43.8547109
    ]
   },
   "properties": {
    "pid": "159312",
    "uri": "https://pleiades.stoa.org/places/159312",
    "title": "Unnamed bridge",
    "description": "Located between Costa Balenae and Portus Maurici (at or near modern San Lorenzo al Mare, over the Rio della Torre, Italy).",
    "placeTypes": [
     "bridge",
     "settlement-modern"
    ],
    "names": [],
    "locationCertainty": "certain"
   }
  },
  {
   "type": "Feature",
   "geometry": {
    "type": "Point",
    "coordinates": [
     7.047285,
     43.506577
    ]
   },
   "properties": {
    "pid": "160817",
    "uri": "https://pleiades.stoa.org/places/160817",
    "title": "Unnamed monastery",
    "description": "A monastery founded in late antiquity on the island then known as Lerina/Planasia (modern Île Saint-Honorat, France; BAtlas 16 D2 unnamed monastery)",
    "placeTypes": [
     "church"
    ],
    "names": [],
    "locationCertainty": "certain"
   }
  },
  {
   "type": "Feature",
   "geometry": {
    "type": "Point",
    "coordinates": [
     5.1324053,
     45.0672206
    ]
   },
   "properties": {
    "pid": "163388144",
    "uri": "https://pleiades.stoa.org/places/163388144",
    "title": "Gallo-Roman Villa at Saint-Paul-lès-Romans",
    "description": "The site of a Roman villa in Gallia Narbonensis.",
    "placeTypes": [
     "villa",
     "settlement-modern"
    ],
    "names": [],
    "locationCertainty": "certain"
   }
  },
  {
   "type": "Feature",
   "geometry": {
    "type": "Point",
    "coordinates": [
     4.4161408,
     44.3881219
    ]
   },
   "properties": {
    "pid": "165753155",
    "uri": "https://pleiades.stoa.org/places/165753155",
    "title": "Chauvet Cave",
    "description": "The Chauvet-Pont-d'Arc Cave in southern France contains the earliest known and best preserved figurative cave paintings in the world, dating from the Upper Paleolithic. The cave was discovered on December 18, 1994, and was added to the UNESCO World Heritage List on June 22, 2014.",
    "placeTypes": [
     "cave"
    ],
    "names": [],
    "locationCertainty": "certain"
   }
  },
  {
   "type": "Feature",
   "geometry": {
    "type": "Point",
    "coordinates": [
     6.903515923386876,
     45.48681557020714
    ]
   },
   "properties": {
    "pid": "167613",
    "uri": "https://pleiades.stoa.org/places/167613",
    "title": "Acitavones?",
    "description": "An ancient place, cited: BAtlas 17 H2 Acitavones?",
    "placeTypes": [
     "label",
     "people"
    ],
    "names": [
     {
      "attested": "",
      "romanized": "Acitavones",
      "language": "la"
     }
    ],
    "locationCertainty": "less-certain"
   }
  },
  {
   "type": "Feature",
   "geometry": {
    "type": "Point",
    "coordinates": [
     5.958949,
     44.562661
    ]
   },
   "properties": {
    "pid": "167615",
    "uri": "https://pleiades.stoa.org/places/167615",
    "title": "Ad Finem",
    "description": "An ancient place, cited: BAtlas 17 F4 Ad Finem",
    "placeTypes": [
     "station"
    ],
    "names": [
     {
      "attested": "",
      "romanized": "Ad Finem",
      "language": ""
     }
    ],
    "locationCertainty": "certain"
   }
  },
  {
   "type": "Feature",
   "geometry": {
    "type": "Point",
    "coordinates": [
     4.765954,
     44.281647
    ]
   },
   "properties": {
    "pid": "167616",
    "uri": "https://pleiades.stoa.org/places/167616",
    "title": "Ad Letoce",
    "description": "An ancient place, cited: BAtlas 17 D5 Ad Letoce",
    "placeTypes": [
     "station"
    ],
    "names": [
     {
      "attested": "",
      "romanized": "Ad Letoce",
      "language": ""
     }
    ],
    "locationCertainty": "certain"
   }
  },
  {
   "type": "Feature",
   "geometry": {
    "type": "Point",
    "coordinates": [
     6.833543,
     45.03323
    ]
   },
   "properties": {
    "pid": "167617",
    "uri": "https://pleiades.stoa.org/places/167617",
    "title": "Ad Martis",
    "description": "An ancient place, cited: BAtlas 17 H3 Ad Martis",
    "placeTypes": [
     "station"
    ],
    "names": [
     {
      "attested": "",
      "romanized": "Ad Martis",
      "language": ""
     }
    ],
    "locationCertainty": "certain"
   }
  },
  {
   "type": "Feature",
   "geometry": {
    "type": "Point",
    "coordinates": [
     6.3925417,
     45.6754622
    ]
   },
   "properties": {
    "pid": "167618",
    "uri": "https://pleiades.stoa.org/places/167618",
    "title": "Ad Publicanos",
    "description": "An ancient road station mentioned in the Antonine Itineraries and labeled on the Peutinger Map. It was likely located in the vicinity of modern Albertville at the confluence of the Isère and Arly rivers in France, but its precise location remains uncertain.",
    "placeTypes": [
     "station",
     "settlement-modern"
    ],
    "names": [
     {
      "attested": "",
      "romanized": "Ad Publicanos",
      "language": ""
     }
    ],
    "locationCertainty": "less-certain"
   }
  },
  {
   "type": "Feature",
   "geometry": {
    "type": "Point",
    "coordinates": [
     6.317687,
     45.643235
    ]
   },
   "properties": {
    "pid": "167619",
    "uri": "https://pleiades.stoa.org/places/167619",
    "title": "Ad *Turnonem",
    "description": "An ancient place, cited: BAtlas 17 G2 Ad *Turnonem",
    "placeTypes": [
     "station"
    ],
    "names": [
     {
      "attested": "",
      "romanized": "Ad Turnonem",
      "language": ""
     }
    ],
    "locationCertainty": "certain"
   }
  },
  {
   "type": "Feature",
   "geometry": {
    "type": "Point",
    "coordinates": [
     5.020005,
     45.54579
    ]
   },
   "properties": {
    "pid": "167620",
    "uri": "https://pleiades.stoa.org/places/167620",
    "title": "Ad VII",
    "description": "An ancient place, cited: BAtlas 17 E2 Ad VII",
    "placeTypes": [
     "station"
    ],
    "names": [
     {
      "attested": "",
      "romanized": "Ad VII",
      "language": ""
     }
    ],
    "locationCertainty": "certain"
   }
  },
  {
   "type": "Feature",
   "geometry": {
    "type": "Point",
    "coordinates": [
     5.0205,
     45.5613
    ]
   },
   "properties": {
    "pid": "167621",
    "uri": "https://pleiades.stoa.org/places/167621",
    "title": "Ad VIII",
    "description": "An ancient place, cited: BAtlas 17 E2 Ad VIII",
    "placeTypes": [
     "station",
     "settlement-modern"
    ],
    "names": [
     {
      "attested": "",
      "romanized": "Ad VIII",
      "language": ""
     }
    ],
    "locationCertainty": "less-certain"
   }
  },
  {
   "type": "Feature",
   "geometry": {
    "type": "Point",
    "coordinates": [
     5.096247,
     45.56982
    ]
   },
   "properties": {
    "pid": "167622",
    "uri": "https://pleiades.stoa.org/places/167622",
    "title": "Ad XII",
    "description": "An ancient place, cited: BAtlas 17 E2 Ad XII",
    "placeTypes": [
     "station"
    ],
    "names": [
     {
      "attested": "",
      "romanized": "Ad XII",
      "language": ""
     }
    ],
    "locationCertainty": "certain"
   }
  },
  {
   "type": "Feature",
   "geometry": {
    "type": "Point",
    "coordinates": [
     7.214525,
     45.134977
    ]
   },
   "properties": {
    "pid": "167623",
    "uri": "https://pleiades.stoa.org/places/167623",
    "title": "Ad XII",
    "description": "An ancient place, cited: BAtlas 17 I3 Ad XII",
    "placeTypes": [
     "station"
    ],
    "names": [
     {
      "attested": "",
      "romanized": "Ad XII",
      "language": ""
     }
    ],
    "locationCertainty": "certain"
   }
  },
  {
   "type": "Feature",
   "geometry": {
    "type": "Point",
    "coordinates": [
     4.755811,
     44.32022
    ]
   },
   "properties": {
    "pid": "167624",
    "uri": "https://pleiades.stoa.org/places/167624",
    "title": "Aeria",
    "description": "An ancient place, cited: BAtlas 17 D5 Aeria",
    "placeTypes": [
     "settlement"
    ],
    "names": [
     {
      "attested": "",
      "romanized": "Aeria",
      "language": ""
     }
    ],
    "locationCertainty": "certain"
   }
  },
  {
   "type": "Feature",
   "geometry": {
    "type": "Point",
    "coordinates": [
     5.416688,
     44.707982
    ]
   },
   "properties": {
    "pid": "167626",
    "uri": "https://pleiades.stoa.org/places/167626",
    "title": "Aix-en-Diois",
    "description": "Among various features at Aix-en-Diois are the remains of baths that could either pertain to a sanctuary or a villa.",
    "placeTypes": [
     "sanctuary",
     "bath"
    ],
    "names": [
     {
      "attested": "Aix-en-Diois",
      "romanized": "Aix-en-Diois",
      "language": "fr"
     }
    ],
    "locationCertainty": "certain"
   }
  },
  {
   "type": "Feature",
   "geometry": {
    "type": "Point",
    "coordinates": [
     4.750905,
     44.558333
    ]
   },
   "properties": {
    "pid": "167627",
    "uri": "https://pleiades.stoa.org/places/167627",
    "title": "Akousion/Acunum",
    "description": "An ancient place, cited: BAtlas 17 D4 Akousion/Acunum",
    "placeTypes": [
     "settlement"
    ],
    "names": [
     {
      "attested": "",
      "romanized": "Akousion",
      "language": ""
     },
     {
      "attested": "",
      "romanized": "Acunum",
      "language": ""
     }
    ],
    "locationCertainty": "certain"
   }
  },
  {
   "type": "Feature",
   "geometry": {
    "type": "Point",
    "coordinates": [
     5.943974,
     44.385921
    ]
   },
   "properties": {
    "pid": "167628",
    "uri": "https://pleiades.stoa.org/places/167628",
    "title": "Alabonte",
    "description": "An ancient place, cited: BAtlas 17 F5 Alabonte",
    "placeTypes": [
     "station"
    ],
    "names": [
     {
      "attested": "",
      "romanized": "Alabonte",
      "language": ""
     }
    ],
    "locationCertainty": "certain"
   }
  },
  {
   "type": "Feature",
   "geometry": {
    "type": "Point",
    "coordinates": [
     4.600194683327521,
     44.560962429644434
    ]
   },
   "properties": {
    "pid": "167629",
    "uri": "https://pleiades.stoa.org/places/167629",
    "title": "Alba Helviorum",
    "description": "Alba Helviorum was the capital of the Helvii in Gallia Narbonensis.",
    "placeTypes": [
     "settlement"
    ],
    "names": [
     {
      "attested": "",
      "romanized": "Alba Helviorum",
      "language": ""
     },
     {
      "attested": "",
      "romanized": "Helvii",
      "language": ""
     },
     {
      "attested": "Alba-la-Romaine",
      "romanized": "Alba-la-Romaine",
      "language": "fr"
     }
    ],
    "locationCertainty": "certain"
   }
  },
  {
   "type": "Feature",
   "geometry": {
    "type": "Point",
    "coordinates": [
     5.945534,
     45.7858795
    ]
   },
   "properties": {
    "pid": "167630",
    "uri": "https://pleiades.stoa.org/places/167630",
    "title": "Albinnum",
    "description": "An ancient place, cited: BAtlas 17 F2 Albinnum",
    "placeTypes": [
     "settlement"
    ],
    "names": [
     {
      "attested": "",
      "romanized": "Albinnum",
      "language": ""
     }
    ],
    "locationCertainty": "certain"
   }
  },
  {
   "type": "Feature",
   "geometry": {
    "type": "Point",
    "coordinates": [
     4.786401,
     44.499133
    ]
   },
   "properties": {
    "pid": "167631",
    "uri": "https://pleiades.stoa.org/places/167631",
    "title": "Allan",
    "description": "An ancient place, cited: BAtlas 17 D5 Allan",
    "placeTypes": [
     "temple"
    ],
    "names": [
     {
      "attested": "Allan",
      "romanized": "Allan",
      "language": "fr"
     }
    ],
    "locationCertainty": "certain"
   }
  },
  {
   "type": "Feature",
   "geometry": {
    "type": "Point",
    "coordinates": [
     5.890582152403438,
     45.74650198919246
    ]
   },
   "properties": {
    "pid": "167634",
    "uri": "https://pleiades.stoa.org/places/167634",
    "title": "Allobroges",
    "description": "The Allobroges were an ancient Gallic tribe whose territory lay between the between the Rhodanus fl. (Rhône River) and Lemannus L. (Lake Geneva).",
    "placeTypes": [
     "label",
     "people"
    ],
    "names": [
     {
      "attested": "Allobroges",
      "romanized": "Allobroges",
      "language": "la"
     }
    ],
    "locationCertainty": "certain"
   }
  },
  {
   "type": "Feature",
   "geometry": {
    "type": "Point",
    "coordinates": [
     7.884399518786555,
     44.749853522763516
    ]
   },
   "properties": {
    "pid": "167636",
    "uri": "https://pleiades.stoa.org/places/167636",
    "title": "Alpes Cottiae",
    "description": "Alpes Cottiae (Cottian Alps) are a mountain range located the southwestern part of the Alps. They take their name from Marcus Julius Cottius.",
    "placeTypes": [
     "mountain"
    ],
    "names": [
     {
      "attested": "",
      "romanized": "Alpes Cottiae",
      "language": ""
     }
    ],
    "locationCertainty": "certain"
   }
  },
  {
   "type": "Feature",
   "geometry": {
    "type": "Point",
    "coordinates": [
     7.253545646835225,
     45.388351089235755
    ]
   },
   "properties": {
    "pid": "167637",
    "uri": "https://pleiades.stoa.org/places/167637",
    "title": "Alpes Graiae (region)",
    "description": "The mountainous area around the Little St Bernard Pass, conquered by the Romans and organized by Augustus into the province that took its name (q.v.). The name may reference a people that once inhabited the region; classical theorizing that the name relates to Greeks (e.g., Pliny) has been discounted by modern scholars.",
    "placeTypes": [
     "mountain",
     "region"
    ],
    "names": [
     {
      "attested": "Graiae Alpes",
      "romanized": "Graiae Alpes",
      "language": "la"
     },
     {
      "attested": "Graian Alps",
      "romanized": "Graian Alps",
      "language": "en"
     },
     {
      "attested": "",
      "romanized": "Alpes Graiae",
      "language": ""
     }
    ],
    "locationCertainty": "certain"
   }
  },
  {
   "type": "Feature",
   "geometry": {
    "type": "Point",
    "coordinates": [
     6.8839635999999995,
     45.68050100000001
    ]
   },
   "properties": {
    "pid": "167639",
    "uri": "https://pleiades.stoa.org/places/167639",
    "title": "*Alpis Graia",
    "description": "An ancient place, cited: BAtlas 17 H2 *Alpis Graia",
    "placeTypes": [
     "settlement",
     "pass"
    ],
    "names": [
     {
      "attested": "",
      "romanized": "Alpis Graia",
      "language": "la"
     },
     {
      "attested": "",
      "romanized": "Alpes Atrectinae",
      "language": "la"
     }
    ],
    "locationCertainty": "certain"
   }
  },
  {
   "type": "Feature",
   "geometry": {
    "type": "Point",
    "coordinates": [
     5.0515305,
     44.430918000000005
    ]
   },
   "properties": {
    "pid": "167641",
    "uri": "https://pleiades.stoa.org/places/167641",
    "title": "[Altonum]",
    "description": "An ancient place, cited: BAtlas 17 E5 [Altonum]",
    "placeTypes": [
     "settlement"
    ],
    "names": [
     {
      "attested": "",
      "romanized": "Altonum",
      "language": ""
     },
     {
      "attested": "",
      "romanized": "Le Pègue",
      "language": ""
     }
    ],
    "locationCertainty": "certain"
   }
  },
  {
   "type": "Feature",
   "geometry": {
    "type": "Point",
    "coordinates": [
     5.1749102635366295,
     45.88264436895157
    ]
   },
   "properties": {
    "pid": "167642",
    "uri": "https://pleiades.stoa.org/places/167642",
    "title": "Ambarri",
    "description": "An ancient place, cited: BAtlas 17 D2 Ambarri",
    "placeTypes": [
     "label",
     "people"
    ],
    "names": [
     {
      "attested": "Ambarri",
      "romanized": "Ambarri",
      "language": "la"
     }
    ],
    "locationCertainty": "certain"
   }
  },
  {
   "type": "Feature",
   "geometry": {
    "type": "Point",
    "coordinates": [
     4.799028,
     45.241016
    ]
   },
   "properties": {
    "pid": "167644",
    "uri": "https://pleiades.stoa.org/places/167644",
    "title": "Andance",
    "description": "An ancient place, cited: BAtlas 17 D3 Andance",
    "placeTypes": [
     "villa"
    ],
    "names": [
     {
      "attested": "",
      "romanized": "Andance",
      "language": ""
     }
    ],
    "locationCertainty": "certain"
   }
  },
  {
   "type": "Feature",
   "geometry": {
    "type": "Point",
    "coordinates": [
     4.668358,
     45.240204
    ]
   },
   "properties": {
    "pid": "167647",
    "uri": "https://pleiades.stoa.org/places/167647",
    "title": "Annonay",
    "description": "An ancient place, cited: BAtlas 17 D3 Annonay",
    "placeTypes": [
     "mine"
    ],
    "names": [],
    "locationCertainty": "certain"
   }
  },
  {
   "type": "Feature",
   "geometry": {
    "type": "Point",
    "coordinates": [
     5.918824,
     45.726058
    ]
   },
   "properties": {
    "pid": "167648",
    "uri": "https://pleiades.stoa.org/places/167648",
    "title": "Antoger",
    "description": "An ancient place, cited: BAtlas 17 F2 Antoger",
    "placeTypes": [
     "mine"
    ],
    "names": [],
    "locationCertainty": "certain"
   }
  },
  {
   "type": "Feature",
   "geometry": {
    "type": "Point",
    "coordinates": [
     4.071226,
     45.591982
    ]
   },
   "properties": {
    "pid": "167649",
    "uri": "https://pleiades.stoa.org/places/167649",
    "title": "Aquae Segetae",
    "description": "An ancient place, cited: BAtlas 17 C2 Aquae Segetae",
    "placeTypes": [
     "settlement",
     "archaeological-site",
     "theatre"
    ],
    "names": [
     {
      "attested": "Aqvis Segete",
      "romanized": "Aquis Segete",
      "language": "la"
     }
    ],
    "locationCertainty": "certain"
   }
  },
  {
   "type": "Feature",
   "geometry": {
    "type": "Point",
    "coordinates": [
     5.915521,
     45.689096
    ]
   },
   "properties": {
    "pid": "167650",
    "uri": "https://pleiades.stoa.org/places/167650",
    "title": "Aquae Sextiae",
    "description": "Aquae Sextiae (modern Aix-les-Bains) was a vicus of the city of Vienna.",
    "placeTypes": [
     "settlement"
    ],
    "names": [
     {
      "attested": "",
      "romanized": "Aquae Sextiae",
      "language": ""
     },
     {
      "attested": "",
      "romanized": "Aix-les-Bains",
      "language": ""
     }
    ],
    "locationCertainty": "certain"
   }
  },
  {
   "type": "Feature",
   "geometry": {
    "type": "Point",
    "coordinates": [
     6.064704,
     45.50771
    ]
   },
   "properties": {
    "pid": "167653",
    "uri": "https://pleiades.stoa.org/places/167653",
    "title": "Arbin",
    "description": "An ancient place, cited: BAtlas 17 G2 Arbin",
    "placeTypes": [
     "villa"
    ],
    "names": [],
    "locationCertainty": "certain"
   }
  },
  {
   "type": "Feature",
   "geometry": {
    "type": "Point",
    "coordinates": [
     6.984632,
     45.764042
    ]
   },
   "properties": {
    "pid": "167654",
    "uri": "https://pleiades.stoa.org/places/167654",
    "title": "Arebrigium",
    "description": "An ancient place, cited: BAtlas 17 I2 Arebrigium",
    "placeTypes": [
     "settlement"
    ],
    "names": [
     {
      "attested": "",
      "romanized": "Arebrigium",
      "language": ""
     }
    ],
    "locationCertainty": "certain"
   }
  },
  {
   "type": "Feature",
   "geometry": {
    "type": "Point",
    "coordinates": [
     6.9483484,
     45.7185727
    ]
   },
   "properties": {
    "pid": "167655",
    "uri": "https://pleiades.stoa.org/places/167655",
    "title": "Ariolica",
    "description": "Ariolica was a Roman road station located at or near modern La Thuile, Italy.",
    "placeTypes": [
     "settlement"
    ],
    "names": [
     {
      "attested": "Ariolica",
      "romanized": "Ariolica",
      "language": "la"
     }
    ],
    "locationCertainty": "certain"
   }
  },
  {
   "type": "Feature",
   "geometry": {
    "type": "Point",
    "coordinates": [
     4.718192,
     45.936105
    ]
   },
   "properties": {
    "pid": "167657",
    "uri": "https://pleiades.stoa.org/places/167657",
    "title": "Asa Paulini",
    "description": "An ancient place, cited: BAtlas 17 D2 Asa Paulini",
    "placeTypes": [
     "settlement"
    ],
    "names": [
     {
      "attested": "",
      "romanized": "Asa Paulini",
      "language": ""
     },
     {
      "attested": "",
      "romanized": "Anse",
      "language": ""
     }
    ],
    "locationCertainty": "certain"
   }
  },
  {
   "type": "Feature",
   "geometry": {
    "type": "Point",
    "coordinates": [
     5.05726,
     44.715501
    ]
   },
   "properties": {
    "pid": "167658",
    "uri": "https://pleiades.stoa.org/places/167658",
    "title": "Augusta",
    "description": "An ancient place, cited: BAtlas 17 E4 Augusta",
    "placeTypes": [
     "settlement"
    ],
    "names": [
     {
      "attested": "",
      "romanized": "Augusta",
      "language": ""
     }
    ],
    "locationCertainty": "certain"
   }
  },
  {
   "type": "Feature",
   "geometry": {
    "type": "Point",
    "coordinates": [
     5.6074753,
     45.5871637
    ]
   },
   "properties": {
    "pid": "167659",
    "uri": "https://pleiades.stoa.org/places/167659",
    "title": "Augusta",
    "description": "An ancient place, cited: BAtlas 17 F2 Augusta",
    "placeTypes": [
     "settlement",
     "settlement-modern"
    ],
    "names": [
     {
      "attested": "",
      "romanized": "Augusta",
      "language": ""
     }
    ],
    "locationCertainty": "certain"
   }
  },
  {
   "type": "Feature",
   "geometry": {
    "type": "Point",
    "coordinates": [
     6.086561,
     45.046309
    ]
   },
   "properties": {
    "pid": "167661",
    "uri": "https://pleiades.stoa.org/places/167661",
    "title": "Auris",
    "description": "An ancient place, cited: BAtlas 17 G3 Auris",
    "placeTypes": [
     "mine"
    ],
    "names": [],
    "locationCertainty": "certain"
   }
  },
  {
   "type": "Feature",
   "geometry": {
    "type": "Point",
    "coordinates": [
     6.25,
     44.75
    ]
   },
   "properties": {
    "pid": "167662",
    "uri": "https://pleiades.stoa.org/places/167662",
    "title": "Avantici",
    "description": "An ancient place, cited: BAtlas 17 G4 Avantici",
    "placeTypes": [
     "label"
    ],
    "names": [
     {
      "attested": "",
      "romanized": "Avantici",
      "language": ""
     }
    ],
    "locationCertainty": "certain"
   }
  },
  {
   "type": "Feature",
   "geometry": {
    "type": "Point",
    "coordinates": [
     6.653224,
     45.556944
    ]
   },
   "properties": {
    "pid": "167663",
    "uri": "https://pleiades.stoa.org/places/167663",
    "title": "Axima/Forum Claudii Ceutronum",
    "description": "An ancient place, cited: BAtlas 17 H2 Axima/Forum Claudii Ceutronum",
    "placeTypes": [
     "settlement"
    ],
    "names": [
     {
      "attested": "",
      "romanized": "Axima",
      "language": ""
     },
     {
      "attested": "",
      "romanized": "Forum Claudii Ceutronum",
      "language": ""
     },
     {
      "attested": "",
      "romanized": "Ceutrones",
      "language": "la"
     },
     {
      "attested": "",
      "romanized": "Aime",
      "language": ""
     },
     {
      "attested": "Axvnam",
      "romanized": "Axunam",
      "language": "la"
     }
    ],
    "locationCertainty": "certain"
   }
  },
  {
   "type": "Feature",
   "geometry": {
    "type": "Point",
    "coordinates": [
     4.347876,
     44.309146
    ]
   },
   "properties": {
    "pid": "167665",
    "uri": "https://pleiades.stoa.org/places/167665",
    "title": "Barjac",
    "description": "An ancient place, cited: BAtlas 17 C5 Barjac",
    "placeTypes": [
     "quarry"
    ],
    "names": [
     {
      "attested": "Barjac",
      "romanized": "Barjac",
      "language": "fr"
     }
    ],
    "locationCertainty": "certain"
   }
  },
  {
   "type": "Feature",
   "geometry": {
    "type": "Point",
    "coordinates": [
     6.2682,
     44.263435
    ]
   },
   "properties": {
    "pid": "167666",
    "uri": "https://pleiades.stoa.org/places/167666",
    "title": "Barles",
    "description": "An ancient place, cited: BAtlas 17 G5 Barles",
    "placeTypes": [
     "mine-2"
    ],
    "names": [],
    "locationCertainty": "certain"
   }
  },
  {
   "type": "Feature",
   "geometry": {
    "type": "Point",
    "coordinates": [
     4.110097,
     45.306227
    ]
   },
   "properties": {
    "pid": "167667",
    "uri": "https://pleiades.stoa.org/places/167667",
    "title": "Bas-en-Basset",
    "description": "An ancient place, cited: BAtlas 17 C3 Bas-en-Basset",
    "placeTypes": [
     "settlement"
    ],
    "names": [],
    "locationCertainty": "certain"
   }
  },
  {
   "type": "Feature",
   "geometry": {
    "type": "Point",
    "coordinates": [
     4.886189,
     44.833654
    ]
   },
   "properties": {
    "pid": "167668",
    "uri": "https://pleiades.stoa.org/places/167668",
    "title": "Batiana",
    "description": "An ancient place, cited: BAtlas 17 D4 Batiana",
    "placeTypes": [
     "station"
    ],
    "names": [
     {
      "attested": "",
      "romanized": "Batiana",
      "language": ""
     }
    ],
    "locationCertainty": "certain"
   }
  },
  {
   "type": "Feature",
   "geometry": {
    "type": "Point",
    "coordinates": [
     5.762831,
     45.479812
    ]
   },
   "properties": {
    "pid": "167669",
    "uri": "https://pleiades.stoa.org/places/167669",
    "title": "La Bauche",
    "description": "An ancient place, cited: BAtlas 17 F3 La Bauche",
    "placeTypes": [
     "temple"
    ],
    "names": [],
    "locationCertainty": "certain"
   }
  },
  {
   "type": "Feature",
   "geometry": {
    "type": "Point",
    "coordinates": [
     6.728321524317423,
     45.06532053967472
    ]
   },
   "properties": {
    "pid": "167673",
    "uri": "https://pleiades.stoa.org/places/167673",
    "title": "Belaci?",
    "description": "An ancient place, cited: BAtlas 17 H3 Belaci?",
    "placeTypes": [
     "label",
     "people"
    ],
    "names": [
     {
      "attested": "",
      "romanized": "Belaci",
      "language": ""
     }
    ],
    "locationCertainty": "less-certain"
   }
  },
  {
   "type": "Feature",
   "geometry": {
    "type": "Point",
    "coordinates": [
     5.6864004999999995,
     45.7601375
    ]
   },
   "properties": {
    "pid": "167674",
    "uri": "https://pleiades.stoa.org/places/167674",
    "title": "*Bellicum",
    "description": "An ancient place, cited: BAtlas 17 F2 *Bellicum",
    "placeTypes": [
     "settlement"
    ],
    "names": [
     {
      "attested": "",
      "romanized": "Bellicum",
      "language": ""
     }
    ],
    "locationCertainty": "certain"
   }
  },
  {
   "type": "Feature",
   "geometry": {
    "type": "Point",
    "coordinates": [
     6.766804,
     45.615918
    ]
   },
   "properties": {
    "pid": "167675",
    "uri": "https://pleiades.stoa.org/places/167675",
    "title": "Bergintrum",
    "description": "Bergintrum (Bourg-Saint-Maurice) was a settlement located to the west of the Alpes Graiae along the road connecting Mediolanum (modern Milan) and Vienna (modern Vienne).",
    "placeTypes": [
     "settlement"
    ],
    "names": [
     {
      "attested": "Bergintrvm",
      "romanized": "Bergintrum",
      "language": "la"
     },
     {
      "attested": "Bourg-St-Maurice",
      "romanized": "Bourg-St-Maurice",
      "language": "fr"
     }
    ],
    "locationCertainty": "certain"
   }
  },
  {
   "type": "Feature",
   "geometry": {
    "type": "Point",
    "coordinates": [
     4.646003,
     44.370817
    ]
   },
   "properties": {
    "pid": "167676",
    "uri": "https://pleiades.stoa.org/places/167676",
    "title": "Bergoiata",
    "description": "An ancient place, cited: BAtlas 17 D5 Bergoiata",
    "placeTypes": [
     "settlement"
    ],
    "names": [
     {
      "attested": "",
      "romanized": "Bergoiata",
      "language": ""
     }
    ],
    "locationCertainty": "certain"
   }
  },
  {
   "type": "Feature",
   "geometry": {
    "type": "Point",
    "coordinates": [
     5.276805,
     45.585793
    ]
   },
   "properties": {
    "pid": "167677",
    "uri": "https://pleiades.stoa.org/places/167677",
    "title": "Bergusium",
    "description": "An ancient place, cited: BAtlas 17 E2 Bergusium",
    "placeTypes": [
     "settlement"
    ],
    "names": [
     {
      "attested": "",
      "romanized": "Bergusium",
      "language": ""
     }
    ],
    "locationCertainty": "certain"
   }
  },
  {
   "type": "Feature",
   "geometry": {
    "type": "Point",
    "coordinates": [
     4.095978,
     44.29218
    ]
   },
   "properties": {
    "pid": "167678",
    "uri": "https://pleiades.stoa.org/places/167678",
    "title": "Bessèges",
    "description": "An ancient place, cited: BAtlas 17 C5 Bessèges",
    "placeTypes": [
     "mine-2"
    ],
    "names": [
     {
      "attested": "Bessèges",
      "romanized": "Bessèges",
      "language": "fr"
     }
    ],
    "locationCertainty": "certain"
   }
  },
  {
   "type": "Feature",
   "geometry": {
    "type": "Point",
    "coordinates": [
     5.03555,
     45.841566
    ]
   },
   "properties": {
    "pid": "167681",
    "uri": "https://pleiades.stoa.org/places/167681",
    "title": "La Boisse",
    "description": "An ancient place, cited: BAtlas 17 E2 La Boisse",
    "placeTypes": [
     "villa"
    ],
    "names": [],
    "locationCertainty": "certain"
   }
  },
  {
   "type": "Feature",
   "geometry": {
    "type": "Point",
    "coordinates": [
     4.6761856,
     45.0363522
    ]
   },
   "properties": {
    "pid": "167683",
    "uri": "https://pleiades.stoa.org/places/167683",
    "title": "Pont du Roi",
    "description": "A Roman bridge in the modern French commune of Boucieu-le-Roi (Ardèche department).",
    "placeTypes": [
     "bridge"
    ],
    "names": [
     {
      "attested": "Boucieu-le-Roi",
      "romanized": "Boucieu-le-Roi",
      "language": "en"
     }
    ],
    "locationCertainty": "certain"
   }
  },
  {
   "type": "Feature",
   "geometry": {
    "type": "Point",
    "coordinates": [
     7.208202,
     45.94926
    ]
   },
   "properties": {
    "pid": "167684",
    "uri": "https://pleiades.stoa.org/places/167684",
    "title": "Bourg-St-Pierre",
    "description": "An ancient place, cited: BAtlas 17 I2 Bourg-St-Pierre",
    "placeTypes": [
     "station"
    ],
    "names": [],
    "locationCertainty": "certain"
   }
  },
  {
   "type": "Feature",
   "geometry": {
    "type": "Point",
    "coordinates": [
     6.126884966666666,
     45.90445486666667
    ]
   },
   "properties": {
    "pid": "167685",
    "uri": "https://pleiades.stoa.org/places/167685",
    "title": "Boutae",
    "description": "An ancient place, cited: BAtlas 17 G2 Boutae",
    "placeTypes": [
     "settlement"
    ],
    "names": [
     {
      "attested": "",
      "romanized": "Boutae",
      "language": ""
     }
    ],
    "locationCertainty": "certain"
   }
  },
  {
   "type": "Feature",
   "geometry": {
    "type": "Point",
    "coordinates": [
     5.275883,
     44.276133
    ]
   },
   "properties": {
    "pid": "167686",
    "uri": "https://pleiades.stoa.org/places/167686",
    "title": "Boxs(...)",
    "description": "An ancient place, cited: BAtlas 17 E5 Boxs(...)",
    "placeTypes": [
     "settlement"
    ],
    "names": [
     {
      "attested": "",
      "romanized": "Boxs(...)",
      "language": ""
     }
    ],
    "locationCertainty": "certain"
   }
  },
  {
   "type": "Feature",
   "geometry": {
    "type": "Point",
    "coordinates": [
     6.775785,
     45.223762
    ]
   },
   "properties": {
    "pid": "167687",
    "uri": "https://pleiades.stoa.org/places/167687",
    "title": "Bramans",
    "description": "An ancient place, cited: BAtlas 17 H3 Bramans",
    "placeTypes": [
     "mine"
    ],
    "names": [],
    "locationCertainty": "certain"
   }
  },
  {
   "type": "Feature",
   "geometry": {
    "type": "Point",
    "coordinates": [
     5.5394810965636125,
     45.69420081006588
    ]
   },
   "properties": {
    "pid": "167688",
    "uri": "https://pleiades.stoa.org/places/167688",
    "title": "Brangues",
    "description": "A previously quarried limestone bed on the banks of the Rhone was identified and requarried in the 19th century near the modern French commune of Brangues in Isère. A number of discarded and incomplete stones were identified. The original quarrying has been assumed to have been of Roman date.",
    "placeTypes": [
     "quarry"
    ],
    "names": [
     {
      "attested": "Brangues",
      "romanized": "Brangues",
      "language": "fr"
     }
    ],
    "locationCertainty": "certain"
   }
  },
  {
   "type": "Feature",
   "geometry": {
    "type": "Point",
    "coordinates": [
     6.566385,
     45.452202
    ]
   },
   "properties": {
    "pid": "167689",
    "uri": "https://pleiades.stoa.org/places/167689",
    "title": "Brides-les-Bains",
    "description": "An ancient place, cited: BAtlas 17 H3 Brides-les-Bains",
    "placeTypes": [
     "temple"
    ],
    "names": [],
    "locationCertainty": "certain"
   }
  },
  {
   "type": "Feature",
   "geometry": {
    "type": "Point",
    "coordinates": [
     6.473876000000001,
     45.531545449999996
    ]
   },
   "properties": {
    "pid": "167690",
    "uri": "https://pleiades.stoa.org/places/167690",
    "title": "Brigantio",
    "description": "An ancient place, cited: BAtlas 17 G2 Brigantio",
    "placeTypes": [
     "settlement",
     "settlement-modern"
    ],
    "names": [
     {
      "attested": "",
      "romanized": "Brigantio",
      "language": ""
     }
    ],
    "locationCertainty": "certain"
   }
  },
  {
   "type": "Feature",
   "geometry": {
    "type": "Point",
    "coordinates": [
     6.633951,
     44.896885999999995
    ]
   },
   "properties": {
    "pid": "167691",
    "uri": "https://pleiades.stoa.org/places/167691",
    "title": "Brigantio",
    "description": "An ancient place, cited: BAtlas 17 H4 Brigantio",
    "placeTypes": [
     "settlement"
    ],
    "names": [
     {
      "attested": "",
      "romanized": "Brigantio",
      "language": ""
     }
    ],
    "locationCertainty": "certain"
   }
  },
  {
   "type": "Feature",
   "geometry": {
    "type": "Point",
    "coordinates": [
     6.5939942563813245,
     44.81673951459783
    ]
   },
   "properties": {
    "pid": "167692",
    "uri": "https://pleiades.stoa.org/places/167692",
    "title": "Brigianii",
    "description": "An ancient place, cited: BAtlas 17 H4 Brigianii",
    "placeTypes": [
     "label",
     "people"
    ],
    "names": [
     {
      "attested": "Brigianii, Brigiani",
      "romanized": "Brigianii",
      "language": "la"
     }
    ],
    "locationCertainty": "certain"
   }
  },
  {
   "type": "Feature",
   "geometry": {
    "type": "Point",
    "coordinates": [
     5.459292,
     45.782212
    ]
   },
   "properties": {
    "pid": "167693",
    "uri": "https://pleiades.stoa.org/places/167693",
    "title": "*Brioratis",
    "description": "An ancient place, cited: BAtlas 17 E2 *Brioratis",
    "placeTypes": [
     "settlement"
    ],
    "names": [
     {
      "attested": "",
      "romanized": "Brioratis",
      "language": ""
     }
    ],
    "locationCertainty": "certain"
   }
  },
  {
   "type": "Feature",
   "geometry": {
    "type": "Point",
    "coordinates": [
     4.58369,
     45.852293
    ]
   },
   "properties": {
    "pid": "167695",
    "uri": "https://pleiades.stoa.org/places/167695",
    "title": "Bully",
    "description": "An ancient place, cited: BAtlas 17 D2 Bully",
    "placeTypes": [
     "temple"
    ],
    "names": [],
    "locationCertainty": "certain"
   }
  },
  {
   "type": "Feature",
   "geometry": {
    "type": "Point",
    "coordinates": [
     5.685279,
     44.530446
    ]
   },
   "properties": {
    "pid": "167697",
    "uri": "https://pleiades.stoa.org/places/167697",
    "title": "Cambonum",
    "description": "An ancient place, cited: BAtlas 17 F4 Cambonum",
    "placeTypes": [
     "station"
    ],
    "names": [
     {
      "attested": "",
      "romanized": "Cambonum",
      "language": ""
     }
    ],
    "locationCertainty": "certain"
   }
  },
  {
   "type": "Feature",
   "geometry": {
    "type": "Point",
    "coordinates": [
     6.293315,
     45.749916
    ]
   },
   "properties": {
    "pid": "167698",
    "uri": "https://pleiades.stoa.org/places/167698",
    "title": "Casuaria",
    "description": "An ancient place, cited: BAtlas 17 G2 Casuaria",
    "placeTypes": [
     "settlement"
    ],
    "names": [
     {
      "attested": "",
      "romanized": "Casuaria",
      "language": ""
     }
    ],
    "locationCertainty": "certain"
   }
  },
  {
   "type": "Feature",
   "geometry": {
    "type": "Point",
    "coordinates": [
     6.03323,
     45.049809
    ]
   },
   "properties": {
    "pid": "167699",
    "uri": "https://pleiades.stoa.org/places/167699",
    "title": "Catorissium",
    "description": "An ancient place, cited: BAtlas 17 G3 Catorissium",
    "placeTypes": [
     "settlement"
    ],
    "names": [
     {
      "attested": "",
      "romanized": "Catorissium",
      "language": ""
     }
    ],
    "locationCertainty": "certain"
   }
  },
  {
   "type": "Feature",
   "geometry": {
    "type": "Point",
    "coordinates": [
     6.533564494485605,
     44.50432112098342
    ]
   },
   "properties": {
    "pid": "167700",
    "uri": "https://pleiades.stoa.org/places/167700",
    "title": "Caturiges",
    "description": "An ancient place, cited: BAtlas 17 G4 Caturiges",
    "placeTypes": [
     "label",
     "people"
    ],
    "names": [
     {
      "attested": "Caturiges; Catvriges",
      "romanized": "Caturiges",
      "language": "la"
     },
     {
      "attested": "Κατόριγες",
      "romanized": "Katoriges, Katóriges",
      "language": "grc"
     }
    ],
    "locationCertainty": "certain"
   }
  },
  {
   "type": "Feature",
   "geometry": {
    "type": "Point",
    "coordinates": [
     6.278222,
     44.545037
    ]
   },
   "properties": {
    "pid": "167701",
    "uri": "https://pleiades.stoa.org/places/167701",
    "title": "Caturigomagus",
    "description": "An ancient place, cited: BAtlas 17 G4 Caturigomagus",
    "placeTypes": [
     "station"
    ],
    "names": [
     {
      "attested": "",
      "romanized": "Caturigomagus",
      "language": ""
     },
     {
      "attested": "Chorges",
      "romanized": "Chorges",
      "language": "en"
     },
     {
      "attested": "Catorigomag(o)",
      "romanized": "Catorigomago",
      "language": "la"
     }
    ],
    "locationCertainty": "certain"
   }
  },
  {
   "type": "Feature",
   "geometry": {
    "type": "Point",
    "coordinates": [
     4.75,
     44.25
    ]
   },
   "properties": {
    "pid": "167702",
    "uri": "https://pleiades.stoa.org/places/167702",
    "title": "Cavares",
    "description": "An ancient place, cited: BAtlas 17 D5 Cavares",
    "placeTypes": [
     "label",
     "people"
    ],
    "names": [
     {
      "attested": "",
      "romanized": "Cavares",
      "language": ""
     }
    ],
    "locationCertainty": "certain"
   }
  },
  {
   "type": "Feature",
   "geometry": {
    "type": "Point",
    "coordinates": [
     6.7058837,
     44.2650103
    ]
   },
   "properties": {
    "pid": "167704",
    "uri": "https://pleiades.stoa.org/places/167704",
    "title": "Cema M.",
    "description": "An ancient place, cited: BAtlas 17 H5 Cema M.",
    "placeTypes": [
     "mountain"
    ],
    "names": [
     {
      "attested": "",
      "romanized": "Cema M.",
      "language": ""
     },
     {
      "attested": "",
      "romanized": "Caenia M.",
      "language": ""
     }
    ],
    "locationCertainty": "certain"
   }
  },
  {
   "type": "Feature",
   "geometry": {
    "type": "Point",
    "coordinates": [
     5.042162,
     44.80389
    ]
   },
   "properties": {
    "pid": "167705",
    "uri": "https://pleiades.stoa.org/places/167705",
    "title": "Cerebelliaca",
    "description": "An ancient place, cited: BAtlas 17 E4 Cerebelliaca",
    "placeTypes": [
     "station"
    ],
    "names": [
     {
      "attested": "",
      "romanized": "Cerebelliaca",
      "language": ""
     }
    ],
    "locationCertainty": "certain"
   }
  },
  {
   "type": "Feature",
   "geometry": {
    "type": "Point",
    "coordinates": [
     5.782979,
     44.478069
    ]
   },
   "properties": {
    "pid": "167706",
    "uri": "https://pleiades.stoa.org/places/167706",
    "title": "Chabestan",
    "description": "An ancient place, cited: BAtlas 17 F5 Chabestan",
    "placeTypes": [
     "tumulus"
    ],
    "names": [],
    "locationCertainty": "certain"
   }
  },
  {
   "type": "Feature",
   "geometry": {
    "type": "Point",
    "coordinates": [
     4.575018,
     44.878479
    ]
   },
   "properties": {
    "pid": "167707",
    "uri": "https://pleiades.stoa.org/places/167707",
    "title": "Chalencon",
    "description": "An ancient place, cited: BAtlas 17 D4 Chalencon",
    "placeTypes": [
     "temple"
    ],
    "names": [],
    "locationCertainty": "certain"
   }
  },
  {
   "type": "Feature",
   "geometry": {
    "type": "Point",
    "coordinates": [
     5.416077,
     45.824333
    ]
   },
   "properties": {
    "pid": "167708",
    "uri": "https://pleiades.stoa.org/places/167708",
    "title": "Chalépont",
    "description": "An ancient place, cited: BAtlas 17 E2 Chalépont",
    "placeTypes": [
     "cemetery"
    ],
    "names": [],
    "locationCertainty": "certain"
   }
  },
  {
   "type": "Feature",
   "geometry": {
    "type": "Point",
    "coordinates": [
     5.853167,
     45.705948
    ]
   },
   "properties": {
    "pid": "167710",
    "uri": "https://pleiades.stoa.org/places/167710",
    "title": "La Chapelle-du-Mont-du-Chat",
    "description": "An ancient place, cited: BAtlas 17 F2 La Chapelle-du-Mont-du-Chat",
    "placeTypes": [
     "mine"
    ],
    "names": [],
    "locationCertainty": "certain"
   }
  },
  {
   "type": "Feature",
   "geometry": {
    "type": "Point",
    "coordinates": [
     6.189976,
     45.554318
    ]
   },
   "properties": {
    "pid": "167711",
    "uri": "https://pleiades.stoa.org/places/167711",
    "title": "Châteauneuf-les-Boissons",
    "description": "An ancient place, cited: BAtlas 17 G2 Châteauneuf-les-Boissons",
    "placeTypes": [
     "settlement"
    ],
    "names": [],
    "locationCertainty": "certain"
   }
  },
  {
   "type": "Feature",
   "geometry": {
    "type": "Point",
    "coordinates": [
     4.606207,
     45.888836
    ]
   },
   "properties": {
    "pid": "167712",
    "uri": "https://pleiades.stoa.org/places/167712",
    "title": "Chessy-les-Mines",
    "description": "An ancient place, cited: BAtlas 17 D2 Chessy-les-Mines",
    "placeTypes": [
     "settlement"
    ],
    "names": [],
    "locationCertainty": "certain"
   }
  },
  {
   "type": "Feature",
   "geometry": {
    "type": "Point",
    "coordinates": [
     5.895123,
     45.562114
    ]
   },
   "properties": {
    "pid": "167714",
    "uri": "https://pleiades.stoa.org/places/167714",
    "title": "Cognin",
    "description": "An ancient place, cited: BAtlas 17 F2 Cognin",
    "placeTypes": [
     "villa"
    ],
    "names": [],
    "locationCertainty": "certain"
   }
  },
  {
   "type": "Feature",
   "geometry": {
    "type": "Point",
    "coordinates": [
     5.370412,
     44.752363
    ]
   },
   "properties": {
    "pid": "167716",
    "uri": "https://pleiades.stoa.org/places/167716",
    "title": "Col. Dea Vocontiorum",
    "description": "An Augustan colony in Gallia Narbonensis located in the valley of the Drôme river; an important cultic center of the Vocontii.",
    "placeTypes": [
     "settlement"
    ],
    "names": [
     {
      "attested": "",
      "romanized": "Col. Dea Vocontiorum",
      "language": ""
     },
     {
      "attested": "",
      "romanized": "Vocontii",
      "language": "la"
     },
     {
      "attested": "",
      "romanized": "Die",
      "language": "fr"
     },
     {
      "attested": "Colonia Dea Augusta Vocontiorum",
      "romanized": "Colonia Dea Augusta Vocontiorum",
      "language": "la"
     },
     {
      "attested": "Bocontior(vm)",
      "romanized": "Bocontiorum",
      "language": "la"
     }
    ],
    "locationCertainty": "certain"
   }
  },
  {
   "type": "Feature",
   "geometry": {
    "type": "Point",
    "coordinates": [
     4.8194815,
     45.758866
    ]
   },
   "properties": {
    "pid": "167717",
    "uri": "https://pleiades.stoa.org/places/167717",
    "title": "Col. Lugdunum",
    "description": "Lugdunum (modern Lyon in France) was a Roman military colony from 43 B.C. and a major center in Gaul. Marcus Agrippa was involved in its expansion and two Roman emperors, Claudius and Caracalla, were born there.",
    "placeTypes": [
     "settlement"
    ],
    "names": [
     {
      "attested": "",
      "romanized": "Col. Lugdunum",
      "language": ""
     },
     {
      "attested": "Colonia Copia Claudia Augusta Lugdunum",
      "romanized": "Col. Copia Claudia Augusta Lugdunum",
      "language": "la"
     },
     {
      "attested": "Lyon",
      "romanized": "Lyon",
      "language": "fr"
     },
     {
      "attested": "Λούγδουνον",
      "romanized": "Lougdounon, Loúgdounon",
      "language": "grc"
     },
     {
      "attested": "Lugdunensis colonia",
      "romanized": "Lugdunensis colonia",
      "language": "la"
     },
     {
      "attested": "Lugdunum",
      "romanized": "Lugdunum",
      "language": "la"
     },
     {
      "attested": "Λούγδουνον μητρόπολις",
      "romanized": "Lougdounon metropolis",
      "language": "grc"
     },
     {
      "attested": "Lvgdvno capvt Galliar(vm) vsq(ve) hic legas",
      "romanized": "Lugduno caput Galliarum usque hic legas",
      "language": "la"
     }
    ],
    "locationCertainty": "certain"
   }
  },
  {
   "type": "Feature",
   "geometry": {
    "type": "Point",
    "coordinates": [
     4.8896965,
     44.930718999999996
    ]
   },
   "properties": {
    "pid": "167718",
    "uri": "https://pleiades.stoa.org/places/167718",
    "title": "Col. Valentia",
    "description": "A settlement of the Segovellauni in Gallia Narbonensis.",
    "placeTypes": [
     "settlement"
    ],
    "names": [
     {
      "attested": "",
      "romanized": "Col. Valentia",
      "language": ""
     },
     {
      "attested": "",
      "romanized": "Valence",
      "language": ""
     },
     {
      "attested": "Valentia",
      "romanized": "Valentia",
      "language": "la"
     }
    ],
    "locationCertainty": "certain"
   }
  },
  {
   "type": "Feature",
   "geometry": {
    "type": "Point",
    "coordinates": [
     4.8759820000000005,
     45.5245105
    ]
   },
   "properties": {
    "pid": "167719",
    "uri": "https://pleiades.stoa.org/places/167719",
    "title": "Col. Vienna",
    "description": "A settlement of the Allobroges in Gallia Narbonensis that became a Roman colony in 47 BC.",
    "placeTypes": [
     "settlement"
    ],
    "names": [
     {
      "attested": "",
      "romanized": "Col. Vienna",
      "language": ""
     },
     {
      "attested": "",
      "romanized": "Colonia Iulia Augusta Florentia Vienna",
      "language": "la"
     },
     {
      "attested": "Vienne",
      "romanized": "Vienne",
      "language": "en"
     }
    ],
    "locationCertainty": "certain"
   }
  },
  {
   "type": "Feature",
   "geometry": {
    "type": "Point",
    "coordinates": [
     4.614114,
     45.528447
    ]
   },
   "properties": {
    "pid": "167720",
    "uri": "https://pleiades.stoa.org/places/167720",
    "title": "Combeplaine",
    "description": "An ancient place, cited: BAtlas 17 D2 Combeplaine",
    "placeTypes": [
     "villa"
    ],
    "names": [],
    "locationCertainty": "certain"
   }
  },
  {
   "type": "Feature",
   "geometry": {
    "type": "Point",
    "coordinates": [
     5.29229,
     44.756522
    ]
   },
   "properties": {
    "pid": "167721",
    "uri": "https://pleiades.stoa.org/places/167721",
    "title": "La Condamine",
    "description": "An ancient place, cited: BAtlas 17 E4 La Condamine",
    "placeTypes": [
     "villa"
    ],
    "names": [],
    "locationCertainty": "certain"
   }
  },
  {
   "type": "Feature",
   "geometry": {
    "type": "Point",
    "coordinates": [
     5.854069156139502,
     45.961230470672476
    ]
   },
   "properties": {
    "pid": "167723",
    "uri": "https://pleiades.stoa.org/places/167723",
    "title": "Condate",
    "description": "An ancient settlement located in the modern French commune of Seyssel (Haute-Savoie) on the east bank of the Rhône.",
    "placeTypes": [
     "settlement",
     "settlement-modern"
    ],
    "names": [
     {
      "attested": "Condate",
      "romanized": "Condate",
      "language": "la"
     },
     {
      "attested": "Seyssel",
      "romanized": "Seyssel",
      "language": "fr"
     }
    ],
    "locationCertainty": "certain"
   }
  },
  {
   "type": "Feature",
   "geometry": {
    "type": "Point",
    "coordinates": [
     5.822399,
     45.789194
    ]
   },
   "properties": {
    "pid": "167724",
    "uri": "https://pleiades.stoa.org/places/167724",
    "title": "Conjux",
    "description": "An ancient place, cited: BAtlas 17 F2 Conjux",
    "placeTypes": [
     "settlement"
    ],
    "names": [],
    "locationCertainty": "certain"
   }
  },
  {
   "type": "Feature",
   "geometry": {
    "type": "Point",
    "coordinates": [
     5.62964,
     45.625125
    ]
   },
   "properties": {
    "pid": "167725",
    "uri": "https://pleiades.stoa.org/places/167725",
    "title": "Cordon",
    "description": "An ancient place, cited: BAtlas 17 F2 Cordon",
    "placeTypes": [
     "mine"
    ],
    "names": [],
    "locationCertainty": "certain"
   }
  },
  {
   "type": "Feature",
   "geometry": {
    "type": "Point",
    "coordinates": [
     5.260092,
     45.394152
    ]
   },
   "properties": {
    "pid": "167728",
    "uri": "https://pleiades.stoa.org/places/167728",
    "title": "La Côte-St-André",
    "description": "An ancient place, cited: BAtlas 17 E3 La Côte-St-André",
    "placeTypes": [
     "tumulus"
    ],
    "names": [],
    "locationCertainty": "certain"
   }
  },
  {
   "type": "Feature",
   "geometry": {
    "type": "Point",
    "coordinates": [
     6.8264024362443605,
     44.917964425367224
    ]
   },
   "properties": {
    "pid": "167729",
    "uri": "https://pleiades.stoa.org/places/167729",
    "title": "Cotti Regnum",
    "description": "An ancient place, cited: BAtlas 17 H5 Cotti Regnum",
    "placeTypes": [
     "district",
     "label"
    ],
    "names": [
     {
      "attested": "",
      "romanized": "Cotti Regnum",
      "language": ""
     }
    ],
    "locationCertainty": "certain"
   }
  },
  {
   "type": "Feature",
   "geometry": {
    "type": "Point",
    "coordinates": [
     4.140917,
     45.855278
    ]
   },
   "properties": {
    "pid": "167730",
    "uri": "https://pleiades.stoa.org/places/167730",
    "title": "Crêt-Châtelard",
    "description": "An ancient place, cited: BAtlas 17 C2 Crêt-Châtelard",
    "placeTypes": [
     "settlement"
    ],
    "names": [],
    "locationCertainty": "certain"
   }
  },
  {
   "type": "Feature",
   "geometry": {
    "type": "Point",
    "coordinates": [
     6.1252,
     45.895203
    ]
   },
   "properties": {
    "pid": "167731",
    "uri": "https://pleiades.stoa.org/places/167731",
    "title": "Le Crêt-du-Maure",
    "description": "An ancient place, cited: BAtlas 17 G2 Le Crêt-du-Maure",
    "placeTypes": [
     "mine"
    ],
    "names": [],
    "locationCertainty": "certain"
   }
  },
  {
   "type": "Feature",
   "geometry": {
    "type": "Point",
    "coordinates": [
     4.852526,
     44.938143
    ]
   },
   "properties": {
    "pid": "167732",
    "uri": "https://pleiades.stoa.org/places/167732",
    "title": "Crussol",
    "description": "An ancient place, cited: BAtlas 17 D4 Crussol",
    "placeTypes": [
     "mine"
    ],
    "names": [],
    "locationCertainty": "certain"
   }
  },
  {
   "type": "Feature",
   "geometry": {
    "type": "Point",
    "coordinates": [
     5.731700999999999,
     45.192527999999996
    ]
   },
   "properties": {
    "pid": "167734",
    "uri": "https://pleiades.stoa.org/places/167734",
    "title": "Cularo/Gratianopolis",
    "description": "Cularo/Gratianopolis was a city of Gallia Narbonensis in the territory of the Allobroges on the Isère River.",
    "placeTypes": [
     "settlement"
    ],
    "names": [
     {
      "attested": "",
      "romanized": "Cularo",
      "language": ""
     },
     {
      "attested": "",
      "romanized": "Gratianopolis",
      "language": ""
     },
     {
      "attested": "",
      "romanized": "Grenoble",
      "language": ""
     }
    ],
    "locationCertainty": "certain"
   }
  },
  {
   "type": "Feature",
   "geometry": {
    "type": "Point",
    "coordinates": [
     6.532142,
     45.484001
    ]
   },
   "properties": {
    "pid": "167736",
    "uri": "https://pleiades.stoa.org/places/167736",
    "title": "Darantasia",
    "description": "An ancient place, cited: BAtlas 17 H3 Darantasia",
    "placeTypes": [
     "settlement"
    ],
    "names": [
     {
      "attested": "Darantasia",
      "romanized": "Darantasia",
      "language": "la"
     },
     {
      "attested": "Moûtiers-en-Tarentaise",
      "romanized": "Moutiers-en-Tarentaise",
      "language": "fr"
     }
    ],
    "locationCertainty": "certain"
   }
  },
  {
   "type": "Feature",
   "geometry": {
    "type": "Point",
    "coordinates": [
     5.198998,
     44.696872
    ]
   },
   "properties": {
    "pid": "167737",
    "uri": "https://pleiades.stoa.org/places/167737",
    "title": "Darentiaca",
    "description": "An ancient place, cited: BAtlas 17 E4 Darentiaca",
    "placeTypes": [
     "station"
    ],
    "names": [
     {
      "attested": "",
      "romanized": "Darentiaca",
      "language": ""
     },
     {
      "attested": "Saillans",
      "romanized": "Saillans",
      "language": "fr"
     }
    ],
    "locationCertainty": "certain"
   }
  },
  {
   "type": "Feature",
   "geometry": {
    "type": "Point",
    "coordinates": [
     5.821025,
     44.533651
    ]
   },
   "properties": {
    "pid": "167738",
    "uri": "https://pleiades.stoa.org/places/167738",
    "title": "Davianum",
    "description": "An ancient place, cited: BAtlas 17 F4 Davianum",
    "placeTypes": [
     "station"
    ],
    "names": [
     {
      "attested": "",
      "romanized": "Davianum",
      "language": ""
     },
     {
      "attested": "Mutatio Daviano",
      "romanized": "Mutatio Daviano, Daviano (mutatio)",
      "language": "la"
     }
    ],
    "locationCertainty": "certain"
   }
  },
  {
   "type": "Feature",
   "geometry": {
    "type": "Point",
    "coordinates": [
     4.517428,
     44.994852
    ]
   },
   "properties": {
    "pid": "167740",
    "uri": "https://pleiades.stoa.org/places/167740",
    "title": "Desaignes",
    "description": "An ancient place, cited: BAtlas 17 D4 Desaignes",
    "placeTypes": [
     "temple"
    ],
    "names": [],
    "locationCertainty": "certain"
   }
  },
  {
   "type": "Feature",
   "geometry": {
    "type": "Point",
    "coordinates": [
     4.709302,
     44.444358
    ]
   },
   "properties": {
    "pid": "167741",
    "uri": "https://pleiades.stoa.org/places/167741",
    "title": "Donzère",
    "description": "An ancient place, cited: BAtlas 17 D5 Donzère",
    "placeTypes": [
     "villa"
    ],
    "names": [],
    "locationCertainty": "certain"
   }
  },
  {
   "type": "Feature",
   "geometry": {
    "type": "Point",
    "coordinates": [
     4.777924,
     44.555077
    ]
   },
   "properties": {
    "pid": "167742",
    "uri": "https://pleiades.stoa.org/places/167742",
    "title": "Dourion",
    "description": "An ancient place, cited: BAtlas 17 D4 Dourion",
    "placeTypes": [
     "settlement"
    ],
    "names": [
     {
      "attested": "",
      "romanized": "Dourion",
      "language": ""
     }
    ],
    "locationCertainty": "certain"
   }
  },
  {
   "type": "Feature",
   "geometry": {
    "type": "Point",
    "coordinates": [
     6.7350045000000005,
     44.934099
    ]
   },
   "properties": {
    "pid": "167743",
    "uri": "https://pleiades.stoa.org/places/167743",
    "title": "Druantium/*Alpis Cottia/Summae Alpes",
    "description": "An ancient place, cited: BAtlas 17 H4 Druantium/*Alpis Cottia/Summae Alpes",
    "placeTypes": [
     "settlement"
    ],
    "names": [
     {
      "attested": "",
      "romanized": "Druantium",
      "language": ""
     },
     {
      "attested": "",
      "romanized": "Alpis Cottia",
      "language": ""
     },
     {
      "attested": "",
      "romanized": "Summae Alpes",
      "language": ""
     },
     {
      "attested": "",
      "romanized": "Alpis Iulia",
      "language": ""
     }
    ],
    "locationCertainty": "certain"
   }
  },
  {
   "type": "Feature",
   "geometry": {
    "type": "Point",
    "coordinates": [
     5.252607833751539,
     44.67968250822082
    ]
   },
   "properties": {
    "pid": "167745",
    "uri": "https://pleiades.stoa.org/places/167745",
    "title": "Druna (river)",
    "description": "The Drôme river, a tributary of the Rhône.",
    "placeTypes": [
     "river"
    ],
    "names": [
     {
      "attested": "",
      "romanized": "Druna",
      "language": ""
     }
    ],
    "locationCertainty": "certain"
   }
  },
  {
   "type": "Feature",
   "geometry": {
    "type": "Point",
    "coordinates": [
     6.300867,
     45.033373
    ]
   },
   "properties": {
    "pid": "167748",
    "uri": "https://pleiades.stoa.org/places/167748",
    "title": "Durotincum",
    "description": "An ancient place, cited: BAtlas 17 G3 Durotincum",
    "placeTypes": [
     "station"
    ],
    "names": [
     {
      "attested": "",
      "romanized": "Durotincum",
      "language": ""
     },
     {
      "attested": "",
      "romanized": "Durotingum",
      "language": ""
     }
    ],
    "locationCertainty": "certain"
   }
  },
  {
   "type": "Feature",
   "geometry": {
    "type": "Point",
    "coordinates": [
     6.4957095,
     44.563987499999996
    ]
   },
   "properties": {
    "pid": "167750",
    "uri": "https://pleiades.stoa.org/places/167750",
    "title": "Eburodunum",
    "description": "An ancient place, cited: BAtlas 17 G4 Eburodunum",
    "placeTypes": [
     "settlement"
    ],
    "names": [
     {
      "attested": "",
      "romanized": "Eburodunum",
      "language": ""
     },
     {
      "attested": "",
      "romanized": "Ebrudunum",
      "language": ""
     },
     {
      "attested": "Ἐβρόδουνον",
      "romanized": "Ebrodunum",
      "language": "grc"
     }
    ],
    "locationCertainty": "certain"
   }
  },
  {
   "type": "Feature",
   "geometry": {
    "type": "Point",
    "coordinates": [
     6.214060080314278,
     44.36587251015529
    ]
   },
   "properties": {
    "pid": "167752",
    "uri": "https://pleiades.stoa.org/places/167752",
    "title": "Edenates",
    "description": "An Alpine tribe included on the Tropaeum Alpium inscription.",
    "placeTypes": [
     "label",
     "people"
    ],
    "names": [
     {
      "attested": "",
      "romanized": "Edenates",
      "language": "la"
     }
    ],
    "locationCertainty": "certain"
   }
  },
  {
   "type": "Feature",
   "geometry": {
    "type": "Point",
    "coordinates": [
     6.5967932251471995,
     44.20905496908378
    ]
   },
   "properties": {
    "pid": "167753",
    "uri": "https://pleiades.stoa.org/places/167753",
    "title": "Eguiturii?",
    "description": "An Alpine tribe mentioned on the Tropaeum Augusti.",
    "placeTypes": [
     "label",
     "people"
    ],
    "names": [
     {
      "attested": "",
      "romanized": "Eguiturii",
      "language": ""
     },
     {
      "attested": "Egui, Egvi",
      "romanized": "Egui",
      "language": "la"
     }
    ],
    "locationCertainty": "less-certain"
   }
  },
  {
   "type": "Feature",
   "geometry": {
    "type": "Point",
    "coordinates": [
     4.848102,
     45.244871
    ]
   },
   "properties": {
    "pid": "167755",
    "uri": "https://pleiades.stoa.org/places/167755",
    "title": "Epaone",
    "description": "An ancient place, cited: BAtlas 17 D3 Epaone",
    "placeTypes": [
     "church"
    ],
    "names": [
     {
      "attested": "",
      "romanized": "Epaone",
      "language": ""
     }
    ],
    "locationCertainty": "certain"
   }
  },
  {
   "type": "Feature",
   "geometry": {
    "type": "Point",
    "coordinates": [
     4.24447577778,
     45.4608366111
    ]
   },
   "properties": {
    "pid": "167758",
    "uri": "https://pleiades.stoa.org/places/167758",
    "title": "Essalois",
    "description": "Essalois was originally an oppidum of the Segusiavi.",
    "placeTypes": [
     "settlement"
    ],
    "names": [],
    "locationCertainty": "certain"
   }
  },
  {
   "type": "Feature",
   "geometry": {
    "type": "Point",
    "coordinates": [
     5.767673732163502,
     45.71444853870548
    ]
   },
   "properties": {
    "pid": "167759",
    "uri": "https://pleiades.stoa.org/places/167759",
    "title": "Etanna",
    "description": "Etanna was a civitas of the Allobroges in Gallia Narbonensis and is also attested as a Roman road station. It was likely located in the modern French commune of Yenne, but its precise location is uncertain.",
    "placeTypes": [
     "settlement",
     "station",
     "settlement-modern"
    ],
    "names": [
     {
      "attested": "Yenne",
      "romanized": "Yenne",
      "language": "fr"
     },
     {
      "attested": "Etanna",
      "romanized": "Etanna",
      "language": "la"
     }
    ],
    "locationCertainty": "less-certain"
   }
  },
  {
   "type": "Feature",
   "geometry": {
    "type": "Point",
    "coordinates": [
     7.183884,
     45.835681
    ]
   },
   "properties": {
    "pid": "167760",
    "uri": "https://pleiades.stoa.org/places/167760",
    "title": "Eudracinum",
    "description": "An ancient place, cited: BAtlas 17 I2 Eudracinum",
    "placeTypes": [
     "station"
    ],
    "names": [
     {
      "attested": "Evdracinvm",
      "romanized": "Eudracinum",
      "language": "la"
     }
    ],
    "locationCertainty": "certain"
   }
  },
  {
   "type": "Feature",
   "geometry": {
    "type": "Point",
    "coordinates": [
     4.25,
     44.75
    ]
   },
   "properties": {
    "pid": "167761",
    "uri": "https://pleiades.stoa.org/places/167761",
    "title": "Eyriac",
    "description": "An ancient place, cited: BAtlas 17 C4 Eyriac",
    "placeTypes": [
     "unknown"
    ],
    "names": [],
    "locationCertainty": "certain"
   }
  },
  {
   "type": "Feature",
   "geometry": {
    "type": "Point",
    "coordinates": [
     5.671117,
     45.661997
    ]
   },
   "properties": {
    "pid": "167763",
    "uri": "https://pleiades.stoa.org/places/167763",
    "title": "Fay",
    "description": "An ancient place, cited: BAtlas 17 F2 Fay",
    "placeTypes": [
     "mine"
    ],
    "names": [],
    "locationCertainty": "certain"
   }
  },
  {
   "type": "Feature",
   "geometry": {
    "type": "Point",
    "coordinates": [
     6.088465,
     45.967755
    ]
   },
   "properties": {
    "pid": "167764",
    "uri": "https://pleiades.stoa.org/places/167764",
    "title": "Ferrières",
    "description": "An ancient place, cited: BAtlas 17 G2 Ferrières",
    "placeTypes": [
     "mine"
    ],
    "names": [],
    "locationCertainty": "certain"
   }
  },
  {
   "type": "Feature",
   "geometry": {
    "type": "Point",
    "coordinates": [
     4.820885,
     45.28241
    ]
   },
   "properties": {
    "pid": "167765",
    "uri": "https://pleiades.stoa.org/places/167765",
    "title": "Figlinae",
    "description": "An ancient place, cited: BAtlas 17 D3 Figlinae",
    "placeTypes": [
     "station"
    ],
    "names": [
     {
      "attested": "",
      "romanized": "Figlinae",
      "language": ""
     }
    ],
    "locationCertainty": "certain"
   }
  },
  {
   "type": "Feature",
   "geometry": {
    "type": "Point",
    "coordinates": [
     5.87119,
     45.067705
    ]
   },
   "properties": {
    "pid": "167766",
    "uri": "https://pleiades.stoa.org/places/167766",
    "title": "Fines",
    "description": "An ancient place, cited: BAtlas 17 F3 Fines",
    "placeTypes": [
     "station"
    ],
    "names": [
     {
      "attested": "",
      "romanized": "Fines",
      "language": ""
     }
    ],
    "locationCertainty": "certain"
   }
  },
  {
   "type": "Feature",
   "geometry": {
    "type": "Point",
    "coordinates": [
     4.673747,
     44.747032
    ]
   },
   "properties": {
    "pid": "167767",
    "uri": "https://pleiades.stoa.org/places/167767",
    "title": "Flaviac",
    "description": "An ancient place, cited: BAtlas 17 D4 Flaviac",
    "placeTypes": [
     "mine-2"
    ],
    "names": [],
    "locationCertainty": "certain"
   }
  },
  {
   "type": "Feature",
   "geometry": {
    "type": "Point",
    "coordinates": [
     4.222007,
     45.743773
    ]
   },
   "properties": {
    "pid": "167771",
    "uri": "https://pleiades.stoa.org/places/167771",
    "title": "Forum Segusiavorum",
    "description": "Forum Segusiavorum (Feurs) was a Roman market town at the junction of several major road systems.",
    "placeTypes": [
     "settlement"
    ],
    "names": [
     {
      "attested": "",
      "romanized": "Forum Segusiavorum",
      "language": ""
     },
     {
      "attested": "",
      "romanized": "Segusiavi",
      "language": "la"
     },
     {
      "attested": "",
      "romanized": "Feurs",
      "language": ""
     }
    ],
    "locationCertainty": "certain"
   }
  },
  {
   "type": "Feature",
   "geometry": {
    "type": "Point",
    "coordinates": [
     6.002808,
     44.458076
    ]
   },
   "properties": {
    "pid": "167772",
    "uri": "https://pleiades.stoa.org/places/167772",
    "title": "Fouillouse",
    "description": "An ancient place, cited: BAtlas 17 F5 Fouillouse",
    "placeTypes": [
     "mine"
    ],
    "names": [],
    "locationCertainty": "certain"
   }
  },
  {
   "type": "Feature",
   "geometry": {
    "type": "Point",
    "coordinates": [
     6.124785,
     45.0442
    ]
   },
   "properties": {
    "pid": "167774",
    "uri": "https://pleiades.stoa.org/places/167774",
    "title": "Le Freney",
    "description": "An ancient place, cited: BAtlas 17 G3 Le Freney",
    "placeTypes": [
     "mine"
    ],
    "names": [],
    "locationCertainty": "certain"
   }
  },
  {
   "type": "Feature",
   "geometry": {
    "type": "Point",
    "coordinates": [
     6.793592,
     44.952968
    ]
   },
   "properties": {
    "pid": "167778",
    "uri": "https://pleiades.stoa.org/places/167778",
    "title": "Gaesao/Tyrium",
    "description": "An ancient place, cited: BAtlas 17 H4 Gaesao/Tyrium",
    "placeTypes": [
     "settlement"
    ],
    "names": [
     {
      "attested": "",
      "romanized": "Gaesao",
      "language": ""
     },
     {
      "attested": "",
      "romanized": "Tyrium",
      "language": ""
     },
     {
      "attested": "Gadaone",
      "romanized": "Gadaone",
      "language": "la"
     },
     {
      "attested": "Cesana",
      "romanized": "Cesana",
      "language": "it"
     }
    ],
    "locationCertainty": "certain"
   }
  },
  {
   "type": "Feature",
   "geometry": {
    "type": "Point",
    "coordinates": [
     5.5983269,
     44.5495973
    ]
   },
   "properties": {
    "pid": "167780",
    "uri": "https://pleiades.stoa.org/places/167780",
    "title": "Gaura (mountain)",
    "description": "Col de Cabre.",
    "placeTypes": [
     "mountain"
    ],
    "names": [
     {
      "attested": "",
      "romanized": "Gaura",
      "language": ""
     }
    ],
    "locationCertainty": "certain"
   }
  },
  {
   "type": "Feature",
   "geometry": {
    "type": "Point",
    "coordinates": [
     6.130653,
     44.645028
    ]
   },
   "properties": {
    "pid": "167781",
    "uri": "https://pleiades.stoa.org/places/167781",
    "title": "Geminae",
    "description": "An ancient place, cited: BAtlas 17 G4 Geminae",
    "placeTypes": [
     "settlement"
    ],
    "names": [
     {
      "attested": "",
      "romanized": "Geminae",
      "language": ""
     }
    ],
    "locationCertainty": "certain"
   }
  },
  {
   "type": "Feature",
   "geometry": {
    "type": "Point",
    "coordinates": [
     6.3498605999999995,
     45.65837833333333
    ]
   },
   "properties": {
    "pid": "167783",
    "uri": "https://pleiades.stoa.org/places/167783",
    "title": "Gilly-sur-Isère",
    "description": "An archaeologically attested \"agglomération romaine\" (evidently equipped with port and warehouse facilities) at modern Gilly on the Isere river in France (about 4km downriver from Albertville), appears to have been an extension or adjunct of the Roman road station and toll house of Ad Publicanos, thought to have been located in the area.",
    "placeTypes": [
     "settlement",
     "villa",
     "settlement-modern"
    ],
    "names": [],
    "locationCertainty": "certain"
   }
  },
  {
   "type": "Feature",
   "geometry": {
    "type": "Point",
    "coordinates": [
     4.156305,
     45.742373
    ]
   },
   "properties": {
    "pid": "167784",
    "uri": "https://pleiades.stoa.org/places/167784",
    "title": "Goincet",
    "description": "An ancient place, cited: BAtlas 17 C2 Goincet",
    "placeTypes": [
     "settlement"
    ],
    "names": [
     {
      "attested": "Goincet",
      "romanized": "Goincet",
      "language": "fr"
     }
    ],
    "locationCertainty": "certain"
   }
  },
  {
   "type": "Feature",
   "geometry": {
    "type": "Point",
    "coordinates": [
     6.418255541854978,
     45.20559629837806
    ]
   },
   "properties": {
    "pid": "167785",
    "uri": "https://pleiades.stoa.org/places/167785",
    "title": "Graioceli?",
    "description": "An ancient place, cited: BAtlas 17 G3 Graioceli?",
    "placeTypes": [
     "label",
     "people"
    ],
    "names": [
     {
      "attested": "Graioceli",
      "romanized": "Graioceli",
      "language": "la"
     }
    ],
    "locationCertainty": "less-certain"
   }
  },
  {
   "type": "Feature",
   "geometry": {
    "type": "Point",
    "coordinates": [
     5.602513,
     45.976517
    ]
   },
   "properties": {
    "pid": "167789",
    "uri": "https://pleiades.stoa.org/places/167789",
    "title": "Hauteville-Lompnes",
    "description": "An ancient place, cited: BAtlas 17 F2 Hauteville-Lompnes",
    "placeTypes": [
     "mine"
    ],
    "names": [],
    "locationCertainty": "certain"
   }
  },
  {
   "type": "Feature",
   "geometry": {
    "type": "Point",
    "coordinates": [
     6.192454,
     44.57064
    ]
   },
   "properties": {
    "pid": "167792",
    "uri": "https://pleiades.stoa.org/places/167792",
    "title": "Ictodurus",
    "description": "An ancient place, cited: BAtlas 17 G4 Ictodurus",
    "placeTypes": [
     "settlement"
    ],
    "names": [
     {
      "attested": "",
      "romanized": "Ictodurus",
      "language": ""
     },
     {
      "attested": "ictodvrv̄",
      "romanized": "Ictoduru",
      "language": "la"
     }
    ],
    "locationCertainty": "certain"
   }
  },
  {
   "type": "Feature",
   "geometry": {
    "type": "Point",
    "coordinates": [
     5.988965225761426,
     45.35346673839092
    ]
   },
   "properties": {
    "pid": "167793",
    "uri": "https://pleiades.stoa.org/places/167793",
    "title": "Isara (river)",
    "description": "The Isère River flows into the Rhône River at Pont-de-l'Isère.",
    "placeTypes": [
     "river"
    ],
    "names": [
     {
      "attested": "Isara",
      "romanized": "Isara",
      "language": "la"
     }
    ],
    "locationCertainty": "certain"
   }
  },
  {
   "type": "Feature",
   "geometry": {
    "type": "Point",
    "coordinates": [
     4.4301815,
     44.606027
    ]
   },
   "properties": {
    "pid": "167795",
    "uri": "https://pleiades.stoa.org/places/167795",
    "title": "Jastres",
    "description": "An ancient place, cited: BAtlas 17 C4 Jastres",
    "placeTypes": [
     "settlement"
    ],
    "names": [],
    "locationCertainty": "certain"
   }
  },
  {
   "type": "Feature",
   "geometry": {
    "type": "Point",
    "coordinates": [
     4.018058,
     45.970362
    ]
   },
   "properties": {
    "pid": "167796",
    "uri": "https://pleiades.stoa.org/places/167796",
    "title": "Joeuvres",
    "description": "An ancient place, cited: BAtlas 17 C2 Joeuvres",
    "placeTypes": [
     "settlement"
    ],
    "names": [],
    "locationCertainty": "certain"
   }
  },
  {
   "type": "Feature",
   "geometry": {
    "type": "Point",
    "coordinates": [
     5.754422,
     45.436151
    ]
   },
   "properties": {
    "pid": "167798",
    "uri": "https://pleiades.stoa.org/places/167798",
    "title": "Labisco",
    "description": "An ancient place, cited: BAtlas 17 F3 Labisco",
    "placeTypes": [
     "settlement"
    ],
    "names": [
     {
      "attested": "",
      "romanized": "Labisco",
      "language": ""
     }
    ],
    "locationCertainty": "certain"
   }
  },
  {
   "type": "Feature",
   "geometry": {
    "type": "Point",
    "coordinates": [
     6.91292,
     45.290153
    ]
   },
   "properties": {
    "pid": "167800",
    "uri": "https://pleiades.stoa.org/places/167800",
    "title": "Lanslevillard",
    "description": "An ancient place, cited: BAtlas 17 H3 Lanslevillard",
    "placeTypes": [
     "settlement"
    ],
    "names": [],
    "locationCertainty": "certain"
   }
  },
  {
   "type": "Feature",
   "geometry": {
    "type": "Point",
    "coordinates": [
     5.30027,
     45.79338666666666
    ]
   },
   "properties": {
    "pid": "167803",
    "uri": "https://pleiades.stoa.org/places/167803",
    "title": "Larina",
    "description": "An ancient place, cited: BAtlas 17 E2 Larina",
    "placeTypes": [
     "settlement"
    ],
    "names": [],
    "locationCertainty": "certain"
   }
  },
  {
   "type": "Feature",
   "geometry": {
    "type": "Point",
    "coordinates": [
     4.820548,
     45.210305
    ]
   },
   "properties": {
    "pid": "167805",
    "uri": "https://pleiades.stoa.org/places/167805",
    "title": "Laveyron",
    "description": "An ancient place, cited: BAtlas 17 D3 Laveyron",
    "placeTypes": [
     "temple"
    ],
    "names": [],
    "locationCertainty": "certain"
   }
  },
  {
   "type": "Feature",
   "geometry": {
    "type": "Point",
    "coordinates": [
     5.9208005,
     45.5666305
    ]
   },
   "properties": {
    "pid": "167806",
    "uri": "https://pleiades.stoa.org/places/167806",
    "title": "Lemincum",
    "description": "An ancient place, cited: BAtlas 17 F2 Lemincum",
    "placeTypes": [
     "settlement"
    ],
    "names": [
     {
      "attested": "",
      "romanized": "Lemincum",
      "language": ""
     }
    ],
    "locationCertainty": "certain"
   }
  },
  {
   "type": "Feature",
   "geometry": {
    "type": "Point",
    "coordinates": [
     4.662697,
     45.819432
    ]
   },
   "properties": {
    "pid": "167807",
    "uri": "https://pleiades.stoa.org/places/167807",
    "title": "Lentilly",
    "description": "An ancient place, cited: BAtlas 17 D2 Lentilly",
    "placeTypes": [
     "temple"
    ],
    "names": [],
    "locationCertainty": "certain"
   }
  },
  {
   "type": "Feature",
   "geometry": {
    "type": "Point",
    "coordinates": [
     5.969157,
     45.287183
    ]
   },
   "properties": {
    "pid": "167808",
    "uri": "https://pleiades.stoa.org/places/167808",
    "title": "Les Hurtières",
    "description": "An ancient place, cited: BAtlas 17 F3 Les Hurtières",
    "placeTypes": [
     "mine"
    ],
    "names": [],
    "locationCertainty": "certain"
   }
  },
  {
   "type": "Feature",
   "geometry": {
    "type": "Point",
    "coordinates": [
     4.757599,
     45.352156
    ]
   },
   "properties": {
    "pid": "167812",
    "uri": "https://pleiades.stoa.org/places/167812",
    "title": "Limony",
    "description": "An ancient place, cited: BAtlas 17 D3 Limony",
    "placeTypes": [
     "villa"
    ],
    "names": [],
    "locationCertainty": "certain"
   }
  },
  {
   "type": "Feature",
   "geometry": {
    "type": "Point",
    "coordinates": [
     4.702564,
     45.912928
    ]
   },
   "properties": {
    "pid": "167814",
    "uri": "https://pleiades.stoa.org/places/167814",
    "title": "Lucenay",
    "description": "An ancient place, cited: BAtlas 17 D2 Lucenay",
    "placeTypes": [
     "mine"
    ],
    "names": [],
    "locationCertainty": "certain"
   }
  },
  {
   "type": "Feature",
   "geometry": {
    "type": "Point",
    "coordinates": [
     5.451422,
     44.615727
    ]
   },
   "properties": {
    "pid": "167815",
    "uri": "https://pleiades.stoa.org/places/167815",
    "title": "Lucus Augusti",
    "description": "An ancient place, cited: BAtlas 17 E4 Lucus Augusti",
    "placeTypes": [
     "settlement"
    ],
    "names": [
     {
      "attested": "",
      "romanized": "Lucus Augusti",
      "language": ""
     }
    ],
    "locationCertainty": "certain"
   }
  },
  {
   "type": "Feature",
   "geometry": {
    "type": "Point",
    "coordinates": [
     4.516838129879338,
     45.95600461098943
    ]
   },
   "properties": {
    "pid": "167817",
    "uri": "https://pleiades.stoa.org/places/167817",
    "title": "Lugdunensis",
    "description": "An ancient place, cited: BAtlas 17 C2 Lugdunensis",
    "placeTypes": [
     "label"
    ],
    "names": [
     {
      "attested": "",
      "romanized": "Lugdunensis",
      "language": ""
     }
    ],
    "locationCertainty": "certain"
   }
  },
  {
   "type": "Feature",
   "geometry": {
    "type": "Point",
    "coordinates": [
     6.672046,
     45.553337
    ]
   },
   "properties": {
    "pid": "167821",
    "uri": "https://pleiades.stoa.org/places/167821",
    "title": "Macôt-La-Plagne",
    "description": "An ancient place, cited: BAtlas 17 H2 Macôt-La-Plagne",
    "placeTypes": [
     "mine"
    ],
    "names": [],
    "locationCertainty": "certain"
   }
  },
  {
   "type": "Feature",
   "geometry": {
    "type": "Point",
    "coordinates": [
     6.155459,
     45.565708
    ]
   },
   "properties": {
    "pid": "167822",
    "uri": "https://pleiades.stoa.org/places/167822",
    "title": "Mantala",
    "description": "An ancient place, cited: BAtlas 17 G2 Mantala",
    "placeTypes": [
     "station"
    ],
    "names": [
     {
      "attested": "Mantala",
      "romanized": "Mantala",
      "language": "la"
     }
    ],
    "locationCertainty": "certain"
   }
  },
  {
   "type": "Feature",
   "geometry": {
    "type": "Point",
    "coordinates": [
     6.433336,
     44.25
    ]
   },
   "properties": {
    "pid": "167823",
    "uri": "https://pleiades.stoa.org/places/167823",
    "title": "Mariaud",
    "description": "An ancient place, cited: BAtlas 17 G5 Mariaud",
    "placeTypes": [
     "mine"
    ],
    "names": [],
    "locationCertainty": "certain"
   }
  },
  {
   "type": "Feature",
   "geometry": {
    "type": "Point",
    "coordinates": [
     5.333257,
     44.802292
    ]
   },
   "properties": {
    "pid": "167824",
    "uri": "https://pleiades.stoa.org/places/167824",
    "title": "Marignac",
    "description": "An ancient place, cited: BAtlas 17 E4 Marignac",
    "placeTypes": [
     "mine"
    ],
    "names": [],
    "locationCertainty": "certain"
   }
  },
  {
   "type": "Feature",
   "geometry": {
    "type": "Point",
    "coordinates": [
     4.077988,
     44.200937
    ]
   },
   "properties": {
    "pid": "167825",
    "uri": "https://pleiades.stoa.org/places/167825",
    "title": "Mas Dieu",
    "description": "An ancient place, cited: BAtlas 17 C5 Mas Dieu",
    "placeTypes": [
     "mine"
    ],
    "names": [],
    "locationCertainty": "certain"
   }
  },
  {
   "type": "Feature",
   "geometry": {
    "type": "Point",
    "coordinates": [
     6.709224246725483,
     44.956842539489095
    ]
   },
   "properties": {
    "pid": "167826",
    "uri": "https://pleiades.stoa.org/places/167826",
    "title": "Matrona (mountain)",
    "description": "Mont-Genèvre.",
    "placeTypes": [
     "mountain",
     "label"
    ],
    "names": [
     {
      "attested": "",
      "romanized": "Matrona",
      "language": ""
     }
    ],
    "locationCertainty": "certain"
   }
  },
  {
   "type": "Feature",
   "geometry": {
    "type": "Point",
    "coordinates": [
     6.34517,
     45.276549
    ]
   },
   "properties": {
    "pid": "167827",
    "uri": "https://pleiades.stoa.org/places/167827",
    "title": "Maurienna",
    "description": "An ancient place, cited: BAtlas 17 G3 Maurienna",
    "placeTypes": [
     "settlement"
    ],
    "names": [
     {
      "attested": "",
      "romanized": "Maurienna",
      "language": ""
     }
    ],
    "locationCertainty": "certain"
   }
  },
  {
   "type": "Feature",
   "geometry": {
    "type": "Point",
    "coordinates": [
     4.493707,
     45.875632
    ]
   },
   "properties": {
    "pid": "167828",
    "uri": "https://pleiades.stoa.org/places/167828",
    "title": "Mediolanum",
    "description": "An ancient place, cited: BAtlas 17 C2 Mediolanum",
    "placeTypes": [
     "station"
    ],
    "names": [
     {
      "attested": "",
      "romanized": "Mediolanum",
      "language": ""
     }
    ],
    "locationCertainty": "certain"
   }
  },
  {
   "type": "Feature",
   "geometry": {
    "type": "Point",
    "coordinates": [
     6.783698913070312,
     45.244820035947704
    ]
   },
   "properties": {
    "pid": "167829",
    "uri": "https://pleiades.stoa.org/places/167829",
    "title": "Medulli",
    "description": "An ancient place, cited: BAtlas 17 H3 Medulli",
    "placeTypes": [
     "label",
     "people"
    ],
    "names": [
     {
      "attested": "",
      "romanized": "Medulli",
      "language": ""
     }
    ],
    "locationCertainty": "certain"
   }
  },
  {
   "type": "Feature",
   "geometry": {
    "type": "Point",
    "coordinates": [
     4.678905,
     44.544663
    ]
   },
   "properties": {
    "pid": "167830",
    "uri": "https://pleiades.stoa.org/places/167830",
    "title": "Mélas",
    "description": "An ancient place, cited: BAtlas 17 D4 Mélas",
    "placeTypes": [
     "bridge"
    ],
    "names": [],
    "locationCertainty": "certain"
   }
  },
  {
   "type": "Feature",
   "geometry": {
    "type": "Point",
    "coordinates": [
     6.129668,
     45.035943
    ]
   },
   "properties": {
    "pid": "167831",
    "uri": "https://pleiades.stoa.org/places/167831",
    "title": "Mellosedum",
    "description": "An ancient place, cited: BAtlas 17 G3 Mellosedum",
    "placeTypes": [
     "station"
    ],
    "names": [
     {
      "attested": "",
      "romanized": "Mellosedum",
      "language": ""
     }
    ],
    "locationCertainty": "certain"
   }
  },
  {
   "type": "Feature",
   "geometry": {
    "type": "Point",
    "coordinates": [
     6.193289,
     45.859908
    ]
   },
   "properties": {
    "pid": "167832",
    "uri": "https://pleiades.stoa.org/places/167832",
    "title": "Menthon-St-Bernard",
    "description": "An ancient place, cited: BAtlas 17 G2 Menthon-St-Bernard",
    "placeTypes": [
     "bath"
    ],
    "names": [],
    "locationCertainty": "certain"
   }
  },
  {
   "type": "Feature",
   "geometry": {
    "type": "Point",
    "coordinates": [
     5.003483,
     45.76656
    ]
   },
   "properties": {
    "pid": "167833",
    "uri": "https://pleiades.stoa.org/places/167833",
    "title": "Meyzieu",
    "description": "An ancient place, cited: BAtlas 17 D2 Meyzieu",
    "placeTypes": [
     "villa"
    ],
    "names": [],
    "locationCertainty": "certain"
   }
  },
  {
   "type": "Feature",
   "geometry": {
    "type": "Point",
    "coordinates": [
     4.25,
     44.75
    ]
   },
   "properties": {
    "pid": "167835",
    "uri": "https://pleiades.stoa.org/places/167835",
    "title": "Mirabel",
    "description": "An ancient place, cited: BAtlas 17 C4 Mirabel",
    "placeTypes": [
     "unknown"
    ],
    "names": [],
    "locationCertainty": "certain"
   }
  },
  {
   "type": "Feature",
   "geometry": {
    "type": "Point",
    "coordinates": [
     5.7499256,
     44.455988899999994
    ]
   },
   "properties": {
    "pid": "167836",
    "uri": "https://pleiades.stoa.org/places/167836",
    "title": "Mons Seleucus",
    "description": "Mons Seleucus was the site of the famous battle between Constantius II and the usurper Magnentius in AD 353. The Gallo-Roman vicus at La Bâtie-Montsaléon included a Gallo-Roman sanctuary.",
    "placeTypes": [
     "sanctuary",
     "settlement"
    ],
    "names": [
     {
      "attested": "",
      "romanized": "Mons Seleucus",
      "language": ""
     }
    ],
    "locationCertainty": "certain"
   }
  },
  {
   "type": "Feature",
   "geometry": {
    "type": "Point",
    "coordinates": [
     4.747517,
     45.62842
    ]
   },
   "properties": {
    "pid": "167837",
    "uri": "https://pleiades.stoa.org/places/167837",
    "title": "Montagny",
    "description": "An ancient place, cited: BAtlas 17 D2 Montagny",
    "placeTypes": [
     "quarry"
    ],
    "names": [
     {
      "attested": "Montagny",
      "romanized": "Montagny",
      "language": "fr"
     }
    ],
    "locationCertainty": "certain"
   }
  },
  {
   "type": "Feature",
   "geometry": {
    "type": "Point",
    "coordinates": [
     5.403811,
     45.814079
    ]
   },
   "properties": {
    "pid": "167838",
    "uri": "https://pleiades.stoa.org/places/167838",
    "title": "Montalieu",
    "description": "An ancient place, cited: BAtlas 17 E2 Montalieu",
    "placeTypes": [
     "mine"
    ],
    "names": [],
    "locationCertainty": "certain"
   }
  },
  {
   "type": "Feature",
   "geometry": {
    "type": "Point",
    "coordinates": [
     4.41258,
     44.282626
    ]
   },
   "properties": {
    "pid": "167839",
    "uri": "https://pleiades.stoa.org/places/167839",
    "title": "Monteils",
    "description": "An ancient place, cited: BAtlas 17 C5 Monteils",
    "placeTypes": [
     "settlement"
    ],
    "names": [
     {
      "attested": "Monteils",
      "romanized": "Monteils",
      "language": "fr"
     }
    ],
    "locationCertainty": "certain"
   }
  },
  {
   "type": "Feature",
   "geometry": {
    "type": "Point",
    "coordinates": [
     4.066671,
     45.714444
    ]
   },
   "properties": {
    "pid": "167844",
    "uri": "https://pleiades.stoa.org/places/167844",
    "title": "Montverdun",
    "description": "An ancient place, cited: BAtlas 17 C2 Montverdun",
    "placeTypes": [
     "quarry"
    ],
    "names": [],
    "locationCertainty": "certain"
   }
  },
  {
   "type": "Feature",
   "geometry": {
    "type": "Point",
    "coordinates": [
     5.564349,
     45.326453
    ]
   },
   "properties": {
    "pid": "167845",
    "uri": "https://pleiades.stoa.org/places/167845",
    "title": "Morginnum",
    "description": "Morginnum (Moirans) was a settlement of Gallia Narbonensis, along the road from Vienne to Alpis Cottia.",
    "placeTypes": [
     "settlement"
    ],
    "names": [
     {
      "attested": "",
      "romanized": "Morginnum",
      "language": ""
     },
     {
      "attested": "Morginno",
      "romanized": "Morginno",
      "language": "la"
     }
    ],
    "locationCertainty": "certain"
   }
  },
  {
   "type": "Feature",
   "geometry": {
    "type": "Point",
    "coordinates": [
     5.71089,
     44.961028
    ]
   },
   "properties": {
    "pid": "167846",
    "uri": "https://pleiades.stoa.org/places/167846",
    "title": "La Motte-St-Martin",
    "description": "An ancient place, cited: BAtlas 17 F4 La Motte-St-Martin",
    "placeTypes": [
     "temple"
    ],
    "names": [],
    "locationCertainty": "certain"
   }
  },
  {
   "type": "Feature",
   "geometry": {
    "type": "Point",
    "coordinates": [
     5.787423,
     44.905457
    ]
   },
   "properties": {
    "pid": "167847",
    "uri": "https://pleiades.stoa.org/places/167847",
    "title": "La Mure",
    "description": "An ancient place, cited: BAtlas 17 F4 La Mure",
    "placeTypes": [
     "settlement"
    ],
    "names": [],
    "locationCertainty": "certain"
   }
  },
  {
   "type": "Feature",
   "geometry": {
    "type": "Point",
    "coordinates": [
     6.762891,
     44.474637
    ]
   },
   "properties": {
    "pid": "167849",
    "uri": "https://pleiades.stoa.org/places/167849",
    "title": "Mustiae Calmes",
    "description": "An ancient place, cited: BAtlas 17 H5 Mustiae Calmes",
    "placeTypes": [
     "settlement"
    ],
    "names": [
     {
      "attested": "",
      "romanized": "Mustiae Calmes",
      "language": ""
     }
    ],
    "locationCertainty": "certain"
   }
  },
  {
   "type": "Feature",
   "geometry": {
    "type": "Point",
    "coordinates": [
     6.733589747507698,
     44.2245862741422
    ]
   },
   "properties": {
    "pid": "167852",
    "uri": "https://pleiades.stoa.org/places/167852",
    "title": "Nemeturii?",
    "description": "A people of the Ligurian Alps.",
    "placeTypes": [
     "label",
     "people"
    ],
    "names": [
     {
      "attested": "",
      "romanized": "Nemeturii",
      "language": ""
     }
    ],
    "locationCertainty": "less-certain"
   }
  },
  {
   "type": "Feature",
   "geometry": {
    "type": "Point",
    "coordinates": [
     4.259116,
     44.6732
    ]
   },
   "properties": {
    "pid": "167853",
    "uri": "https://pleiades.stoa.org/places/167853",
    "title": "Neyrac-les-Bains",
    "description": "An ancient place, cited: BAtlas 17 C4 Neyrac-les-Bains",
    "placeTypes": [
     "temple"
    ],
    "names": [],
    "locationCertainty": "certain"
   }
  },
  {
   "type": "Feature",
   "geometry": {
    "type": "Point",
    "coordinates": [
     5.139559,
     44.360264
    ]
   },
   "properties": {
    "pid": "167854",
    "uri": "https://pleiades.stoa.org/places/167854",
    "title": "Noiomagos",
    "description": "An ancient place, cited: BAtlas 17 E5 Noiomagos",
    "placeTypes": [
     "settlement"
    ],
    "names": [
     {
      "attested": "",
      "romanized": "Noiomagos",
      "language": ""
     }
    ],
    "locationCertainty": "certain"
   }
  },
  {
   "type": "Feature",
   "geometry": {
    "type": "Point",
    "coordinates": [
     4.766994499999999,
     44.3495385
    ]
   },
   "properties": {
    "pid": "167855",
    "uri": "https://pleiades.stoa.org/places/167855",
    "title": "Noiomagos/Col. Augusta Tricastinorum",
    "description": "An ancient place, cited: BAtlas 17 D5 Noiomagos/Col. Augusta Tricastinorum",
    "placeTypes": [
     "settlement"
    ],
    "names": [
     {
      "attested": "",
      "romanized": "Noiomagos",
      "language": ""
     },
     {
      "attested": "",
      "romanized": "Col. Augusta Tricastinorum",
      "language": ""
     },
     {
      "attested": "",
      "romanized": "Tricastini",
      "language": "la"
     }
    ],
    "locationCertainty": "certain"
   }
  },
  {
   "type": "Feature",
   "geometry": {
    "type": "Point",
    "coordinates": [
     4.742201,
     44.41467
    ]
   },
   "properties": {
    "pid": "167856",
    "uri": "https://pleiades.stoa.org/places/167856",
    "title": "Novem Craris",
    "description": "An ancient place, cited: BAtlas 17 D5 Novem Craris",
    "placeTypes": [
     "station"
    ],
    "names": [
     {
      "attested": "",
      "romanized": "Novem Craris",
      "language": ""
     },
     {
      "attested": "",
      "romanized": "Le Logis de Berre",
      "language": ""
     }
    ],
    "locationCertainty": "certain"
   }
  },
  {
   "type": "Feature",
   "geometry": {
    "type": "Point",
    "coordinates": [
     6.448689,
     45.625812
    ]
   },
   "properties": {
    "pid": "167858",
    "uri": "https://pleiades.stoa.org/places/167858",
    "title": "Obilonna",
    "description": "An ancient place, cited: BAtlas 17 G2 Obilonna",
    "placeTypes": [
     "station"
    ],
    "names": [
     {
      "attested": "Obilonna",
      "romanized": "Obilonna",
      "language": "la"
     }
    ],
    "locationCertainty": "certain"
   }
  },
  {
   "type": "Feature",
   "geometry": {
    "type": "Point",
    "coordinates": [
     6.686031,
     45.92345
    ]
   },
   "properties": {
    "pid": "167866",
    "uri": "https://pleiades.stoa.org/places/167866",
    "title": "Passy",
    "description": "An ancient place, cited: BAtlas 17 H2 Passy",
    "placeTypes": [
     "temple"
    ],
    "names": [],
    "locationCertainty": "certain"
   }
  },
  {
   "type": "Feature",
   "geometry": {
    "type": "Point",
    "coordinates": [
     5.3568,
     45.152
    ]
   },
   "properties": {
    "pid": "167867",
    "uri": "https://pleiades.stoa.org/places/167867",
    "title": "Gallo-Roman structures at Perron",
    "description": "Remains of a series of structures dating to the first 3 centuries of the common era -- including a probable villa -- were excavated in 1989 at a village called Perron in the French commune of Saint-Sauveur, on the north bank of the Isère river.",
    "placeTypes": [
     "villa"
    ],
    "names": [],
    "locationCertainty": "certain"
   }
  },
  {
   "type": "Feature",
   "geometry": {
    "type": "Point",
    "coordinates": [
     5.1055,
     44.913098
    ]
   },
   "properties": {
    "pid": "167868",
    "uri": "https://pleiades.stoa.org/places/167868",
    "title": "Peyrus",
    "description": "An ancient place, cited: BAtlas 17 E4 Peyrus",
    "placeTypes": [
     "mine"
    ],
    "names": [],
    "locationCertainty": "certain"
   }
  },
  {
   "type": "Feature",
   "geometry": {
    "type": "Point",
    "coordinates": [
     6.608774,
     44.660089
    ]
   },
   "properties": {
    "pid": "167870",
    "uri": "https://pleiades.stoa.org/places/167870",
    "title": "Le Plan de Phazy",
    "description": "An ancient place, cited: BAtlas 17 H4 Le Plan de Phazy",
    "placeTypes": [
     "settlement"
    ],
    "names": [],
    "locationCertainty": "certain"
   }
  },
  {
   "type": "Feature",
   "geometry": {
    "type": "Point",
    "coordinates": [
     6.921057774881727,
     45.88592192009463
    ]
   },
   "properties": {
    "pid": "167871",
    "uri": "https://pleiades.stoa.org/places/167871",
    "title": "Poeninus (mountain)",
    "description": "Great St. Bernard.",
    "placeTypes": [
     "mountain",
     "pass",
     "label"
    ],
    "names": [
     {
      "attested": "Poeninus",
      "romanized": "Poeninus",
      "language": "la"
     }
    ],
    "locationCertainty": "certain"
   }
  },
  {
   "type": "Feature",
   "geometry": {
    "type": "Point",
    "coordinates": [
     7.2221529199283765,
     45.676698971105445
    ]
   },
   "properties": {
    "pid": "167872",
    "uri": "https://pleiades.stoa.org/places/167872",
    "title": "Pondel",
    "description": "A Roman aqueduct dating to 3 B.C.",
    "placeTypes": [
     "aqueduct"
    ],
    "names": [
     {
      "attested": "Pont d'Aël",
      "romanized": "Pont d'Ael",
      "language": "it"
     },
     {
      "attested": "Pondel",
      "romanized": "Pondel",
      "language": "en"
     }
    ],
    "locationCertainty": "certain"
   }
  },
  {
   "type": "Feature",
   "geometry": {
    "type": "Point",
    "coordinates": [
     4.706944,
     44.8157298
    ]
   },
   "properties": {
    "pid": "167873",
    "uri": "https://pleiades.stoa.org/places/167873",
    "title": "Pontpierre",
    "description": "Remains of a Roman bridge over the modern Eyrieux river in the French commune of Saint-Fortunat-sur-Eyrieux.",
    "placeTypes": [
     "bridge"
    ],
    "names": [],
    "locationCertainty": "certain"
   }
  },
  {
   "type": "Feature",
   "geometry": {
    "type": "Point",
    "coordinates": [
     4.021968,
     44.270084
    ]
   },
   "properties": {
    "pid": "167874",
    "uri": "https://pleiades.stoa.org/places/167874",
    "title": "Portes",
    "description": "An ancient place, cited: BAtlas 17 C5 Portes",
    "placeTypes": [
     "mine-2"
    ],
    "names": [
     {
      "attested": "Portes",
      "romanized": "Portes",
      "language": "fr"
     }
    ],
    "locationCertainty": "certain"
   }
  },
  {
   "type": "Feature",
   "geometry": {
    "type": "Point",
    "coordinates": [
     5.817565,
     45.804965
    ]
   },
   "properties": {
    "pid": "167875",
    "uri": "https://pleiades.stoa.org/places/167875",
    "title": "Portout",
    "description": "An ancient place, cited: BAtlas 17 F2 Portout",
    "placeTypes": [
     "settlement"
    ],
    "names": [],
    "locationCertainty": "certain"
   }
  },
  {
   "type": "Feature",
   "geometry": {
    "type": "Point",
    "coordinates": [
     4.747200250000001,
     44.75479215
    ]
   },
   "properties": {
    "pid": "167876",
    "uri": "https://pleiades.stoa.org/places/167876",
    "title": "Le Pouzin",
    "description": "An ancient place, cited: BAtlas 17 D4 Le Pouzin",
    "placeTypes": [
     "bridge"
    ],
    "names": [],
    "locationCertainty": "certain"
   }
  },
  {
   "type": "Feature",
   "geometry": {
    "type": "Point",
    "coordinates": [
     6.84409894588575,
     44.74389691357096
    ]
   },
   "properties": {
    "pid": "167878",
    "uri": "https://pleiades.stoa.org/places/167878",
    "title": "Quariates",
    "description": "An ancient place, cited: BAtlas 17 H4 Quariates",
    "placeTypes": [
     "label",
     "people"
    ],
    "names": [
     {
      "attested": "",
      "romanized": "Quariates",
      "language": "la"
     }
    ],
    "locationCertainty": "certain"
   }
  },
  {
   "type": "Feature",
   "geometry": {
    "type": "Point",
    "coordinates": [
     5.506813,
     44.83663
    ]
   },
   "properties": {
    "pid": "167879",
    "uri": "https://pleiades.stoa.org/places/167879",
    "title": "La Queyrie",
    "description": "An ancient place, cited: BAtlas 17 F4 La Queyrie",
    "placeTypes": [
     "quarry"
    ],
    "names": [],
    "locationCertainty": "certain"
   }
  },
  {
   "type": "Feature",
   "geometry": {
    "type": "Point",
    "coordinates": [
     6.57861,
     44.747573
    ]
   },
   "properties": {
    "pid": "167881",
    "uri": "https://pleiades.stoa.org/places/167881",
    "title": "Rama",
    "description": "An ancient place, cited: BAtlas 17 H4 Rama",
    "placeTypes": [
     "station"
    ],
    "names": [
     {
      "attested": "",
      "romanized": "Rama",
      "language": ""
     }
    ],
    "locationCertainty": "certain"
   }
  },
  {
   "type": "Feature",
   "geometry": {
    "type": "Point",
    "coordinates": [
     6.648039,
     44.386142
    ]
   },
   "properties": {
    "pid": "167883",
    "uri": "https://pleiades.stoa.org/places/167883",
    "title": "Rigomagus",
    "description": "An ancient place, cited: BAtlas 17 H5 Rigomagus",
    "placeTypes": [
     "settlement"
    ],
    "names": [
     {
      "attested": "",
      "romanized": "Rigomagus",
      "language": ""
     }
    ],
    "locationCertainty": "certain"
   }
  },
  {
   "type": "Feature",
   "geometry": {
    "type": "Point",
    "coordinates": [
     5.408175,
     44.778403
    ]
   },
   "properties": {
    "pid": "167886",
    "uri": "https://pleiades.stoa.org/places/167886",
    "title": "Romeyer",
    "description": "An ancient place, cited: BAtlas 17 E4 Romeyer",
    "placeTypes": [
     "mine"
    ],
    "names": [],
    "locationCertainty": "certain"
   }
  },
  {
   "type": "Feature",
   "geometry": {
    "type": "Point",
    "coordinates": [
     4.1334,
     44.712394
    ]
   },
   "properties": {
    "pid": "167890",
    "uri": "https://pleiades.stoa.org/places/167890",
    "title": "Ste-Abeille",
    "description": "An ancient place, cited: BAtlas 17 C4 Ste-Abeille",
    "placeTypes": [
     "temple"
    ],
    "names": [],
    "locationCertainty": "certain"
   }
  },
  {
   "type": "Feature",
   "geometry": {
    "type": "Point",
    "coordinates": [
     4.696435,
     45.584922
    ]
   },
   "properties": {
    "pid": "167892",
    "uri": "https://pleiades.stoa.org/places/167892",
    "title": "St-Andéol-le-Château",
    "description": "An ancient place, cited: BAtlas 17 D2 St-Andéol-le-Château",
    "placeTypes": [
     "quarry"
    ],
    "names": [],
    "locationCertainty": "certain"
   }
  },
  {
   "type": "Feature",
   "geometry": {
    "type": "Point",
    "coordinates": [
     4.317363,
     45.588314
    ]
   },
   "properties": {
    "pid": "167894",
    "uri": "https://pleiades.stoa.org/places/167894",
    "title": "St-Galmier",
    "description": "An ancient place, cited: BAtlas 17 C2 St-Galmier",
    "placeTypes": [
     "temple"
    ],
    "names": [],
    "locationCertainty": "certain"
   }
  },
  {
   "type": "Feature",
   "geometry": {
    "type": "Point",
    "coordinates": [
     6.273031,
     45.207861
    ]
   },
   "properties": {
    "pid": "167895",
    "uri": "https://pleiades.stoa.org/places/167895",
    "title": "St-Jean-d’Arves",
    "description": "An ancient place, cited: BAtlas 17 G3 St-Jean-d’Arves",
    "placeTypes": [
     "cemetery"
    ],
    "names": [],
    "locationCertainty": "certain"
   }
  },
  {
   "type": "Feature",
   "geometry": {
    "type": "Point",
    "coordinates": [
     5.837117,
     45.151325
    ]
   },
   "properties": {
    "pid": "167899",
    "uri": "https://pleiades.stoa.org/places/167899",
    "title": "St-Martin-d’Uriage",
    "description": "An ancient place, cited: BAtlas 17 F3 St-Martin-d’Uriage",
    "placeTypes": [
     "settlement"
    ],
    "names": [],
    "locationCertainty": "certain"
   }
  },
  {
   "type": "Feature",
   "geometry": {
    "type": "Point",
    "coordinates": [
     4.483047,
     44.501152
    ]
   },
   "properties": {
    "pid": "167900",
    "uri": "https://pleiades.stoa.org/places/167900",
    "title": "St-Maurice-d’Ibie",
    "description": "An ancient place, cited: BAtlas 17 C5 St-Maurice-d’Ibie",
    "placeTypes": [
     "temple"
    ],
    "names": [],
    "locationCertainty": "certain"
   }
  },
  {
   "type": "Feature",
   "geometry": {
    "type": "Point",
    "coordinates": [
     4.13903,
     45.223719
    ]
   },
   "properties": {
    "pid": "167901",
    "uri": "https://pleiades.stoa.org/places/167901",
    "title": "St-Maurice-de-Lignon",
    "description": "An ancient place, cited: BAtlas 17 C3 St-Maurice-de-Lignon",
    "placeTypes": [
     "settlement"
    ],
    "names": [],
    "locationCertainty": "certain"
   }
  },
  {
   "type": "Feature",
   "geometry": {
    "type": "Point",
    "coordinates": [
     4.789162,
     44.332153
    ]
   },
   "properties": {
    "pid": "167902",
    "uri": "https://pleiades.stoa.org/places/167902",
    "title": "St-Restitut",
    "description": "An ancient place, cited: BAtlas 17 D5 St-Restitut",
    "placeTypes": [
     "mine"
    ],
    "names": [],
    "locationCertainty": "certain"
   }
  },
  {
   "type": "Feature",
   "geometry": {
    "type": "Point",
    "coordinates": [
     5.220715,
     45.75056
    ]
   },
   "properties": {
    "pid": "167903",
    "uri": "https://pleiades.stoa.org/places/167903",
    "title": "St-Romain-de-Jalionas",
    "description": "An ancient place, cited: BAtlas 17 E2 St-Romain-de-Jalionas",
    "placeTypes": [
     "villa"
    ],
    "names": [
     {
      "attested": "",
      "romanized": "Saint-Romain-de-Jalionas",
      "language": ""
     }
    ],
    "locationCertainty": "certain"
   }
  },
  {
   "type": "Feature",
   "geometry": {
    "type": "Point",
    "coordinates": [
     4.796771,
     44.979245
    ]
   },
   "properties": {
    "pid": "167904",
    "uri": "https://pleiades.stoa.org/places/167904",
    "title": "St-Romain-de-Lerps",
    "description": "An ancient place, cited: BAtlas 17 D4 St-Romain-de-Lerps",
    "placeTypes": [
     "mine"
    ],
    "names": [],
    "locationCertainty": "certain"
   }
  },
  {
   "type": "Feature",
   "geometry": {
    "type": "Point",
    "coordinates": [
     4.126281,
     45.554646
    ]
   },
   "properties": {
    "pid": "167905",
    "uri": "https://pleiades.stoa.org/places/167905",
    "title": "St-Romain-le-Puy",
    "description": "An ancient place, cited: BAtlas 17 C2 St-Romain-le-Puy",
    "placeTypes": [
     "settlement"
    ],
    "names": [],
    "locationCertainty": "certain"
   }
  },
  {
   "type": "Feature",
   "geometry": {
    "type": "Point",
    "coordinates": [
     4.7520436,
     44.9985453
    ]
   },
   "properties": {
    "pid": "167906",
    "uri": "https://pleiades.stoa.org/places/167906",
    "title": "St-Sylvestre",
    "description": "An arched bridge that could be of Roman date, but also possibly Medieval.",
    "placeTypes": [
     "bridge"
    ],
    "names": [],
    "locationCertainty": "certain"
   }
  },
  {
   "type": "Feature",
   "geometry": {
    "type": "Point",
    "coordinates": [
     6.9148448,
     44.6783369
    ]
   },
   "properties": {
    "pid": "167907",
    "uri": "https://pleiades.stoa.org/places/167907",
    "title": "St-Véran (mine)",
    "description": "A copper mine located about 4 kilometers southeast of the Alpine village of modern St-Véran (France). It was exploited as early as 2,000 BCE, and was in use in Roman times and again in the 20th century of the modern era.",
    "placeTypes": [
     "mine-2"
    ],
    "names": [
     {
      "attested": "Mine de cuivre (Saint-Véran)",
      "romanized": "Mine de cuivre (Saint-Véran)",
      "language": "fr"
     },
     {
      "attested": "Mines de cuivre de Saint-Véran",
      "romanized": "Mines de cuivre de Saint-Véran",
      "language": "fr"
     }
    ],
    "locationCertainty": "certain"
   }
  },
  {
   "type": "Feature",
   "geometry": {
    "type": "Point",
    "coordinates": [
     5.291724,
     45.83446
    ]
   },
   "properties": {
    "pid": "167908",
    "uri": "https://pleiades.stoa.org/places/167908",
    "title": "St-Vulbas",
    "description": "An ancient place, cited: BAtlas 17 E2 St-Vulbas",
    "placeTypes": [
     "settlement"
    ],
    "names": [],
    "locationCertainty": "certain"
   }
  },
  {
   "type": "Feature",
   "geometry": {
    "type": "Point",
    "coordinates": [
     6.528298,
     45.471473
    ]
   },
   "properties": {
    "pid": "167909",
    "uri": "https://pleiades.stoa.org/places/167909",
    "title": "Salins-les-Thermes",
    "description": "An ancient place, cited: BAtlas 17 H3 Salins-les-Thermes",
    "placeTypes": [
     "temple"
    ],
    "names": [],
    "locationCertainty": "certain"
   }
  },
  {
   "type": "Feature",
   "geometry": {
    "type": "Point",
    "coordinates": [
     4.288141,
     45.734964
    ]
   },
   "properties": {
    "pid": "167910",
    "uri": "https://pleiades.stoa.org/places/167910",
    "title": "Salt-en-Donzy",
    "description": "An ancient place, cited: BAtlas 17 C2 Salt-en-Donzy",
    "placeTypes": [
     "temple"
    ],
    "names": [],
    "locationCertainty": "certain"
   }
  },
  {
   "type": "Feature",
   "geometry": {
    "type": "Point",
    "coordinates": [
     6.579890539411933,
     45.94317360780542
    ]
   },
   "properties": {
    "pid": "167911",
    "uri": "https://pleiades.stoa.org/places/167911",
    "title": "Sapaudia",
    "description": "An ancient place, cited: BAtlas 17 G2 Sapaudia",
    "placeTypes": [
     "label"
    ],
    "names": [
     {
      "attested": "",
      "romanized": "Sapaudia",
      "language": ""
     }
    ],
    "locationCertainty": "certain"
   }
  },
  {
   "type": "Feature",
   "geometry": {
    "type": "Point",
    "coordinates": [
     6.492091340021468,
     44.41463454430136
    ]
   },
   "properties": {
    "pid": "167913",
    "uri": "https://pleiades.stoa.org/places/167913",
    "title": "Savincates?",
    "description": "An ancient people, tribe, or cultural group.",
    "placeTypes": [
     "label",
     "people"
    ],
    "names": [
     {
      "attested": "",
      "romanized": "Savincates",
      "language": ""
     }
    ],
    "locationCertainty": "less-certain"
   }
  },
  {
   "type": "Feature",
   "geometry": {
    "type": "Point",
    "coordinates": [
     6.930634,
     45.098402
    ]
   },
   "properties": {
    "pid": "167914",
    "uri": "https://pleiades.stoa.org/places/167914",
    "title": "Scingomagus",
    "description": "An ancient place, cited: BAtlas 17 H3 Scingomagus",
    "placeTypes": [
     "station"
    ],
    "names": [
     {
      "attested": "",
      "romanized": "Scingomagus",
      "language": ""
     },
     {
      "attested": "Exilles",
      "romanized": "Exilles",
      "language": "it"
     }
    ],
    "locationCertainty": "certain"
   }
  },
  {
   "type": "Feature",
   "geometry": {
    "type": "Point",
    "coordinates": [
     5.960573147105751,
     44.249823840674566
    ]
   },
   "properties": {
    "pid": "167915",
    "uri": "https://pleiades.stoa.org/places/167915",
    "title": "Sebaginni?",
    "description": "An ancient place, cited: BAtlas 17 F5 Sebaginni?",
    "placeTypes": [
     "label",
     "people"
    ],
    "names": [
     {
      "attested": "",
      "romanized": "Sebaginni",
      "language": ""
     }
    ],
    "locationCertainty": "less-certain"
   }
  },
  {
   "type": "Feature",
   "geometry": {
    "type": "Point",
    "coordinates": [
     6.356802,
     44.351631
    ]
   },
   "properties": {
    "pid": "167916",
    "uri": "https://pleiades.stoa.org/places/167916",
    "title": "[Sedena]",
    "description": "An ancient place, cited: BAtlas 17 G5 [Sedena]",
    "placeTypes": [
     "settlement"
    ],
    "names": [
     {
      "attested": "",
      "romanized": "Sedena",
      "language": ""
     }
    ],
    "locationCertainty": "certain"
   }
  },
  {
   "type": "Feature",
   "geometry": {
    "type": "Point",
    "coordinates": [
     4.942475895660806,
     44.829145940679176
    ]
   },
   "properties": {
    "pid": "167917",
    "uri": "https://pleiades.stoa.org/places/167917",
    "title": "Segovellauni",
    "description": "The Segovellauni were a Celtic tribe in Gallia Narbonensis whose territory lay between the Rhodanus and the Druna.",
    "placeTypes": [
     "label",
     "people"
    ],
    "names": [
     {
      "attested": "",
      "romanized": "Segovellauni",
      "language": ""
     }
    ],
    "locationCertainty": "certain"
   }
  },
  {
   "type": "Feature",
   "geometry": {
    "type": "Point",
    "coordinates": [
     6.752001863594456,
     44.95351746665583
    ]
   },
   "properties": {
    "pid": "167918",
    "uri": "https://pleiades.stoa.org/places/167918",
    "title": "Segovii?",
    "description": "Segovii?, a Gallic tribe whose territory was located in the Alpes Cottiae.",
    "placeTypes": [
     "label",
     "people"
    ],
    "names": [
     {
      "attested": "",
      "romanized": "Segovii",
      "language": ""
     }
    ],
    "locationCertainty": "less-certain"
   }
  },
  {
   "type": "Feature",
   "geometry": {
    "type": "Point",
    "coordinates": [
     7.048364,
     45.138348
    ]
   },
   "properties": {
    "pid": "167919",
    "uri": "https://pleiades.stoa.org/places/167919",
    "title": "Segusio",
    "description": "An ancient place, cited: BAtlas 17 I3 Segusio",
    "placeTypes": [
     "settlement"
    ],
    "names": [
     {
      "attested": "Segusio",
      "romanized": "Segusio",
      "language": "la"
     },
     {
      "attested": "",
      "romanized": "Segusini",
      "language": "la"
     },
     {
      "attested": "Susa",
      "romanized": "Susa",
      "language": "it"
     }
    ],
    "locationCertainty": "certain"
   }
  },
  {
   "type": "Feature",
   "geometry": {
    "type": "Point",
    "coordinates": [
     4.748071,
     44.302214
    ]
   },
   "properties": {
    "pid": "167921",
    "uri": "https://pleiades.stoa.org/places/167921",
    "title": "Senomagos",
    "description": "An ancient place, cited: BAtlas 17 D5 Senomagos",
    "placeTypes": [
     "settlement"
    ],
    "names": [
     {
      "attested": "",
      "romanized": "Senomagos",
      "language": ""
     }
    ],
    "locationCertainty": "certain"
   }
  },
  {
   "type": "Feature",
   "geometry": {
    "type": "Point",
    "coordinates": [
     5.775843,
     44.361708
    ]
   },
   "properties": {
    "pid": "167923",
    "uri": "https://pleiades.stoa.org/places/167923",
    "title": "Le Serre d’Astier",
    "description": "An ancient place, cited: BAtlas 17 F5 Le Serre d’Astier",
    "placeTypes": [
     "temple"
    ],
    "names": [],
    "locationCertainty": "certain"
   }
  },
  {
   "type": "Feature",
   "geometry": {
    "type": "Point",
    "coordinates": [
     6.034729,
     45.945364
    ]
   },
   "properties": {
    "pid": "167924",
    "uri": "https://pleiades.stoa.org/places/167924",
    "title": "Sillingy",
    "description": "An ancient place, cited: BAtlas 17 G2 Sillingy",
    "placeTypes": [
     "temple-2"
    ],
    "names": [],
    "locationCertainty": "certain"
   }
  },
  {
   "type": "Feature",
   "geometry": {
    "type": "Point",
    "coordinates": [
     4.849434,
     44.889595
    ]
   },
   "properties": {
    "pid": "167925",
    "uri": "https://pleiades.stoa.org/places/167925",
    "title": "Soio",
    "description": "An ancient place, cited: BAtlas 17 D4 Soio",
    "placeTypes": [
     "settlement"
    ],
    "names": [
     {
      "attested": "",
      "romanized": "Soio",
      "language": ""
     }
    ],
    "locationCertainty": "certain"
   }
  },
  {
   "type": "Feature",
   "geometry": {
    "type": "Point",
    "coordinates": [
     7.25,
     44.75
    ]
   },
   "properties": {
    "pid": "167927",
    "uri": "https://pleiades.stoa.org/places/167927",
    "title": "Soti",
    "description": "An ancient place, cited: BAtlas 17 I4 Soti",
    "placeTypes": [
     "label"
    ],
    "names": [
     {
      "attested": "",
      "romanized": "Soti",
      "language": ""
     }
    ],
    "locationCertainty": "certain"
   }
  },
  {
   "type": "Feature",
   "geometry": {
    "type": "Point",
    "coordinates": [
     5.021824,
     44.628761
    ]
   },
   "properties": {
    "pid": "167928",
    "uri": "https://pleiades.stoa.org/places/167928",
    "title": "Soyans",
    "description": "An ancient place, cited: BAtlas 17 E4 Soyans",
    "placeTypes": [
     "temple"
    ],
    "names": [],
    "locationCertainty": "certain"
   }
  },
  {
   "type": "Feature",
   "geometry": {
    "type": "Point",
    "coordinates": [
     6.507754,
     44.975753
    ]
   },
   "properties": {
    "pid": "167929",
    "uri": "https://pleiades.stoa.org/places/167929",
    "title": "Stabatio",
    "description": "An ancient place, cited: BAtlas 17 H4 Stabatio",
    "placeTypes": [
     "station"
    ],
    "names": [
     {
      "attested": "",
      "romanized": "Stabatio",
      "language": ""
     }
    ],
    "locationCertainty": "certain"
   }
  },
  {
   "type": "Feature",
   "geometry": {
    "type": "Point",
    "coordinates": [
     7.25,
     45.75
    ]
   },
   "properties": {
    "pid": "167932",
    "uri": "https://pleiades.stoa.org/places/167932",
    "title": "Summus P(o)eninus",
    "description": "An ancient place, cited: BAtlas 17 I2 Summus P(o)eninus",
    "placeTypes": [
     "station",
     "pass"
    ],
    "names": [
     {
      "attested": "",
      "romanized": "Summus Poeninus",
      "language": ""
     },
     {
      "attested": "",
      "romanized": "Summus Peninus",
      "language": ""
     },
     {
      "attested": "",
      "romanized": "Alpis Poenina",
      "language": ""
     },
     {
      "attested": "Insvmmo Pennino",
      "romanized": "In summo Pennino",
      "language": "la"
     }
    ],
    "locationCertainty": "certain"
   }
  },
  {
   "type": "Feature",
   "geometry": {
    "type": "Point",
    "coordinates": [
     4.839013,
     45.069924
    ]
   },
   "properties": {
    "pid": "167935",
    "uri": "https://pleiades.stoa.org/places/167935",
    "title": "Tegna",
    "description": "An ancient place, cited: BAtlas 17 D3 Tegna",
    "placeTypes": [
     "station"
    ],
    "names": [
     {
      "attested": "",
      "romanized": "Tegna",
      "language": ""
     }
    ],
    "locationCertainty": "certain"
   }
  },
  {
   "type": "Feature",
   "geometry": {
    "type": "Point",
    "coordinates": [
     4.25,
     45.75
    ]
   },
   "properties": {
    "pid": "167936",
    "uri": "https://pleiades.stoa.org/places/167936",
    "title": "Le Terrail",
    "description": "An ancient place, cited: BAtlas 17 C2 Le Terrail",
    "placeTypes": [
     "unknown"
    ],
    "names": [],
    "locationCertainty": "certain"
   }
  },
  {
   "type": "Feature",
   "geometry": {
    "type": "Point",
    "coordinates": [
     5.321341,
     45.687054
    ]
   },
   "properties": {
    "pid": "167939",
    "uri": "https://pleiades.stoa.org/places/167939",
    "title": "Trept",
    "description": "An ancient place, cited: BAtlas 17 E2 Trept",
    "placeTypes": [
     "mine"
    ],
    "names": [],
    "locationCertainty": "certain"
   }
  },
  {
   "type": "Feature",
   "geometry": {
    "type": "Point",
    "coordinates": [
     5.84484469194613,
     44.77228651562842
    ]
   },
   "properties": {
    "pid": "167940",
    "uri": "https://pleiades.stoa.org/places/167940",
    "title": "Tricorii",
    "description": "An ancient place, cited: BAtlas 17 F4 Tricorii",
    "placeTypes": [
     "label"
    ],
    "names": [
     {
      "attested": "",
      "romanized": "Tricorii",
      "language": ""
     }
    ],
    "locationCertainty": "certain"
   }
  },
  {
   "type": "Feature",
   "geometry": {
    "type": "Point",
    "coordinates": [
     5.03450765,
     45.37773495
    ]
   },
   "properties": {
    "pid": "167942",
    "uri": "https://pleiades.stoa.org/places/167942",
    "title": "Turedonnum",
    "description": "An ancient place, cited: BAtlas 17 E3 Turedonnum",
    "placeTypes": [
     "station"
    ],
    "names": [
     {
      "attested": "",
      "romanized": "Turedonnum",
      "language": ""
     },
     {
      "attested": "Tvrenonno",
      "romanized": "Turenonno",
      "language": "la"
     }
    ],
    "locationCertainty": "certain"
   }
  },
  {
   "type": "Feature",
   "geometry": {
    "type": "Point",
    "coordinates": [
     7.0688750829749445,
     44.26468153281644
    ]
   },
   "properties": {
    "pid": "167943",
    "uri": "https://pleiades.stoa.org/places/167943",
    "title": "Tyrii",
    "description": "An ancient place, cited: BAtlas 17 I5 Tyrii",
    "placeTypes": [
     "label"
    ],
    "names": [
     {
      "attested": "",
      "romanized": "Tyrii",
      "language": ""
     }
    ],
    "locationCertainty": "certain"
   }
  },
  {
   "type": "Feature",
   "geometry": {
    "type": "Point",
    "coordinates": [
     6.122685899881397,
     45.079365657501384
    ]
   },
   "properties": {
    "pid": "167946",
    "uri": "https://pleiades.stoa.org/places/167946",
    "title": "Ucennii",
    "description": "An ancient place, cited: BAtlas 17 G3 Ucennii",
    "placeTypes": [
     "label",
     "people"
    ],
    "names": [
     {
      "attested": "",
      "romanized": "Ucennii",
      "language": "la"
     },
     {
      "attested": "Ἰκόνιοι",
      "romanized": "Ikónioi",
      "language": "grc"
     }
    ],
    "locationCertainty": "less-certain"
   }
  },
  {
   "type": "Feature",
   "geometry": {
    "type": "Point",
    "coordinates": [
     4.893209,
     44.83733
    ]
   },
   "properties": {
    "pid": "167947",
    "uri": "https://pleiades.stoa.org/places/167947",
    "title": "Umbennum",
    "description": "An ancient place, cited: BAtlas 17 D4 Umbennum",
    "placeTypes": [
     "station"
    ],
    "names": [
     {
      "attested": "",
      "romanized": "Umbennum",
      "language": ""
     }
    ],
    "locationCertainty": "certain"
   }
  },
  {
   "type": "Feature",
   "geometry": {
    "type": "Point",
    "coordinates": [
     4.815927,
     45.178632
    ]
   },
   "properties": {
    "pid": "167948",
    "uri": "https://pleiades.stoa.org/places/167948",
    "title": "Ursolis",
    "description": "An ancient place, cited: BAtlas 17 D3 Ursolis",
    "placeTypes": [
     "station"
    ],
    "names": [
     {
      "attested": "",
      "romanized": "Ursolis",
      "language": ""
     },
     {
      "attested": "",
      "romanized": "Ursinis",
      "language": ""
     }
    ],
    "locationCertainty": "certain"
   }
  },
  {
   "type": "Feature",
   "geometry": {
    "type": "Point",
    "coordinates": [
     4.774947,
     44.394282
    ]
   },
   "properties": {
    "pid": "167950",
    "uri": "https://pleiades.stoa.org/places/167950",
    "title": "Val-des-Nymphes",
    "description": "An ancient place, cited: BAtlas 17 D5 Val-des-Nymphes",
    "placeTypes": [
     "temple"
    ],
    "names": [
     {
      "attested": "Val-des-Nymphes",
      "romanized": "Val-des-Nymphes",
      "language": "fr"
     }
    ],
    "locationCertainty": "certain"
   }
  },
  {
   "type": "Feature",
   "geometry": {
    "type": "Point",
    "coordinates": [
     6.054419,
     44.90922
    ]
   },
   "properties": {
    "pid": "167953",
    "uri": "https://pleiades.stoa.org/places/167953",
    "title": "Valsenestre",
    "description": "An ancient place, cited: BAtlas 17 G4 Valsenestre",
    "placeTypes": [
     "mine"
    ],
    "names": [],
    "locationCertainty": "certain"
   }
  },
  {
   "type": "Feature",
   "geometry": {
    "type": "Point",
    "coordinates": [
     6.075897,
     44.559876
    ]
   },
   "properties": {
    "pid": "167954",
    "uri": "https://pleiades.stoa.org/places/167954",
    "title": "Vappincum",
    "description": "Vappincum was a pre-Roman settlement captured by the Romans in 14 BC.",
    "placeTypes": [
     "settlement"
    ],
    "names": [
     {
      "attested": "",
      "romanized": "Vappincum",
      "language": ""
     }
    ],
    "locationCertainty": "certain"
   }
  },
  {
   "type": "Feature",
   "geometry": {
    "type": "Point",
    "coordinates": [
     5.679483,
     45.088055
    ]
   },
   "properties": {
    "pid": "167955",
    "uri": "https://pleiades.stoa.org/places/167955",
    "title": "Varces-Allières-et-Risset",
    "description": "An ancient place, cited: BAtlas 17 F3 Varces-Allières-et-Risset",
    "placeTypes": [
     "temple"
    ],
    "names": [],
    "locationCertainty": "certain"
   }
  },
  {
   "type": "Feature",
   "geometry": {
    "type": "Point",
    "coordinates": [
     4.020319202942125,
     44.99190992137168
    ]
   },
   "properties": {
    "pid": "167958",
    "uri": "https://pleiades.stoa.org/places/167958",
    "title": "Vellavi",
    "description": "An ancient place, cited: BAtlas 17 B4 Vellavi",
    "placeTypes": [
     "label",
     "people"
    ],
    "names": [
     {
      "attested": "Vellavi",
      "romanized": "Vellavi",
      "language": "la"
     }
    ],
    "locationCertainty": "certain"
   }
  },
  {
   "type": "Feature",
   "geometry": {
    "type": "Point",
    "coordinates": [
     7.077927183348276,
     44.547032121196075
    ]
   },
   "properties": {
    "pid": "167959",
    "uri": "https://pleiades.stoa.org/places/167959",
    "title": "Veneni",
    "description": "An ancient place, cited: BAtlas 17 I4 Veneni",
    "placeTypes": [
     "label",
     "people"
    ],
    "names": [
     {
      "attested": "Veneni",
      "romanized": "Veneni",
      "language": "la"
     }
    ],
    "locationCertainty": "certain"
   }
  },
  {
   "type": "Feature",
   "geometry": {
    "type": "Point",
    "coordinates": [
     5.6822395,
     45.897330499999995
    ]
   },
   "properties": {
    "pid": "167960",
    "uri": "https://pleiades.stoa.org/places/167960",
    "title": "Venetonimagus",
    "description": "An ancient place, cited: BAtlas 17 F2 Venetonimagus",
    "placeTypes": [
     "settlement"
    ],
    "names": [
     {
      "attested": "",
      "romanized": "Venetonimagus",
      "language": ""
     }
    ],
    "locationCertainty": "certain"
   }
  },
  {
   "type": "Feature",
   "geometry": {
    "type": "Point",
    "coordinates": [
     5.905675,
     44.370918
    ]
   },
   "properties": {
    "pid": "167961",
    "uri": "https://pleiades.stoa.org/places/167961",
    "title": "Ventavon",
    "description": "An ancient place, cited: BAtlas 17 F5 Ventavon",
    "placeTypes": [
     "tumulus"
    ],
    "names": [],
    "locationCertainty": "certain"
   }
  },
  {
   "type": "Feature",
   "geometry": {
    "type": "Point",
    "coordinates": [
     5.341055,
     44.301891
    ]
   },
   "properties": {
    "pid": "167963",
    "uri": "https://pleiades.stoa.org/places/167963",
    "title": "Vercoiran",
    "description": "An ancient place, cited: BAtlas 17 E5 Vercoiran",
    "placeTypes": [
     "temple"
    ],
    "names": [],
    "locationCertainty": "certain"
   }
  },
  {
   "type": "Feature",
   "geometry": {
    "type": "Point",
    "coordinates": [
     5.281057,
     45.776152
    ]
   },
   "properties": {
    "pid": "167964",
    "uri": "https://pleiades.stoa.org/places/167964",
    "title": "Vernas",
    "description": "An ancient place, cited: BAtlas 17 E2 Vernas",
    "placeTypes": [
     "tumulus"
    ],
    "names": [],
    "locationCertainty": "certain"
   }
  },
  {
   "type": "Feature",
   "geometry": {
    "type": "Point",
    "coordinates": [
     5.402679146536916,
     44.9617485628105
    ]
   },
   "properties": {
    "pid": "167965",
    "uri": "https://pleiades.stoa.org/places/167965",
    "title": "Vertamocorii",
    "description": "An ancient place, cited: BAtlas 17 E4 Vertamocorii",
    "placeTypes": [
     "label",
     "people"
    ],
    "names": [
     {
      "attested": "",
      "romanized": "Vertamocorii",
      "language": ""
     }
    ],
    "locationCertainty": "certain"
   }
  },
  {
   "type": "Feature",
   "geometry": {
    "type": "Point",
    "coordinates": [
     7.091667,
     44.6675
    ]
   },
   "properties": {
    "pid": "167966",
    "uri": "https://pleiades.stoa.org/places/167966",
    "title": "Vesulus (mountain)",
    "description": "Monte Viso is the highest peak of the Cottian Alps and the source of the Po River.",
    "placeTypes": [
     "mountain"
    ],
    "names": [
     {
      "attested": "Vesulus",
      "romanized": "Vesulus",
      "language": "la"
     }
    ],
    "locationCertainty": "certain"
   }
  },
  {
   "type": "Feature",
   "geometry": {
    "type": "Point",
    "coordinates": [
     6.042804,
     45.018872
    ]
   },
   "properties": {
    "pid": "167968",
    "uri": "https://pleiades.stoa.org/places/167968",
    "title": "Villard-Notre-Dame",
    "description": "An ancient place, cited: BAtlas 17 G3 Villard-Notre-Dame",
    "placeTypes": [
     "mine-2"
    ],
    "names": [],
    "locationCertainty": "certain"
   }
  },
  {
   "type": "Feature",
   "geometry": {
    "type": "Point",
    "coordinates": [
     6.709531,
     45.207256
    ]
   },
   "properties": {
    "pid": "167969",
    "uri": "https://pleiades.stoa.org/places/167969",
    "title": "Villarodin-Bourget",
    "description": "An ancient place, cited: BAtlas 17 H3 Villarodin-Bourget",
    "placeTypes": [
     "mine"
    ],
    "names": [],
    "locationCertainty": "certain"
   }
  },
  {
   "type": "Feature",
   "geometry": {
    "type": "Point",
    "coordinates": [
     5.434553,
     45.8489
    ]
   },
   "properties": {
    "pid": "167970",
    "uri": "https://pleiades.stoa.org/places/167970",
    "title": "Villebois",
    "description": "An ancient place, cited: BAtlas 17 E2 Villebois",
    "placeTypes": [
     "mine"
    ],
    "names": [],
    "locationCertainty": "certain"
   }
  },
  {
   "type": "Feature",
   "geometry": {
    "type": "Point",
    "coordinates": [
     6.608811,
     45.54698
    ]
   },
   "properties": {
    "pid": "167971",
    "uri": "https://pleiades.stoa.org/places/167971",
    "title": "Villette",
    "description": "An ancient place, cited: BAtlas 17 H2 Villette",
    "placeTypes": [
     "mine"
    ],
    "names": [],
    "locationCertainty": "certain"
   }
  },
  {
   "type": "Feature",
   "geometry": {
    "type": "Point",
    "coordinates": [
     5.865151,
     45.546291
    ]
   },
   "properties": {
    "pid": "167972",
    "uri": "https://pleiades.stoa.org/places/167972",
    "title": "Vimines",
    "description": "An ancient place, cited: BAtlas 17 F2 Vimines",
    "placeTypes": [
     "mine"
    ],
    "names": [],
    "locationCertainty": "certain"
   }
  },
  {
   "type": "Feature",
   "geometry": {
    "type": "Point",
    "coordinates": [
     5.8474930999999994,
     45.937071
    ]
   },
   "properties": {
    "pid": "167973",
    "uri": "https://pleiades.stoa.org/places/167973",
    "title": "*Vintium",
    "description": "An ancient place, cited: BAtlas 17 F2 *Vintium",
    "placeTypes": [
     "settlement"
    ],
    "names": [
     {
      "attested": "",
      "romanized": "Vintium",
      "language": ""
     }
    ],
    "locationCertainty": "certain"
   }
  },
  {
   "type": "Feature",
   "geometry": {
    "type": "Point",
    "coordinates": [
     4.689636500000001,
     44.4821575
    ]
   },
   "properties": {
    "pid": "167974",
    "uri": "https://pleiades.stoa.org/places/167974",
    "title": "Vivarium",
    "description": "An ancient place, cited: BAtlas 17 D5 Vivarium",
    "placeTypes": [
     "settlement"
    ],
    "names": [
     {
      "attested": "",
      "romanized": "Vivarium",
      "language": ""
     }
    ],
    "locationCertainty": "certain"
   }
  },
  {
   "type": "Feature",
   "geometry": {
    "type": "Point",
    "coordinates": [
     5.564001,
     44.568983
    ]
   },
   "properties": {
    "pid": "167978",
    "uri": "https://pleiades.stoa.org/places/167978",
    "title": "Vologatae",
    "description": "An ancient place, cited: BAtlas 17 F4 Vologatae",
    "placeTypes": [
     "settlement"
    ],
    "names": [
     {
      "attested": "",
      "romanized": "Vologatae",
      "language": ""
     }
    ],
    "locationCertainty": "certain"
   }
  },
  {
   "type": "Feature",
   "geometry": {
    "type": "Point",
    "coordinates": [
     6.125118,
     45.550687
    ]
   },
   "properties": {
    "pid": "167979",
    "uri": "https://pleiades.stoa.org/places/167979",
    "title": "*Voludnia",
    "description": "An ancient place, cited: BAtlas 17 G2 *Voludnia",
    "placeTypes": [
     "settlement"
    ],
    "names": [
     {
      "attested": "",
      "romanized": "Voludnia",
      "language": ""
     }
    ],
    "locationCertainty": "certain"
   }
  },
  {
   "type": "Feature",
   "geometry": {
    "type": "Point",
    "coordinates": [
     4.75,
     45.75
    ]
   },
   "properties": {
    "pid": "168367",
    "uri": "https://pleiades.stoa.org/places/168367",
    "title": "Unnamed aqueducts",
    "description": "unnamed aqueduct group (Col. Lugdunum)",
    "placeTypes": [
     "aqueduct"
    ],
    "names": [],
    "locationCertainty": "certain"
   }
  },
  {
   "type": "Feature",
   "geometry": {
    "type": "Point",
    "coordinates": [
     4.75,
     45.75
    ]
   },
   "properties": {
    "pid": "168368",
    "uri": "https://pleiades.stoa.org/places/168368",
    "title": "Unnamed aqueducts",
    "description": "unnamed aqueduct group (Col. Vienna)",
    "placeTypes": [
     "aqueduct"
    ],
    "names": [],
    "locationCertainty": "certain"
   }
  },
  {
   "type": "Feature",
   "geometry": {
    "type": "Point",
    "coordinates": [
     4.75,
     44.75
    ]
   },
   "properties": {
    "pid": "168369",
    "uri": "https://pleiades.stoa.org/places/168369",
    "title": "Untitled",
    "description": "An ancient place, cited: BAtlas 17 D4 unnamed aqueduct (Akousion)",
    "placeTypes": [
     "aqueduct"
    ],
    "names": [],
    "locationCertainty": "certain"
   }
  },
  {
   "type": "Feature",
   "geometry": {
    "type": "Point",
    "coordinates": [
     5.25,
     44.75
    ]
   },
   "properties": {
    "pid": "168370",
    "uri": "https://pleiades.stoa.org/places/168370",
    "title": "Unnamed aqueducts",
    "description": "unnamed aqueduct group (Col. Dea Vocontiorum)",
    "placeTypes": [
     "aqueduct"
    ],
    "names": [],
    "locationCertainty": "certain"
   }
  },
  {
   "type": "Feature",
   "geometry": {
    "type": "Point",
    "coordinates": [
     4.75,
     45.75
    ]
   },
   "properties": {
    "pid": "169123",
    "uri": "https://pleiades.stoa.org/places/169123",
    "title": "Unnamed bridges",
    "description": "unnamed bridge group (Col. Lugdunum)",
    "placeTypes": [
     "bridge"
    ],
    "names": [],
    "locationCertainty": "certain"
   }
  },
  {
   "type": "Feature",
   "geometry": {
    "type": "Point",
    "coordinates": [
     4.75,
     45.75
    ]
   },
   "properties": {
    "pid": "169124",
    "uri": "https://pleiades.stoa.org/places/169124",
    "title": "Untitled",
    "description": "An ancient place, cited: BAtlas 17 D2 unnamed bridge (Col. Vienna)",
    "placeTypes": [
     "bridge"
    ],
    "names": [],
    "locationCertainty": "certain"
   }
  },
  {
   "type": "Feature",
   "geometry": {
    "type": "Point",
    "coordinates": [
     4.75,
     45.75
    ]
   },
   "properties": {
    "pid": "169125",
    "uri": "https://pleiades.stoa.org/places/169125",
    "title": "Untitled",
    "description": "An ancient place, cited: BAtlas 17 D2 unnamed bridge (E Combeplaine)",
    "placeTypes": [
     "bridge"
    ],
    "names": [],
    "locationCertainty": "certain"
   }
  },
  {
   "type": "Feature",
   "geometry": {
    "type": "Point",
    "coordinates": [
     4.788739,
     45.063976
    ]
   },
   "properties": {
    "pid": "169126",
    "uri": "https://pleiades.stoa.org/places/169126",
    "title": "Untitled",
    "description": "An ancient place, cited: BAtlas 17 D3 unnamed bridge (W Tegna)",
    "placeTypes": [
     "bridge"
    ],
    "names": [],
    "locationCertainty": "certain"
   }
  },
  {
   "type": "Feature",
   "geometry": {
    "type": "Point",
    "coordinates": [
     4.75,
     44.75
    ]
   },
   "properties": {
    "pid": "169127",
    "uri": "https://pleiades.stoa.org/places/169127",
    "title": "Untitled",
    "description": "An ancient place, cited: BAtlas 17 D4 unnamed bridge (Col. Valentia)",
    "placeTypes": [
     "bridge"
    ],
    "names": [],
    "locationCertainty": "certain"
   }
  },
  {
   "type": "Feature",
   "geometry": {
    "type": "Point",
    "coordinates": [
     4.671709791221483,
     44.488620071557655
    ]
   },
   "properties": {
    "pid": "169128",
    "uri": "https://pleiades.stoa.org/places/169128",
    "title": "Viviers Roman bridge",
    "description": "An ancient place, cited: BAtlas 17 D5 unnamed bridge (Vivarium)",
    "placeTypes": [
     "bridge"
    ],
    "names": [
     {
      "attested": "Viviers Roman bridge",
      "romanized": "Viviers Roman bridge",
      "language": "en"
     }
    ],
    "locationCertainty": "certain"
   }
  },
  {
   "type": "Feature",
   "geometry": {
    "type": "Point",
    "coordinates": [
     5.053013,
     45.037112
    ]
   },
   "properties": {
    "pid": "169129",
    "uri": "https://pleiades.stoa.org/places/169129",
    "title": "Untitled",
    "description": "An ancient place, cited: BAtlas 17 E3 unnamed bridge (NE Col. Valentia, at Romans-sur-Isère)",
    "placeTypes": [
     "bridge"
    ],
    "names": [],
    "locationCertainty": "certain"
   }
  },
  {
   "type": "Feature",
   "geometry": {
    "type": "Point",
    "coordinates": [
     5.373905,
     44.749626
    ]
   },
   "properties": {
    "pid": "169130",
    "uri": "https://pleiades.stoa.org/places/169130",
    "title": "Unnamed Bridge",
    "description": "A bridge near Col. Dea Vocontiorum",
    "placeTypes": [
     "bridge"
    ],
    "names": [],
    "locationCertainty": "certain"
   }
  },
  {
   "type": "Feature",
   "geometry": {
    "type": "Point",
    "coordinates": [
     5.25,
     44.25
    ]
   },
   "properties": {
    "pid": "169131",
    "uri": "https://pleiades.stoa.org/places/169131",
    "title": "Untitled",
    "description": "An ancient place, cited: BAtlas 17 E5 unnamed bridge (Vasio)",
    "placeTypes": [
     "bridge"
    ],
    "names": [],
    "locationCertainty": "certain"
   }
  },
  {
   "type": "Feature",
   "geometry": {
    "type": "Point",
    "coordinates": [
     5.25,
     44.25
    ]
   },
   "properties": {
    "pid": "169132",
    "uri": "https://pleiades.stoa.org/places/169132",
    "title": "Untitled",
    "description": "An ancient place, cited: BAtlas 17 E5 unnamed bridge (NE Noiomagos, at Villeperdrix)",
    "placeTypes": [
     "bridge"
    ],
    "names": [],
    "locationCertainty": "certain"
   }
  },
  {
   "type": "Feature",
   "geometry": {
    "type": "Point",
    "coordinates": [
     5.75,
     45.75
    ]
   },
   "properties": {
    "pid": "169134",
    "uri": "https://pleiades.stoa.org/places/169134",
    "title": "Untitled",
    "description": "An ancient place, cited: BAtlas 17 F2 unnamed bridge (at Belmont-Tramonet, SE Augusta)",
    "placeTypes": [
     "bridge"
    ],
    "names": [],
    "locationCertainty": "certain"
   }
  },
  {
   "type": "Feature",
   "geometry": {
    "type": "Point",
    "coordinates": [
     5.75,
     45.75
    ]
   },
   "properties": {
    "pid": "169135",
    "uri": "https://pleiades.stoa.org/places/169135",
    "title": "Untitled",
    "description": "An ancient place, cited: BAtlas 17 F2 unnamed bridge (Condate)",
    "placeTypes": [
     "bridge"
    ],
    "names": [],
    "locationCertainty": "certain"
   }
  },
  {
   "type": "Feature",
   "geometry": {
    "type": "Point",
    "coordinates": [
     5.75,
     45.25
    ]
   },
   "properties": {
    "pid": "169136",
    "uri": "https://pleiades.stoa.org/places/169136",
    "title": "Untitled",
    "description": "An ancient place, cited: BAtlas 17 F3 unnamed bridge (Cularo)",
    "placeTypes": [
     "bridge"
    ],
    "names": [],
    "locationCertainty": "certain"
   }
  },
  {
   "type": "Feature",
   "geometry": {
    "type": "Point",
    "coordinates": [
     5.75,
     45.25
    ]
   },
   "properties": {
    "pid": "169137",
    "uri": "https://pleiades.stoa.org/places/169137",
    "title": "Untitled",
    "description": "An ancient place, cited: BAtlas 17 F3 unnamed bridge (Fines)",
    "placeTypes": [
     "bridge"
    ],
    "names": [],
    "locationCertainty": "certain"
   }
  },
  {
   "type": "Feature",
   "geometry": {
    "type": "Point",
    "coordinates": [
     5.75,
     44.25
    ]
   },
   "properties": {
    "pid": "169138",
    "uri": "https://pleiades.stoa.org/places/169138",
    "title": "Untitled",
    "description": "An ancient place, cited: BAtlas 17 F5 unnamed bridge (Segustero)",
    "placeTypes": [
     "bridge"
    ],
    "names": [],
    "locationCertainty": "certain"
   }
  },
  {
   "type": "Feature",
   "geometry": {
    "type": "Point",
    "coordinates": [
     5.75,
     44.25
    ]
   },
   "properties": {
    "pid": "169139",
    "uri": "https://pleiades.stoa.org/places/169139",
    "title": "Untitled",
    "description": "An ancient place, cited: BAtlas 17 F5 unnamed bridge (S Alabonte, at Ventavon)",
    "placeTypes": [
     "bridge"
    ],
    "names": [],
    "locationCertainty": "certain"
   }
  },
  {
   "type": "Feature",
   "geometry": {
    "type": "Point",
    "coordinates": [
     6.393158175,
     45.672439225
    ]
   },
   "properties": {
    "pid": "169140",
    "uri": "https://pleiades.stoa.org/places/169140",
    "title": "Roman Bridge at Albertville",
    "description": "A hypothesized Roman bridge over the river Arly just above its confluence with the Isére at modern Albertville in France.",
    "placeTypes": [
     "bridge"
    ],
    "names": [],
    "locationCertainty": "uncertain"
   }
  },
  {
   "type": "Feature",
   "geometry": {
    "type": "Point",
    "coordinates": [
     6.75,
     45.25
    ]
   },
   "properties": {
    "pid": "169141",
    "uri": "https://pleiades.stoa.org/places/169141",
    "title": "Untitled",
    "description": "An ancient place, cited: BAtlas 17 H3 unnamed bridge (Darantasia)",
    "placeTypes": [
     "bridge"
    ],
    "names": [],
    "locationCertainty": "certain"
   }
  },
  {
   "type": "Feature",
   "geometry": {
    "type": "Point",
    "coordinates": [
     6.75,
     45.25
    ]
   },
   "properties": {
    "pid": "169142",
    "uri": "https://pleiades.stoa.org/places/169142",
    "title": "Untitled",
    "description": "An ancient place, cited: BAtlas 17 H3 unnamed bridge (E Scingomagus)",
    "placeTypes": [
     "bridge"
    ],
    "names": [],
    "locationCertainty": "certain"
   }
  },
  {
   "type": "Feature",
   "geometry": {
    "type": "Point",
    "coordinates": [
     4.75,
     45.75
    ]
   },
   "properties": {
    "pid": "169877",
    "uri": "https://pleiades.stoa.org/places/169877",
    "title": "Untitled",
    "description": "An ancient place, cited: BAtlas 17 D2 unnamed centuriation (E Col. Lugdunum)",
    "placeTypes": [
     "centuriation"
    ],
    "names": [],
    "locationCertainty": "certain"
   }
  },
  {
   "type": "Feature",
   "geometry": {
    "type": "Point",
    "coordinates": [
     4.75,
     45.75
    ]
   },
   "properties": {
    "pid": "169878",
    "uri": "https://pleiades.stoa.org/places/169878",
    "title": "Untitled",
    "description": "An ancient place, cited: BAtlas 17 D2 unnamed centuriation (N Col. Lugdunum)",
    "placeTypes": [
     "centuriation"
    ],
    "names": [],
    "locationCertainty": "certain"
   }
  },
  {
   "type": "Feature",
   "geometry": {
    "type": "Point",
    "coordinates": [
     4.75,
     45.75
    ]
   },
   "properties": {
    "pid": "169879",
    "uri": "https://pleiades.stoa.org/places/169879",
    "title": "Untitled",
    "description": "An ancient place, cited: BAtlas 17 D2 unnamed centuriation (Col. Vienna)",
    "placeTypes": [
     "centuriation"
    ],
    "names": [],
    "locationCertainty": "certain"
   }
  },
  {
   "type": "Feature",
   "geometry": {
    "type": "Point",
    "coordinates": [
     4.75,
     44.25
    ]
   },
   "properties": {
    "pid": "169881",
    "uri": "https://pleiades.stoa.org/places/169881",
    "title": "Untitled",
    "description": "An ancient place, cited: BAtlas 17 D5 unnamed centuriation (Col. Valentia)",
    "placeTypes": [
     "centuriation"
    ],
    "names": [],
    "locationCertainty": "certain"
   }
  },
  {
   "type": "Feature",
   "geometry": {
    "type": "Point",
    "coordinates": [
     5.25,
     45.75
    ]
   },
   "properties": {
    "pid": "169882",
    "uri": "https://pleiades.stoa.org/places/169882",
    "title": "Untitled",
    "description": "An ancient place, cited: BAtlas 17 E2 unnamed centuriation (Ain valley)",
    "placeTypes": [
     "centuriation"
    ],
    "names": [],
    "locationCertainty": "certain"
   }
  },
  {
   "type": "Feature",
   "geometry": {
    "type": "Point",
    "coordinates": [
     5.75,
     45.25
    ]
   },
   "properties": {
    "pid": "169883",
    "uri": "https://pleiades.stoa.org/places/169883",
    "title": "Unnamed centuriation",
    "description": "An ancient place, cited: BAtlas 17 F3 unnamed centuriation (W Morginnum)",
    "placeTypes": [
     "centuriation"
    ],
    "names": [],
    "locationCertainty": "certain"
   }
  },
  {
   "type": "Feature",
   "geometry": {
    "type": "Point",
    "coordinates": [
     7.1067946,
     45.2404183
    ]
   },
   "properties": {
    "pid": "170632",
    "uri": "https://pleiades.stoa.org/places/170632",
    "title": "Untitled",
    "description": "An ancient place, cited: BAtlas 17 I3 unnamed pass (N Segusio)",
    "placeTypes": [
     "pass"
    ],
    "names": [],
    "locationCertainty": "certain"
   }
  },
  {
   "type": "Feature",
   "geometry": {
    "type": "Point",
    "coordinates": [
     5.25,
     45.25
    ]
   },
   "properties": {
    "pid": "171387",
    "uri": "https://pleiades.stoa.org/places/171387",
    "title": "Untitled",
    "description": "NW Flaviac",
    "placeTypes": [
     "road"
    ],
    "names": [],
    "locationCertainty": "certain"
   }
  },
  {
   "type": "Feature",
   "geometry": {
    "type": "Point",
    "coordinates": [
     5.25,
     45.25
    ]
   },
   "properties": {
    "pid": "171388",
    "uri": "https://pleiades.stoa.org/places/171388",
    "title": "Untitled",
    "description": "Map 15 → Col. Augusta Tricastinorum → Col. Valentia → Col. Vienna",
    "placeTypes": [
     "road"
    ],
    "names": [],
    "locationCertainty": "certain"
   }
  },
  {
   "type": "Feature",
   "geometry": {
    "type": "Point",
    "coordinates": [
     5.731700999999999,
     45.192527999999996
    ]
   },
   "properties": {
    "pid": "171389",
    "uri": "https://pleiades.stoa.org/places/171389",
    "title": "Untitled",
    "description": "Col. Vienna → Morginnum → Cularo → Durotincum",
    "placeTypes": [
     "road"
    ],
    "names": [],
    "locationCertainty": "certain"
   }
  },
  {
   "type": "Feature",
   "geometry": {
    "type": "Point",
    "coordinates": [
     5.25,
     45.25
    ]
   },
   "properties": {
    "pid": "171390",
    "uri": "https://pleiades.stoa.org/places/171390",
    "title": "Untitled",
    "description": "Col. Vienna → Augusta → Labisco → Lemincum",
    "placeTypes": [
     "road"
    ],
    "names": [],
    "locationCertainty": "certain"
   }
  },
  {
   "type": "Feature",
   "geometry": {
    "type": "Point",
    "coordinates": [
     5.25,
     45.25
    ]
   },
   "properties": {
    "pid": "171391",
    "uri": "https://pleiades.stoa.org/places/171391",
    "title": "Untitled",
    "description": "Col. Vienna → Col. Lugdunum",
    "placeTypes": [
     "road"
    ],
    "names": [],
    "locationCertainty": "certain"
   }
  },
  {
   "type": "Feature",
   "geometry": {
    "type": "Point",
    "coordinates": [
     5.22702275,
     45.128586
    ]
   },
   "properties": {
    "pid": "171392",
    "uri": "https://pleiades.stoa.org/places/171392",
    "title": "Untitled",
    "description": "Col. Valentia → Morginnum",
    "placeTypes": [
     "road"
    ],
    "names": [],
    "locationCertainty": "certain"
   }
  },
  {
   "type": "Feature",
   "geometry": {
    "type": "Point",
    "coordinates": [
     5.25,
     45.25
    ]
   },
   "properties": {
    "pid": "171393",
    "uri": "https://pleiades.stoa.org/places/171393",
    "title": "Untitled",
    "description": "Col. Lugdunum → Asa Paulini → Lunna",
    "placeTypes": [
     "road"
    ],
    "names": [],
    "locationCertainty": "certain"
   }
  },
  {
   "type": "Feature",
   "geometry": {
    "type": "Point",
    "coordinates": [
     5.25,
     45.25
    ]
   },
   "properties": {
    "pid": "171394",
    "uri": "https://pleiades.stoa.org/places/171394",
    "title": "Untitled",
    "description": "Col. Lugdunum → Bergusium",
    "placeTypes": [
     "road"
    ],
    "names": [],
    "locationCertainty": "certain"
   }
  },
  {
   "type": "Feature",
   "geometry": {
    "type": "Point",
    "coordinates": [
     5.25,
     45.25
    ]
   },
   "properties": {
    "pid": "171395",
    "uri": "https://pleiades.stoa.org/places/171395",
    "title": "Untitled",
    "description": "Morginnum → Labisco",
    "placeTypes": [
     "road"
    ],
    "names": [],
    "locationCertainty": "certain"
   }
  },
  {
   "type": "Feature",
   "geometry": {
    "type": "Point",
    "coordinates": [
     5.25,
     45.25
    ]
   },
   "properties": {
    "pid": "171396",
    "uri": "https://pleiades.stoa.org/places/171396",
    "title": "Untitled",
    "description": "Col. Valentia → Col. Dea Vocontiorum → Mons Seleucus",
    "placeTypes": [
     "road"
    ],
    "names": [],
    "locationCertainty": "certain"
   }
  },
  {
   "type": "Feature",
   "geometry": {
    "type": "Point",
    "coordinates": [
     5.25,
     45.25
    ]
   },
   "properties": {
    "pid": "171397",
    "uri": "https://pleiades.stoa.org/places/171397",
    "title": "Untitled",
    "description": "Vasio → SW",
    "placeTypes": [
     "road"
    ],
    "names": [],
    "locationCertainty": "certain"
   }
  },
  {
   "type": "Feature",
   "geometry": {
    "type": "Point",
    "coordinates": [
     5.25,
     45.25
    ]
   },
   "properties": {
    "pid": "171398",
    "uri": "https://pleiades.stoa.org/places/171398",
    "title": "Untitled",
    "description": "Noiomagos → SW",
    "placeTypes": [
     "road"
    ],
    "names": [],
    "locationCertainty": "certain"
   }
  },
  {
   "type": "Feature",
   "geometry": {
    "type": "Point",
    "coordinates": [
     5.25,
     45.25
    ]
   },
   "properties": {
    "pid": "171399",
    "uri": "https://pleiades.stoa.org/places/171399",
    "title": "Untitled",
    "description": "Alba Helviorum → SW → Bergoiata",
    "placeTypes": [
     "road"
    ],
    "names": [],
    "locationCertainty": "certain"
   }
  },
  {
   "type": "Feature",
   "geometry": {
    "type": "Point",
    "coordinates": [
     5.25,
     45.25
    ]
   },
   "properties": {
    "pid": "171400",
    "uri": "https://pleiades.stoa.org/places/171400",
    "title": "Untitled",
    "description": "Alba Helviorum → Vivarium",
    "placeTypes": [
     "road"
    ],
    "names": [],
    "locationCertainty": "certain"
   }
  },
  {
   "type": "Feature",
   "geometry": {
    "type": "Point",
    "coordinates": [
     5.25,
     45.25
    ]
   },
   "properties": {
    "pid": "171401",
    "uri": "https://pleiades.stoa.org/places/171401",
    "title": "Untitled",
    "description": "Alba Helviorum → Vallis Clara",
    "placeTypes": [
     "road"
    ],
    "names": [],
    "locationCertainty": "certain"
   }
  },
  {
   "type": "Feature",
   "geometry": {
    "type": "Point",
    "coordinates": [
     5.25,
     45.25
    ]
   },
   "properties": {
    "pid": "171403",
    "uri": "https://pleiades.stoa.org/places/171403",
    "title": "Untitled",
    "description": "Col. Dea Vocontiorum → La Queyrie",
    "placeTypes": [
     "road"
    ],
    "names": [],
    "locationCertainty": "certain"
   }
  },
  {
   "type": "Feature",
   "geometry": {
    "type": "Point",
    "coordinates": [
     5.25,
     45.25
    ]
   },
   "properties": {
    "pid": "171404",
    "uri": "https://pleiades.stoa.org/places/171404",
    "title": "Untitled",
    "description": "La Queyrie→ Mons Seleucus",
    "placeTypes": [
     "road"
    ],
    "names": [],
    "locationCertainty": "certain"
   }
  },
  {
   "type": "Feature",
   "geometry": {
    "type": "Point",
    "coordinates": [
     5.619256999999999,
     45.014579
    ]
   },
   "properties": {
    "pid": "171405",
    "uri": "https://pleiades.stoa.org/places/171405",
    "title": "Untitled",
    "description": "La Queyrie → Cularo",
    "placeTypes": [
     "road"
    ],
    "names": [],
    "locationCertainty": "certain"
   }
  },
  {
   "type": "Feature",
   "geometry": {
    "type": "Point",
    "coordinates": [
     5.25,
     45.25
    ]
   },
   "properties": {
    "pid": "171406",
    "uri": "https://pleiades.stoa.org/places/171406",
    "title": "Untitled",
    "description": "Rodumna → WNW",
    "placeTypes": [
     "road"
    ],
    "names": [],
    "locationCertainty": "certain"
   }
  },
  {
   "type": "Feature",
   "geometry": {
    "type": "Point",
    "coordinates": [
     5.25,
     45.25
    ]
   },
   "properties": {
    "pid": "171407",
    "uri": "https://pleiades.stoa.org/places/171407",
    "title": "Untitled",
    "description": "Rodumna → Aquae Segetae",
    "placeTypes": [
     "road"
    ],
    "names": [],
    "locationCertainty": "certain"
   }
  },
  {
   "type": "Feature",
   "geometry": {
    "type": "Point",
    "coordinates": [
     5.25,
     45.25
    ]
   },
   "properties": {
    "pid": "171408",
    "uri": "https://pleiades.stoa.org/places/171408",
    "title": "Untitled",
    "description": "Rodumna → N",
    "placeTypes": [
     "road"
    ],
    "names": [],
    "locationCertainty": "certain"
   }
  },
  {
   "type": "Feature",
   "geometry": {
    "type": "Point",
    "coordinates": [
     5.25,
     45.25
    ]
   },
   "properties": {
    "pid": "171409",
    "uri": "https://pleiades.stoa.org/places/171409",
    "title": "Untitled",
    "description": "Forum Segusiavorum → Rodumna",
    "placeTypes": [
     "road"
    ],
    "names": [],
    "locationCertainty": "certain"
   }
  },
  {
   "type": "Feature",
   "geometry": {
    "type": "Point",
    "coordinates": [
     5.25,
     45.25
    ]
   },
   "properties": {
    "pid": "171410",
    "uri": "https://pleiades.stoa.org/places/171410",
    "title": "Untitled",
    "description": "Forum Segusiavorum → Icidmago",
    "placeTypes": [
     "road"
    ],
    "names": [],
    "locationCertainty": "certain"
   }
  },
  {
   "type": "Feature",
   "geometry": {
    "type": "Point",
    "coordinates": [
     5.25,
     45.25
    ]
   },
   "properties": {
    "pid": "171411",
    "uri": "https://pleiades.stoa.org/places/171411",
    "title": "Untitled",
    "description": "Forum Segusiavorum → *Biliomagus → Map 14",
    "placeTypes": [
     "road"
    ],
    "names": [],
    "locationCertainty": "certain"
   }
  },
  {
   "type": "Feature",
   "geometry": {
    "type": "Point",
    "coordinates": [
     5.25,
     45.25
    ]
   },
   "properties": {
    "pid": "171412",
    "uri": "https://pleiades.stoa.org/places/171412",
    "title": "Untitled",
    "description": "Forum Segusiavorum → Col. Lugdunum",
    "placeTypes": [
     "road"
    ],
    "names": [],
    "locationCertainty": "certain"
   }
  },
  {
   "type": "Feature",
   "geometry": {
    "type": "Point",
    "coordinates": [
     5.25,
     45.25
    ]
   },
   "properties": {
    "pid": "171413",
    "uri": "https://pleiades.stoa.org/places/171413",
    "title": "Untitled",
    "description": "Forum Segusiavorum → Col. Vienna",
    "placeTypes": [
     "road"
    ],
    "names": [],
    "locationCertainty": "certain"
   }
  },
  {
   "type": "Feature",
   "geometry": {
    "type": "Point",
    "coordinates": [
     5.25,
     45.25
    ]
   },
   "properties": {
    "pid": "171414",
    "uri": "https://pleiades.stoa.org/places/171414",
    "title": "Untitled",
    "description": "Rouession → Icidmago",
    "placeTypes": [
     "road"
    ],
    "names": [],
    "locationCertainty": "certain"
   }
  },
  {
   "type": "Feature",
   "geometry": {
    "type": "Point",
    "coordinates": [
     5.25,
     45.25
    ]
   },
   "properties": {
    "pid": "171415",
    "uri": "https://pleiades.stoa.org/places/171415",
    "title": "Untitled",
    "description": "Rouession → Condate → Anderitum",
    "placeTypes": [
     "road"
    ],
    "names": [],
    "locationCertainty": "certain"
   }
  },
  {
   "type": "Feature",
   "geometry": {
    "type": "Point",
    "coordinates": [
     5.25,
     45.25
    ]
   },
   "properties": {
    "pid": "171416",
    "uri": "https://pleiades.stoa.org/places/171416",
    "title": "Untitled",
    "description": "Rouession → Brivas",
    "placeTypes": [
     "road"
    ],
    "names": [],
    "locationCertainty": "certain"
   }
  },
  {
   "type": "Feature",
   "geometry": {
    "type": "Point",
    "coordinates": [
     5.25,
     45.25
    ]
   },
   "properties": {
    "pid": "171417",
    "uri": "https://pleiades.stoa.org/places/171417",
    "title": "Untitled",
    "description": "Condate → Portes",
    "placeTypes": [
     "road"
    ],
    "names": [],
    "locationCertainty": "certain"
   }
  },
  {
   "type": "Feature",
   "geometry": {
    "type": "Point",
    "coordinates": [
     5.25,
     45.25
    ]
   },
   "properties": {
    "pid": "171418",
    "uri": "https://pleiades.stoa.org/places/171418",
    "title": "Untitled",
    "description": "Condate → Anderitum",
    "placeTypes": [
     "road"
    ],
    "names": [],
    "locationCertainty": "certain"
   }
  },
  {
   "type": "Feature",
   "geometry": {
    "type": "Point",
    "coordinates": [
     5.25,
     45.25
    ]
   },
   "properties": {
    "pid": "171419",
    "uri": "https://pleiades.stoa.org/places/171419",
    "title": "Untitled",
    "description": "Anderitum → *Gredonum → S",
    "placeTypes": [
     "road"
    ],
    "names": [],
    "locationCertainty": "certain"
   }
  },
  {
   "type": "Feature",
   "geometry": {
    "type": "Point",
    "coordinates": [
     5.25,
     45.25
    ]
   },
   "properties": {
    "pid": "171420",
    "uri": "https://pleiades.stoa.org/places/171420",
    "title": "Untitled",
    "description": "Anderitum → W",
    "placeTypes": [
     "road"
    ],
    "names": [],
    "locationCertainty": "certain"
   }
  },
  {
   "type": "Feature",
   "geometry": {
    "type": "Point",
    "coordinates": [
     5.25,
     45.25
    ]
   },
   "properties": {
    "pid": "171421",
    "uri": "https://pleiades.stoa.org/places/171421",
    "title": "Untitled",
    "description": "*Mimas → E",
    "placeTypes": [
     "road"
    ],
    "names": [],
    "locationCertainty": "certain"
   }
  },
  {
   "type": "Feature",
   "geometry": {
    "type": "Point",
    "coordinates": [
     5.25,
     45.25
    ]
   },
   "properties": {
    "pid": "171422",
    "uri": "https://pleiades.stoa.org/places/171422",
    "title": "Untitled",
    "description": "Durotincum → Brigantio → Segusio",
    "placeTypes": [
     "road"
    ],
    "names": [],
    "locationCertainty": "certain"
   }
  },
  {
   "type": "Feature",
   "geometry": {
    "type": "Point",
    "coordinates": [
     5.25,
     45.25
    ]
   },
   "properties": {
    "pid": "171423",
    "uri": "https://pleiades.stoa.org/places/171423",
    "title": "Untitled",
    "description": "Segusio → Lanslevillard → NE",
    "placeTypes": [
     "road"
    ],
    "names": [],
    "locationCertainty": "certain"
   }
  },
  {
   "type": "Feature",
   "geometry": {
    "type": "Point",
    "coordinates": [
     5.25,
     45.25
    ]
   },
   "properties": {
    "pid": "171424",
    "uri": "https://pleiades.stoa.org/places/171424",
    "title": "Untitled",
    "description": "Ad Martis → NW",
    "placeTypes": [
     "road"
    ],
    "names": [],
    "locationCertainty": "certain"
   }
  },
  {
   "type": "Feature",
   "geometry": {
    "type": "Point",
    "coordinates": [
     5.25,
     45.25
    ]
   },
   "properties": {
    "pid": "171425",
    "uri": "https://pleiades.stoa.org/places/171425",
    "title": "Untitled",
    "description": "*Alpis Graia → Arebrigium → E",
    "placeTypes": [
     "road"
    ],
    "names": [],
    "locationCertainty": "certain"
   }
  },
  {
   "type": "Feature",
   "geometry": {
    "type": "Point",
    "coordinates": [
     5.25,
     45.25
    ]
   },
   "properties": {
    "pid": "171426",
    "uri": "https://pleiades.stoa.org/places/171426",
    "title": "Untitled",
    "description": "Boutae → Darantasia → *Alpis Graia",
    "placeTypes": [
     "road"
    ],
    "names": [],
    "locationCertainty": "certain"
   }
  },
  {
   "type": "Feature",
   "geometry": {
    "type": "Point",
    "coordinates": [
     5.25,
     45.25
    ]
   },
   "properties": {
    "pid": "171427",
    "uri": "https://pleiades.stoa.org/places/171427",
    "title": "Untitled",
    "description": "Boutae → L’Abergement → N",
    "placeTypes": [
     "road"
    ],
    "names": [],
    "locationCertainty": "certain"
   }
  },
  {
   "type": "Feature",
   "geometry": {
    "type": "Point",
    "coordinates": [
     5.25,
     45.25
    ]
   },
   "properties": {
    "pid": "171428",
    "uri": "https://pleiades.stoa.org/places/171428",
    "title": "Untitled",
    "description": "Boutae → Antoger → Lemincum",
    "placeTypes": [
     "road"
    ],
    "names": [],
    "locationCertainty": "certain"
   }
  },
  {
   "type": "Feature",
   "geometry": {
    "type": "Point",
    "coordinates": [
     5.25,
     45.25
    ]
   },
   "properties": {
    "pid": "171429",
    "uri": "https://pleiades.stoa.org/places/171429",
    "title": "Untitled",
    "description": "Lemincum →*Vintium",
    "placeTypes": [
     "road"
    ],
    "names": [],
    "locationCertainty": "certain"
   }
  },
  {
   "type": "Feature",
   "geometry": {
    "type": "Point",
    "coordinates": [
     5.25,
     45.25
    ]
   },
   "properties": {
    "pid": "171430",
    "uri": "https://pleiades.stoa.org/places/171430",
    "title": "Untitled",
    "description": "Etanna → Condate → Mont-Musiège → NE",
    "placeTypes": [
     "road"
    ],
    "names": [],
    "locationCertainty": "certain"
   }
  },
  {
   "type": "Feature",
   "geometry": {
    "type": "Point",
    "coordinates": [
     5.25,
     45.25
    ]
   },
   "properties": {
    "pid": "171431",
    "uri": "https://pleiades.stoa.org/places/171431",
    "title": "Untitled",
    "description": "Passy → NW",
    "placeTypes": [
     "road"
    ],
    "names": [],
    "locationCertainty": "certain"
   }
  },
  {
   "type": "Feature",
   "geometry": {
    "type": "Point",
    "coordinates": [
     5.25,
     45.25
    ]
   },
   "properties": {
    "pid": "171432",
    "uri": "https://pleiades.stoa.org/places/171432",
    "title": "Untitled",
    "description": "Passy → Octodurus",
    "placeTypes": [
     "road"
    ],
    "names": [],
    "locationCertainty": "certain"
   }
  },
  {
   "type": "Feature",
   "geometry": {
    "type": "Point",
    "coordinates": [
     5.25,
     45.25
    ]
   },
   "properties": {
    "pid": "171433",
    "uri": "https://pleiades.stoa.org/places/171433",
    "title": "Untitled",
    "description": "Casuaria → Ad Publicanos",
    "placeTypes": [
     "road"
    ],
    "names": [],
    "locationCertainty": "certain"
   }
  },
  {
   "type": "Feature",
   "geometry": {
    "type": "Point",
    "coordinates": [
     5.25,
     45.25
    ]
   },
   "properties": {
    "pid": "171434",
    "uri": "https://pleiades.stoa.org/places/171434",
    "title": "Untitled",
    "description": "Octodurus → Summus P(o)eninus",
    "placeTypes": [
     "road"
    ],
    "names": [],
    "locationCertainty": "certain"
   }
  },
  {
   "type": "Feature",
   "geometry": {
    "type": "Point",
    "coordinates": [
     5.731700999999999,
     45.192527999999996
    ]
   },
   "properties": {
    "pid": "171435",
    "uri": "https://pleiades.stoa.org/places/171435",
    "title": "Untitled",
    "description": "Cularo → Ad Publicanos",
    "placeTypes": [
     "road"
    ],
    "names": [],
    "locationCertainty": "certain"
   }
  },
  {
   "type": "Feature",
   "geometry": {
    "type": "Point",
    "coordinates": [
     5.25,
     45.25
    ]
   },
   "properties": {
    "pid": "171436",
    "uri": "https://pleiades.stoa.org/places/171436",
    "title": "Untitled",
    "description": "Cularo → La Mure → Ictodurus",
    "placeTypes": [
     "road"
    ],
    "names": [],
    "locationCertainty": "certain"
   }
  },
  {
   "type": "Feature",
   "geometry": {
    "type": "Point",
    "coordinates": [
     5.25,
     45.25
    ]
   },
   "properties": {
    "pid": "171437",
    "uri": "https://pleiades.stoa.org/places/171437",
    "title": "Untitled",
    "description": "Rigomagus → S",
    "placeTypes": [
     "road"
    ],
    "names": [],
    "locationCertainty": "certain"
   }
  },
  {
   "type": "Feature",
   "geometry": {
    "type": "Point",
    "coordinates": [
     5.25,
     45.25
    ]
   },
   "properties": {
    "pid": "171438",
    "uri": "https://pleiades.stoa.org/places/171438",
    "title": "Untitled",
    "description": "Segustero → Rigomagus → Map 39",
    "placeTypes": [
     "road"
    ],
    "names": [],
    "locationCertainty": "certain"
   }
  },
  {
   "type": "Feature",
   "geometry": {
    "type": "Point",
    "coordinates": [
     5.25,
     45.25
    ]
   },
   "properties": {
    "pid": "171439",
    "uri": "https://pleiades.stoa.org/places/171439",
    "title": "Untitled",
    "description": "Map 16 → [Sedena] → NW",
    "placeTypes": [
     "road"
    ],
    "names": [],
    "locationCertainty": "certain"
   }
  },
  {
   "type": "Feature",
   "geometry": {
    "type": "Point",
    "coordinates": [
     5.25,
     45.25
    ]
   },
   "properties": {
    "pid": "171440",
    "uri": "https://pleiades.stoa.org/places/171440",
    "title": "Untitled",
    "description": "Davianum → Eburodunum → Brigantio",
    "placeTypes": [
     "road"
    ],
    "names": [],
    "locationCertainty": "certain"
   }
  },
  {
   "type": "Feature",
   "geometry": {
    "type": "Point",
    "coordinates": [
     5.25,
     45.25
    ]
   },
   "properties": {
    "pid": "171441",
    "uri": "https://pleiades.stoa.org/places/171441",
    "title": "Untitled",
    "description": "Rodumna → Col. Lugdunum",
    "placeTypes": [
     "road"
    ],
    "names": [],
    "locationCertainty": "certain"
   }
  },
  {
   "type": "Feature",
   "geometry": {
    "type": "Point",
    "coordinates": [
     5.25,
     45.25
    ]
   },
   "properties": {
    "pid": "171442",
    "uri": "https://pleiades.stoa.org/places/171442",
    "title": "Untitled",
    "description": "Augusta → Lemincum",
    "placeTypes": [
     "road"
    ],
    "names": [],
    "locationCertainty": "certain"
   }
  },
  {
   "type": "Feature",
   "geometry": {
    "type": "Point",
    "coordinates": [
     5.25,
     45.25
    ]
   },
   "properties": {
    "pid": "171443",
    "uri": "https://pleiades.stoa.org/places/171443",
    "title": "Untitled",
    "description": "Augusta → *Bellicum",
    "placeTypes": [
     "road"
    ],
    "names": [],
    "locationCertainty": "certain"
   }
  },
  {
   "type": "Feature",
   "geometry": {
    "type": "Point",
    "coordinates": [
     5.25,
     45.25
    ]
   },
   "properties": {
    "pid": "171444",
    "uri": "https://pleiades.stoa.org/places/171444",
    "title": "Untitled",
    "description": "Augusta → Etanna",
    "placeTypes": [
     "road"
    ],
    "names": [],
    "locationCertainty": "certain"
   }
  },
  {
   "type": "Feature",
   "geometry": {
    "type": "Point",
    "coordinates": [
     7.3218748,
     45.7396316
    ]
   },
   "properties": {
    "pid": "179717289",
    "uri": "https://pleiades.stoa.org/places/179717289",
    "title": "Roman amphitheater at Aosta",
    "description": "The Roman amphitheater at Aosta likely dates to the first century A.D. Its remains are englobed within Medieval structures.",
    "placeTypes": [
     "amphitheatre"
    ],
    "names": [],
    "locationCertainty": "certain"
   }
  },
  {
   "type": "Feature",
   "geometry": {
    "type": "Point",
    "coordinates": [
     7.3217401,
     45.738629
    ]
   },
   "properties": {
    "pid": "179717291",
    "uri": "https://pleiades.stoa.org/places/179717291",
    "title": "Roman theater at Aosta",
    "description": "The Roman theater at Aosta dates ca. 25 B.C.",
    "placeTypes": [
     "theatre"
    ],
    "names": [],
    "locationCertainty": "certain"
   }
  },
  {
   "type": "Feature",
   "geometry": {
    "type": "Point",
    "coordinates": [
     5.6240048,
     45.3334775
    ]
   },
   "properties": {
    "pid": "237861811",
    "uri": "https://pleiades.stoa.org/places/237861811",
    "title": "Gallo-Roman settlement at Le Clos",
    "description": "The remains of a Gallo-Roman settlement.",
    "placeTypes": [
     "settlement"
    ],
    "names": [],
    "locationCertainty": "certain"
   }
  },
  {
   "type": "Feature",
   "geometry": {
    "type": "Point",
    "coordinates": [
     4.3631549,
     43.8394385
    ]
   },
   "properties": {
    "pid": "241034493",
    "uri": "https://pleiades.stoa.org/places/241034493",
    "title": "Porte d'Auguste of Nemausus",
    "description": "A first-century gate of Nemausus, also known as the \"Porte d'Arles\".",
    "placeTypes": [
     "city-gate",
     "city-wall"
    ],
    "names": [],
    "locationCertainty": "certain"
   }
  },
  {
   "type": "Feature",
   "geometry": {
    "type": "Point",
    "coordinates": [
     5.5335553,
     43.6334152
    ]
   },
   "properties": {
    "pid": "241569286",
    "uri": "https://pleiades.stoa.org/places/241569286",
    "title": "Meyrargues aqueduct",
    "description": "Remains of a Roman aqueduct.",
    "placeTypes": [
     "aqueduct"
    ],
    "names": [],
    "locationCertainty": "certain"
   }
  },
  {
   "type": "Feature",
   "geometry": {
    "type": "Point",
    "coordinates": [
     5.005370741724813,
     43.714724348542305
    ]
   },
   "properties": {
    "pid": "241569287",
    "uri": "https://pleiades.stoa.org/places/241569287",
    "title": "Saint-Pierre de Vence",
    "description": "A Gallo-Roman villa.",
    "placeTypes": [
     "villa"
    ],
    "names": [],
    "locationCertainty": "certain"
   }
  },
  {
   "type": "Feature",
   "geometry": {
    "type": "Point",
    "coordinates": [
     4.5867846,
     44.106589
    ]
   },
   "properties": {
    "pid": "244926838",
    "uri": "https://pleiades.stoa.org/places/244926838",
    "title": "Gallo-Roman settlement, locality of Courac",
    "description": "Near the locality of Courac, just north of modern Tresques, are the remains of a diffuse Gallo-Roman settlement occupied from the first to fourth centuries A.D.",
    "placeTypes": [
     "settlement-modern"
    ],
    "names": [],
    "locationCertainty": "certain"
   }
  },
  {
   "type": "Feature",
   "geometry": {
    "type": "Point",
    "coordinates": [
     4.47583915,
     43.98380405
    ]
   },
   "properties": {
    "pid": "244926839",
    "uri": "https://pleiades.stoa.org/places/244926839",
    "title": "Pont de Bornègre",
    "description": "A Roman aqueduct bridge connected to the Roman aqueduct of Nîmes.",
    "placeTypes": [
     "aqueduct"
    ],
    "names": [],
    "locationCertainty": "certain"
   }
  },
  {
   "type": "Feature",
   "geometry": {
    "type": "Point",
    "coordinates": [
     4.178918714094686,
     44.02264601266362
    ]
   },
   "properties": {
    "pid": "253855601",
    "uri": "https://pleiades.stoa.org/places/253855601",
    "title": "Gard (river)",
    "description": "Tributary of the Rhodanus (Rhone), famously spanned by the Pont du Gard Roman aqueduct bridge. The river's ancient name is unknown.",
    "placeTypes": [
     "river"
    ],
    "names": [],
    "locationCertainty": "certain"
   }
  },
  {
   "type": "Feature",
   "geometry": {
    "type": "Point",
    "coordinates": [
     6.922855,
     45.16636
    ]
   },
   "properties": {
    "pid": "264120821",
    "uri": "https://pleiades.stoa.org/places/264120821",
    "title": "Pass of the Alpes Graiae",
    "description": "A pass west of Segusio",
    "placeTypes": [
     "pass"
    ],
    "names": [],
    "locationCertainty": "certain"
   }
  },
  {
   "type": "Feature",
   "geometry": {
    "type": "Point",
    "coordinates": [
     4.532633599999999,
     43.960167399999996
    ]
   },
   "properties": {
    "pid": "266382050",
    "uri": "https://pleiades.stoa.org/places/266382050",
    "title": "La Lône arcade, Nimes aqueduct",
    "description": "A segment of the Nimes aqueduct.",
    "placeTypes": [
     "aqueduct"
    ],
    "names": [],
    "locationCertainty": "certain"
   }
  },
  {
   "type": "Feature",
   "geometry": {
    "type": "Point",
    "coordinates": [
     4.8086553,
     44.1358596
    ]
   },
   "properties": {
    "pid": "28521919",
    "uri": "https://pleiades.stoa.org/places/28521919",
    "title": "Roman Theatre of Orange",
    "description": "The Roman Theatre of Orange was built early in the first century A.D.",
    "placeTypes": [
     "theatre"
    ],
    "names": [],
    "locationCertainty": "certain"
   }
  },
  {
   "type": "Feature",
   "geometry": {
    "type": "Point",
    "coordinates": [
     4.874294975569021,
     45.52547342109749
    ]
   },
   "properties": {
    "pid": "306618381",
    "uri": "https://pleiades.stoa.org/places/306618381",
    "title": "Temple of Augustus et Livia",
    "description": "The so-called Temple of Augustus et Livia dates ca. 10 B.C. and was originally dedicated to Roma and Augustus. The temple was located on the ancient forum of the city. By the fifth century the temple had become a Christian church. It was extensively restored in the nineteenth century.",
    "placeTypes": [
     "temple-2"
    ],
    "names": [],
    "locationCertainty": "certain"
   }
  },
  {
   "type": "Feature",
   "geometry": {
    "type": "Point",
    "coordinates": [
     7.323343896332793,
     45.73790820890196
    ]
   },
   "properties": {
    "pid": "310024671",
    "uri": "https://pleiades.stoa.org/places/310024671",
    "title": "Porta Praetoria at Aosta",
    "description": "A gate of the city wall of the Augustan colony, ca. 25 B.C.",
    "placeTypes": [
     "city-gate"
    ],
    "names": [],
    "locationCertainty": "certain"
   }
  },
  {
   "type": "Feature",
   "geometry": {
    "type": "Point",
    "coordinates": [
     4.83093,
     43.776409
    ]
   },
   "properties": {
    "pid": "342732941",
    "uri": "https://pleiades.stoa.org/places/342732941",
    "title": "Mausoleum of the Julii",
    "description": "The mausoleum of the three Julii brothers, ca. 40 B.C.",
    "placeTypes": [
     "tomb"
    ],
    "names": [],
    "locationCertainty": "certain"
   }
  },
  {
   "type": "Feature",
   "geometry": {
    "type": "Point",
    "coordinates": [
     4.8069985217417335,
     45.14329704077624
    ]
   },
   "properties": {
    "pid": "34993620",
    "uri": "https://pleiades.stoa.org/places/34993620",
    "title": "Arras-sur-Rhône Roman Milestone",
    "description": "A Roman milestone located in the modern French commune of Arras-sur-Rhône, registered as a historical monument in 1926 when it was to be found in the cemetery of the church of Saint Clair.",
    "placeTypes": [
     "monument",
     "milestone"
    ],
    "names": [],
    "locationCertainty": "certain"
   }
  },
  {
   "type": "Feature",
   "geometry": {
    "type": "Point",
    "coordinates": [
     4.356131790320795,
     43.83819142877015
    ]
   },
   "properties": {
    "pid": "353133531",
    "uri": "https://pleiades.stoa.org/places/353133531",
    "title": "Maison Carrée",
    "description": "A well-preserved Roman temple built ca. 16 B.C. and dedicated to Caius and Lucius Caesar.",
    "placeTypes": [
     "temple-2"
    ],
    "names": [
     {
      "attested": "La Maison Carrée de Nîmes",
      "romanized": "La Maison Carrée de Nîmes",
      "language": "fr"
     }
    ],
    "locationCertainty": "certain"
   }
  },
  {
   "type": "Feature",
   "geometry": {
    "type": "Point",
    "coordinates": [
     6.795826112392168,
     43.726738566098646
    ]
   },
   "properties": {
    "pid": "354841590",
    "uri": "https://pleiades.stoa.org/places/354841590",
    "title": "Oppidum du Castellas de St Martin",
    "description": "An oppidum located in the vicinity of the modern commune in the Alpes-Maritimes department of southeastern France.",
    "placeTypes": [
     "fortified-settlement",
     "archaeological-site"
    ],
    "names": [],
    "locationCertainty": "certain"
   }
  },
  {
   "type": "Feature",
   "geometry": {
    "type": "Point",
    "coordinates": [
     4.359422518227996,
     43.834830000741675
    ]
   },
   "properties": {
    "pid": "356648400",
    "uri": "https://pleiades.stoa.org/places/356648400",
    "title": "Arènes de Nîmes",
    "description": "The Arènes de Nîmes is a Roman amphitheater built at the end of the first century.",
    "placeTypes": [
     "amphitheatre"
    ],
    "names": [],
    "locationCertainty": "certain"
   }
  },
  {
   "type": "Feature",
   "geometry": {
    "type": "Point",
    "coordinates": [
     7.4208953,
     45.0957849
    ]
   },
   "properties": {
    "pid": "383545",
    "uri": "https://pleiades.stoa.org/places/383545",
    "title": "Ad Fines",
    "description": "Ad Fines was a Roman road station located near present-day Drubiaglio, Avigliana, Italy.",
    "placeTypes": [
     "station",
     "settlement-modern"
    ],
    "names": [
     {
      "attested": "",
      "romanized": "Ad Fines",
      "language": ""
     },
     {
      "attested": "Finibvs",
      "romanized": "Finibus",
      "language": "la"
     }
    ],
    "locationCertainty": "certain"
   }
  },
  {
   "type": "Feature",
   "geometry": {
    "type": "Point",
    "coordinates": [
     7.5176764,
     45.0697151
    ]
   },
   "properties": {
    "pid": "383557",
    "uri": "https://pleiades.stoa.org/places/383557",
    "title": "Ad VIII",
    "description": "An ancient place, cited: BAtlas 39 B3 Ad VIII",
    "placeTypes": [
     "station",
     "settlement-modern"
    ],
    "names": [
     {
      "attested": "",
      "romanized": "Ad VIII",
      "language": ""
     }
    ],
    "locationCertainty": "certain"
   }
  },
  {
   "type": "Feature",
   "geometry": {
    "type": "Point",
    "coordinates": [
     7.828594,
     45.177939
    ]
   },
   "properties": {
    "pid": "383558",
    "uri": "https://pleiades.stoa.org/places/383558",
    "title": "Ad X",
    "description": "An ancient place, cited: BAtlas 39 B3 Ad X",
    "placeTypes": [
     "station"
    ],
    "names": [
     {
      "attested": "",
      "romanized": "Ad X",
      "language": ""
     }
    ],
    "locationCertainty": "certain"
   }
  },
  {
   "type": "Feature",
   "geometry": {
    "type": "Point",
    "coordinates": [
     7.701671532304904,
     45.259680649412836
    ]
   },
   "properties": {
    "pid": "383568",
    "uri": "https://pleiades.stoa.org/places/383568",
    "title": "Amalune (river)",
    "description": "A stream or torrente that flows 48 km from its source at Monte Soglio to the Po river, of which it is a left side tributary.",
    "placeTypes": [
     "river"
    ],
    "names": [
     {
      "attested": "",
      "romanized": "Amalune",
      "language": ""
     },
     {
      "attested": "Torrente Malone",
      "romanized": "Torrente Malone, Malone (Torrente)",
      "language": "it"
     }
    ],
    "locationCertainty": "certain"
   }
  },
  {
   "type": "Feature",
   "geometry": {
    "type": "Point",
    "coordinates": [
     7.850340519177691,
     44.55667608688104
    ]
   },
   "properties": {
    "pid": "383578",
    "uri": "https://pleiades.stoa.org/places/383578",
    "title": "Augusta Bagiennorum",
    "description": "Augusta Bagiennorum was a chief settlement of the Bagienni, a Ligurian tribe. A Roman colony was established at the site in the time of Augustus. Remains of structures are found to the northeast of the modern town of Bene Vagienna, Italy.",
    "placeTypes": [
     "settlement"
    ],
    "names": [
     {
      "attested": "Augusta Bagiennorum",
      "romanized": "Augusta Bagiennorum",
      "language": "la"
     },
     {
      "attested": "",
      "romanized": "Bagienni",
      "language": "la"
     }
    ],
    "locationCertainty": "certain"
   }
  },
  {
   "type": "Feature",
   "geometry": {
    "type": "Point",
    "coordinates": [
     7.3161705,
     45.737443999999996
    ]
   },
   "properties": {
    "pid": "383579",
    "uri": "https://pleiades.stoa.org/places/383579",
    "title": "Augusta Praetoria",
    "description": "Augusta Praetoria (modern Aosta) was a settlement of the Salassi conquered by Rome in 25 B.C. From 24 B.C. a colony of 3,000 Roman military veterans occupied the city of Augusta Praetoria Salassorum and it became the capital of the province Alpes Graies from 11 B.C.",
    "placeTypes": [
     "settlement"
    ],
    "names": [
     {
      "attested": "",
      "romanized": "Augusta Praetoria",
      "language": ""
     },
     {
      "attested": "",
      "romanized": "Aosta",
      "language": ""
     },
     {
      "attested": "Augusta Praetoria Salassorum",
      "romanized": "Augusta Praetoria Salassorum",
      "language": "la"
     }
    ],
    "locationCertainty": "certain"
   }
  },
  {
   "type": "Feature",
   "geometry": {
    "type": "Point",
    "coordinates": [
     7.685998,
     45.0717795
    ]
   },
   "properties": {
    "pid": "383580",
    "uri": "https://pleiades.stoa.org/places/383580",
    "title": "Augusta Taurinorum",
    "description": "Augusta Taurinorum (modern Turin), the settlement of indigenous Celto-Ligurian peoples, was re-settled as a Roman veteran colony in 28 BC.",
    "placeTypes": [
     "settlement"
    ],
    "names": [
     {
      "attested": "Augusta Taurinorum",
      "romanized": "Augusta Taurinorum",
      "language": "la"
     },
     {
      "attested": "",
      "romanized": "Torino, Turin",
      "language": "it"
     }
    ],
    "locationCertainty": "certain"
   }
  },
  {
   "type": "Feature",
   "geometry": {
    "type": "Point",
    "coordinates": [
     7.836902766483901,
     45.728462937984546
    ]
   },
   "properties": {
    "pid": "383590",
    "uri": "https://pleiades.stoa.org/places/383590",
    "title": "Lys (river)",
    "description": "The modern Lys river is possibly to be identified with the ancient Betuctelum river. The Lys flows from the Lys Glacier of the Monte Rosa massif to converge with the river Dora Baltea as a righthand tributary at Pont-Saint-Martin.",
    "placeTypes": [
     "river"
    ],
    "names": [
     {
      "attested": "",
      "romanized": "Betuctelum",
      "language": ""
     },
     {
      "attested": "Fl. Betvctelv̄̄",
      "romanized": "Fluvius Betuctelum",
      "language": "la"
     }
    ],
    "locationCertainty": "certain"
   }
  },
  {
   "type": "Feature",
   "geometry": {
    "type": "Point",
    "coordinates": [
     7.28399429215987,
     44.69412224296551
    ]
   },
   "properties": {
    "pid": "383591",
    "uri": "https://pleiades.stoa.org/places/383591",
    "title": "Binbelli?",
    "description": "A tribe of Liguria mentioned by Pliny.",
    "placeTypes": [
     "label",
     "people"
    ],
    "names": [
     {
      "attested": "Binbelli",
      "romanized": "Binbelli",
      "language": "la"
     }
    ],
    "locationCertainty": "less-certain"
   }
  },
  {
   "type": "Feature",
   "geometry": {
    "type": "Point",
    "coordinates": [
     7.822544,
     45.011441
    ]
   },
   "properties": {
    "pid": "383611",
    "uri": "https://pleiades.stoa.org/places/383611",
    "title": "Carreum Potentia",
    "description": "Carreum Potentia (Regio IX) is the site of a Roman colony, perhaps planted during the Gracchan period, on a site that preserves, perhaps, its pre-Roman name.",
    "placeTypes": [
     "settlement"
    ],
    "names": [
     {
      "attested": "",
      "romanized": "Carreum Potentia",
      "language": ""
     },
     {
      "attested": "",
      "romanized": "Karrea",
      "language": ""
     },
     {
      "attested": "Chieri",
      "romanized": "Chieri",
      "language": "it"
     }
    ],
    "locationCertainty": "certain"
   }
  },
  {
   "type": "Feature",
   "geometry": {
    "type": "Point",
    "coordinates": [
     7.663618882796611,
     45.56286563671593
    ]
   },
   "properties": {
    "pid": "383635",
    "uri": "https://pleiades.stoa.org/places/383635",
    "title": "Duria (Bautica) (river)",
    "description": "Duria (Bautica) fl. (Dora Baltea) is a river of northern Italy that is a tributary of the Padus fl. (Po river).",
    "placeTypes": [
     "river"
    ],
    "names": [
     {
      "attested": "",
      "romanized": "Duria Bautica",
      "language": ""
     },
     {
      "attested": "",
      "romanized": "Duria",
      "language": "la"
     },
     {
      "attested": "Δουρίας ποταμός",
      "romanized": "Dourias potamos",
      "language": "grc"
     }
    ],
    "locationCertainty": "certain"
   }
  },
  {
   "type": "Feature",
   "geometry": {
    "type": "Point",
    "coordinates": [
     7.2063028905400275,
     45.08023370091821
    ]
   },
   "properties": {
    "pid": "383636",
    "uri": "https://pleiades.stoa.org/places/383636",
    "title": "Duria (river)",
    "description": "One of two tributaries of the Po river named Duria, the modern Dora Riparia.",
    "placeTypes": [
     "river"
    ],
    "names": [
     {
      "attested": "",
      "romanized": "Duria",
      "language": "la"
     },
     {
      "attested": "Duria fl.",
      "romanized": "Duria fl.",
      "language": "la"
     }
    ],
    "locationCertainty": "certain"
   }
  },
  {
   "type": "Feature",
   "geometry": {
    "type": "Point",
    "coordinates": [
     7.782187588284044,
     44.18490232524608
    ]
   },
   "properties": {
    "pid": "383641",
    "uri": "https://pleiades.stoa.org/places/383641",
    "title": "Epanterii?",
    "description": "An ancient place, cited: BAtlas 39 B5 Epanterii?",
    "placeTypes": [
     "label",
     "people"
    ],
    "names": [
     {
      "attested": "",
      "romanized": "Epanterii",
      "language": ""
     }
    ],
    "locationCertainty": "less-certain"
   }
  },
  {
   "type": "Feature",
   "geometry": {
    "type": "Point",
    "coordinates": [
     7.875942,
     45.466604
    ]
   },
   "properties": {
    "pid": "383642",
    "uri": "https://pleiades.stoa.org/places/383642",
    "title": "Eporedia",
    "description": "A Roman military outpost during the Roman invasion of the Dora Baltea ca. 100 B.C., Eporedia was assigned to Regio XI.",
    "placeTypes": [
     "settlement"
    ],
    "names": [
     {
      "attested": "Eporedia",
      "romanized": "Eporedia",
      "language": "la"
     },
     {
      "attested": "Ivrea",
      "romanized": "Ivrea",
      "language": "it"
     }
    ],
    "locationCertainty": "certain"
   }
  },
  {
   "type": "Feature",
   "geometry": {
    "type": "Point",
    "coordinates": [
     7.475266,
     44.518081
    ]
   },
   "properties": {
    "pid": "383653",
    "uri": "https://pleiades.stoa.org/places/383653",
    "title": "*Forum Germanici",
    "description": "An ancient place, cited: BAtlas 39 A4 *Forum Germanici",
    "placeTypes": [
     "settlement"
    ],
    "names": [
     {
      "attested": "",
      "romanized": "Forum Germanici",
      "language": ""
     }
    ],
    "locationCertainty": "certain"
   }
  },
  {
   "type": "Feature",
   "geometry": {
    "type": "Point",
    "coordinates": [
     7.374977,
     44.785652
    ]
   },
   "properties": {
    "pid": "383657",
    "uri": "https://pleiades.stoa.org/places/383657",
    "title": "Forum Vibii",
    "description": "A town of Liguria located near the source of the Po River (ancient Padus).",
    "placeTypes": [
     "settlement"
    ],
    "names": [
     {
      "attested": "",
      "romanized": "Forum Vibii",
      "language": ""
     },
     {
      "attested": "",
      "romanized": "Forum Vibii Cabur…",
      "language": ""
     },
     {
      "attested": "",
      "romanized": "Forum Vibii Cabur",
      "language": ""
     },
     {
      "attested": "Forovibienses",
      "romanized": "Forovibienses",
      "language": "la"
     }
    ],
    "locationCertainty": "certain"
   }
  },
  {
   "type": "Feature",
   "geometry": {
    "type": "Point",
    "coordinates": [
     7.341063538458212,
     45.04034800545693
    ]
   },
   "properties": {
    "pid": "383674",
    "uri": "https://pleiades.stoa.org/places/383674",
    "title": "Iemerii?",
    "description": "An ancient place, cited: BAtlas 39 A3 Iemerii?",
    "placeTypes": [
     "label",
     "people"
    ],
    "names": [
     {
      "attested": "",
      "romanized": "Iemerii",
      "language": ""
     }
    ],
    "locationCertainty": "less-certain"
   }
  },
  {
   "type": "Feature",
   "geometry": {
    "type": "Point",
    "coordinates": [
     7.242046725814104,
     44.89780601368095
    ]
   },
   "properties": {
    "pid": "383703",
    "uri": "https://pleiades.stoa.org/places/383703",
    "title": "Maielli?",
    "description": "An ancient place, cited: BAtlas 39 A4 Maielli?",
    "placeTypes": [
     "label",
     "people"
    ],
    "names": [
     {
      "attested": "",
      "romanized": "Maielli",
      "language": "la"
     }
    ],
    "locationCertainty": "less-certain"
   }
  },
  {
   "type": "Feature",
   "geometry": {
    "type": "Point",
    "coordinates": [
     7.344923,
     45.116103
    ]
   },
   "properties": {
    "pid": "383720",
    "uri": "https://pleiades.stoa.org/places/383720",
    "title": "Ocelum",
    "description": "An ancient place, cited: BAtlas 39 A3 Ocelum",
    "placeTypes": [
     "station"
    ],
    "names": [
     {
      "attested": "",
      "romanized": "Ocelum",
      "language": ""
     }
    ],
    "locationCertainty": "certain"
   }
  },
  {
   "type": "Feature",
   "geometry": {
    "type": "Point",
    "coordinates": [
     7.540011789415249,
     45.373390011656284
    ]
   },
   "properties": {
    "pid": "383723",
    "uri": "https://pleiades.stoa.org/places/383723",
    "title": "Orgus (river)",
    "description": "Orgus fl. (Orco river) is a river of northern Italy and a tributary of the Padus fl. (Po river).",
    "placeTypes": [
     "river"
    ],
    "names": [
     {
      "attested": "",
      "romanized": "Orgus",
      "language": ""
     },
     {
      "attested": "Orco",
      "romanized": "Orco",
      "language": "it"
     }
    ],
    "locationCertainty": "certain"
   }
  },
  {
   "type": "Feature",
   "geometry": {
    "type": "Point",
    "coordinates": [
     7.468615,
     44.335303
    ]
   },
   "properties": {
    "pid": "383740",
    "uri": "https://pleiades.stoa.org/places/383740",
    "title": "Pedo(na)",
    "description": "An ancient place, cited: BAtlas 39 A5 Pedo(na)",
    "placeTypes": [
     "settlement"
    ],
    "names": [
     {
      "attested": "",
      "romanized": "Pedona",
      "language": ""
     },
     {
      "attested": "",
      "romanized": "Pedo",
      "language": ""
     }
    ],
    "locationCertainty": "certain"
   }
  },
  {
   "type": "Feature",
   "geometry": {
    "type": "Point",
    "coordinates": [
     7.895976,
     44.686768
    ]
   },
   "properties": {
    "pid": "383745",
    "uri": "https://pleiades.stoa.org/places/383745",
    "title": "Pollentia",
    "description": "An ancient place, cited: BAtlas 39 B4 Pollentia",
    "placeTypes": [
     "settlement"
    ],
    "names": [
     {
      "attested": "",
      "romanized": "Pollentia",
      "language": ""
     },
     {
      "attested": "Polentia",
      "romanized": "Polentia",
      "language": "la"
     }
    ],
    "locationCertainty": "certain"
   }
  },
  {
   "type": "Feature",
   "geometry": {
    "type": "Point",
    "coordinates": [
     7.969391,
     45.191112
    ]
   },
   "properties": {
    "pid": "383753",
    "uri": "https://pleiades.stoa.org/places/383753",
    "title": "Quadrata",
    "description": "An ancient place, cited: BAtlas 39 B3 Quadrata",
    "placeTypes": [
     "station"
    ],
    "names": [
     {
      "attested": "",
      "romanized": "Quadrata",
      "language": ""
     }
    ],
    "locationCertainty": "certain"
   }
  },
  {
   "type": "Feature",
   "geometry": {
    "type": "Point",
    "coordinates": [
     7.3563744122644765,
     45.69477423314829
    ]
   },
   "properties": {
    "pid": "383764",
    "uri": "https://pleiades.stoa.org/places/383764",
    "title": "Salassi",
    "description": "The Salassi were a Celtic tribe in the Alpine region of northern Italy and Gaul.",
    "placeTypes": [
     "label",
     "people"
    ],
    "names": [
     {
      "attested": "",
      "romanized": "Salassi",
      "language": ""
     }
    ],
    "locationCertainty": "certain"
   }
  },
  {
   "type": "Feature",
   "geometry": {
    "type": "Point",
    "coordinates": [
     7.559327747851038,
     45.20699423340679
    ]
   },
   "properties": {
    "pid": "383785",
    "uri": "https://pleiades.stoa.org/places/383785",
    "title": "Stura (river)",
    "description": "A river of northern Italy and a tributary of the Po river.",
    "placeTypes": [
     "river"
    ],
    "names": [
     {
      "attested": "",
      "romanized": "Stura",
      "language": ""
     },
     {
      "attested": "Stura di Lanzo",
      "romanized": "Stura di Lanzo",
      "language": "it"
     }
    ],
    "locationCertainty": "certain"
   }
  },
  {
   "type": "Feature",
   "geometry": {
    "type": "Point",
    "coordinates": [
     7.427264820926917,
     44.412017395323055
    ]
   },
   "properties": {
    "pid": "383786",
    "uri": "https://pleiades.stoa.org/places/383786",
    "title": "Stura (river)",
    "description": "Stura di Demonte is a tributary of the Tanaro River, which in turn is a tributary of the River Po. It flows from the Alps and joins the Tanaro east of Cherasco.",
    "placeTypes": [
     "river"
    ],
    "names": [
     {
      "attested": "",
      "romanized": "Stura",
      "language": ""
     },
     {
      "attested": "Stura di Demonte",
      "romanized": "Stura di Demonte",
      "language": "it"
     }
    ],
    "locationCertainty": "certain"
   }
  },
  {
   "type": "Feature",
   "geometry": {
    "type": "Point",
    "coordinates": [
     7.674749143379995,
     45.1443754163682
    ]
   },
   "properties": {
    "pid": "383794",
    "uri": "https://pleiades.stoa.org/places/383794",
    "title": "Taurini",
    "description": "An ancient people, tribe, or cultural group.",
    "placeTypes": [
     "label",
     "people"
    ],
    "names": [
     {
      "attested": "",
      "romanized": "Taurini",
      "language": ""
     }
    ],
    "locationCertainty": "certain"
   }
  },
  {
   "type": "Feature",
   "geometry": {
    "type": "Point",
    "coordinates": [
     7.355627008933091,
     44.55149543313093
    ]
   },
   "properties": {
    "pid": "383812",
    "uri": "https://pleiades.stoa.org/places/383812",
    "title": "Venisami",
    "description": "An ancient place, cited: BAtlas 39 A4 Venisami",
    "placeTypes": [
     "label",
     "people"
    ],
    "names": [
     {
      "attested": "",
      "romanized": "Venisami",
      "language": ""
     }
    ],
    "locationCertainty": "certain"
   }
  },
  {
   "type": "Feature",
   "geometry": {
    "type": "Point",
    "coordinates": [
     7.999899,
     45.505531
    ]
   },
   "properties": {
    "pid": "383821",
    "uri": "https://pleiades.stoa.org/places/383821",
    "title": "Victumulae",
    "description": "A settlement of the Celtic Insubres located in the territory of Vercellae.",
    "placeTypes": [
     "mine-2"
    ],
    "names": [
     {
      "attested": "Uictumulae",
      "romanized": "Victumulae",
      "language": "la"
     },
     {
      "attested": "",
      "romanized": "Victimuli",
      "language": ""
     },
     {
      "attested": "Ἰκτούμουλαι",
      "romanized": "Iktoúmoulai",
      "language": "grc"
     },
     {
      "attested": "Bessa",
      "romanized": "Bessa",
      "language": "it"
     },
     {
      "attested": "Victumulae",
      "romanized": "Victumulae",
      "language": "la"
     }
    ],
    "locationCertainty": "certain"
   }
  },
  {
   "type": "Feature",
   "geometry": {
    "type": "Point",
    "coordinates": [
     7.880721,
     44.448981
    ]
   },
   "properties": {
    "pid": "383822",
    "uri": "https://pleiades.stoa.org/places/383822",
    "title": "Vicus Baginas",
    "description": "An ancient place, cited: BAtlas 39 B5 Vicus Baginas",
    "placeTypes": [
     "settlement"
    ],
    "names": [
     {
      "attested": "",
      "romanized": "Vicus Baginas",
      "language": ""
     },
     {
      "attested": "Villero di Bastia di Mondovì",
      "romanized": "Villero di Bastia di Mondovì",
      "language": "it"
     }
    ],
    "locationCertainty": "certain"
   }
  },
  {
   "type": "Feature",
   "geometry": {
    "type": "Point",
    "coordinates": [
     7.690596,
     45.668586
    ]
   },
   "properties": {
    "pid": "383824",
    "uri": "https://pleiades.stoa.org/places/383824",
    "title": "Vitricium",
    "description": "An ancient place, cited: BAtlas 39 B2 Vitricium",
    "placeTypes": [
     "station"
    ],
    "names": [
     {
      "attested": "",
      "romanized": "Vitricium",
      "language": ""
     },
     {
      "attested": "Vtricio",
      "romanized": "Vtricio",
      "language": "la"
     }
    ],
    "locationCertainty": "certain"
   }
  },
  {
   "type": "Feature",
   "geometry": {
    "type": "Point",
    "coordinates": [
     7.75,
     45.25
    ]
   },
   "properties": {
    "pid": "384297",
    "uri": "https://pleiades.stoa.org/places/384297",
    "title": "Unnamed Roman aqueduct at Eporedia",
    "description": "According to PECS, the Roman aqueduct at Eporedia originates \"at the Viona stream on the slopes of the Mombarone\".",
    "placeTypes": [
     "aqueduct"
    ],
    "names": [],
    "locationCertainty": "certain"
   }
  },
  {
   "type": "Feature",
   "geometry": {
    "type": "Point",
    "coordinates": [
     7.75,
     45.25
    ]
   },
   "properties": {
    "pid": "384298",
    "uri": "https://pleiades.stoa.org/places/384298",
    "title": "Untitled",
    "description": "An ancient place, cited: BAtlas 39 B3 unnamed aqueduct (Carreum Potentia)",
    "placeTypes": [
     "aqueduct"
    ],
    "names": [],
    "locationCertainty": "certain"
   }
  },
  {
   "type": "Feature",
   "geometry": {
    "type": "Point",
    "coordinates": [
     7.75,
     44.75
    ]
   },
   "properties": {
    "pid": "384299",
    "uri": "https://pleiades.stoa.org/places/384299",
    "title": "Unnamed aqueduct at Augusta Bagiennorum",
    "description": "An ancient place, cited: BAtlas 39 B4 unnamed aqueduct (Augusta Bagiennorum)",
    "placeTypes": [
     "aqueduct"
    ],
    "names": [],
    "locationCertainty": "certain"
   }
  },
  {
   "type": "Feature",
   "geometry": {
    "type": "Point",
    "coordinates": [
     7.75,
     44.75
    ]
   },
   "properties": {
    "pid": "384300",
    "uri": "https://pleiades.stoa.org/places/384300",
    "title": "Untitled",
    "description": "An ancient place, cited: BAtlas 39 B4 unnamed aqueduct (Pollentia)",
    "placeTypes": [
     "aqueduct"
    ],
    "names": [],
    "locationCertainty": "certain"
   }
  },
  {
   "type": "Feature",
   "geometry": {
    "type": "Point",
    "coordinates": [
     7.2074956,
     45.7024174
    ]
   },
   "properties": {
    "pid": "385053",
    "uri": "https://pleiades.stoa.org/places/385053",
    "title": "Unnamed bridge at Lévérogne",
    "description": "According to the Barrington Atlas directory, an ancient group of bridges crossing the river Duria (Bautica) is found at Villeneuve/Leverogne to the west of Aosta.",
    "placeTypes": [
     "bridge",
     "settlement-modern"
    ],
    "names": [],
    "locationCertainty": "certain"
   }
  },
  {
   "type": "Feature",
   "geometry": {
    "type": "Point",
    "coordinates": [
     7.6108771,
     45.7480008
    ]
   },
   "properties": {
    "pid": "385054",
    "uri": "https://pleiades.stoa.org/places/385054",
    "title": "Roman Bridge of Châtillon",
    "description": "A Roman bridge over the Torrente Marmore at Châtillon in the Valle d'Aosta, Italy.",
    "placeTypes": [
     "bridge"
    ],
    "names": [
     {
      "attested": "Ponte di Châtillon",
      "romanized": "Ponte di Châtillon",
      "language": "it"
     }
    ],
    "locationCertainty": "certain"
   }
  },
  {
   "type": "Feature",
   "geometry": {
    "type": "Point",
    "coordinates": [
     7.75,
     45.75
    ]
   },
   "properties": {
    "pid": "385055",
    "uri": "https://pleiades.stoa.org/places/385055",
    "title": "Unnamed bridge at Vitricium",
    "description": "An ancient place, cited: BAtlas 39 B2 unnamed bridge (at Vitricium)",
    "placeTypes": [
     "bridge"
    ],
    "names": [],
    "locationCertainty": "certain"
   }
  },
  {
   "type": "Feature",
   "geometry": {
    "type": "Point",
    "coordinates": [
     7.800099850000001,
     45.5992967
    ]
   },
   "properties": {
    "pid": "385056",
    "uri": "https://pleiades.stoa.org/places/385056",
    "title": "Pont-Saint-Martin (bridge)",
    "description": "A Roman segmental arch bridge in the Aosta Valley in Italy that dates to the first century BC. The bridge spans 31.4 m across the Betuctelum to the NNW of Eporedia.",
    "placeTypes": [
     "bridge"
    ],
    "names": [],
    "locationCertainty": "certain"
   }
  },
  {
   "type": "Feature",
   "geometry": {
    "type": "Point",
    "coordinates": [
     7.7442709999999995,
     45.611788149999995
    ]
   },
   "properties": {
    "pid": "385057",
    "uri": "https://pleiades.stoa.org/places/385057",
    "title": "Unnamed bridge at Bard",
    "description": "The so-called \"Ponte di Bard\" located at Bard, to the southeast of Vitricium.",
    "placeTypes": [
     "bridge"
    ],
    "names": [],
    "locationCertainty": "certain"
   }
  },
  {
   "type": "Feature",
   "geometry": {
    "type": "Point",
    "coordinates": [
     5.0753756127213245,
     44.24374155388257
    ]
   },
   "properties": {
    "pid": "385353544",
    "uri": "https://pleiades.stoa.org/places/385353544",
    "title": "Théâtre Antique de Vaison-la-Romaine",
    "description": "The Roman Theater of Vasio Vocontiorum.",
    "placeTypes": [
     "theatre"
    ],
    "names": [],
    "locationCertainty": "certain"
   }
  },
  {
   "type": "Feature",
   "geometry": {
    "type": "Point",
    "coordinates": [
     7.25,
     44.75
    ]
   },
   "properties": {
    "pid": "385807",
    "uri": "https://pleiades.stoa.org/places/385807",
    "title": "Untitled",
    "description": "An ancient place, cited: BAtlas 39 A4 unnamed centuriation (*Forum Germanici)",
    "placeTypes": [
     "centuriation"
    ],
    "names": [],
    "locationCertainty": "certain"
   }
  },
  {
   "type": "Feature",
   "geometry": {
    "type": "Point",
    "coordinates": [
     7.75,
     45.25
    ]
   },
   "properties": {
    "pid": "385808",
    "uri": "https://pleiades.stoa.org/places/385808",
    "title": "Untitled",
    "description": "An ancient place, cited: BAtlas 39 B3 unnamed centuriation (Augusta Taurinorum W Rivarolo Canavese)",
    "placeTypes": [
     "centuriation"
    ],
    "names": [],
    "locationCertainty": "certain"
   }
  },
  {
   "type": "Feature",
   "geometry": {
    "type": "Point",
    "coordinates": [
     7.75,
     45.25
    ]
   },
   "properties": {
    "pid": "385809",
    "uri": "https://pleiades.stoa.org/places/385809",
    "title": "Untitled",
    "description": "An ancient place, cited: BAtlas 39 B3 unnamed centuriation (Carreum Potentia)",
    "placeTypes": [
     "centuriation"
    ],
    "names": [],
    "locationCertainty": "certain"
   }
  },
  {
   "type": "Feature",
   "geometry": {
    "type": "Point",
    "coordinates": [
     7.75,
     45.25
    ]
   },
   "properties": {
    "pid": "385810",
    "uri": "https://pleiades.stoa.org/places/385810",
    "title": "Untitled",
    "description": "An ancient place, cited: BAtlas 39 B3 unnamed centuriation (Eporedia)",
    "placeTypes": [
     "centuriation"
    ],
    "names": [],
    "locationCertainty": "certain"
   }
  },
  {
   "type": "Feature",
   "geometry": {
    "type": "Point",
    "coordinates": [
     7.75,
     45.25
    ]
   },
   "properties": {
    "pid": "385811",
    "uri": "https://pleiades.stoa.org/places/385811",
    "title": "Untitled",
    "description": "An ancient place, cited: BAtlas 39 B3 unnamed centuriation (N Augusta Taurinorum)",
    "placeTypes": [
     "centuriation"
    ],
    "names": [],
    "locationCertainty": "certain"
   }
  },
  {
   "type": "Feature",
   "geometry": {
    "type": "Point",
    "coordinates": [
     7.75,
     45.25
    ]
   },
   "properties": {
    "pid": "385812",
    "uri": "https://pleiades.stoa.org/places/385812",
    "title": "Untitled",
    "description": "An ancient place, cited: BAtlas 39 B3 unnamed centuriation (W Augusta Taurinorum)",
    "placeTypes": [
     "centuriation"
    ],
    "names": [],
    "locationCertainty": "certain"
   }
  },
  {
   "type": "Feature",
   "geometry": {
    "type": "Point",
    "coordinates": [
     7.468615,
     44.335303
    ]
   },
   "properties": {
    "pid": "385813",
    "uri": "https://pleiades.stoa.org/places/385813",
    "title": "Centuriation near Pedo(na)",
    "description": "An ancient place, cited: BAtlas 39 B4 unnamed centuriation (Pedo(na))",
    "placeTypes": [
     "centuriation"
    ],
    "names": [],
    "locationCertainty": null
   }
  },
  {
   "type": "Feature",
   "geometry": {
    "type": "Point",
    "coordinates": [
     7.75,
     44.75
    ]
   },
   "properties": {
    "pid": "385814",
    "uri": "https://pleiades.stoa.org/places/385814",
    "title": "Untitled",
    "description": "An ancient place, cited: BAtlas 39 B4 unnamed centuriation (Pollentia)",
    "placeTypes": [
     "centuriation"
    ],
    "names": [],
    "locationCertainty": "certain"
   }
  },
  {
   "type": "Feature",
   "geometry": {
    "type": "Point",
    "coordinates": [
     7.75,
     44.75
    ]
   },
   "properties": {
    "pid": "385815",
    "uri": "https://pleiades.stoa.org/places/385815",
    "title": "Untitled",
    "description": "An ancient place, cited: BAtlas 39 B4 unnamed centuriation (W Pollentia)",
    "placeTypes": [
     "centuriation"
    ],
    "names": [],
    "locationCertainty": "certain"
   }
  },
  {
   "type": "Feature",
   "geometry": {
    "type": "Point",
    "coordinates": [
     7.75,
     44.25
    ]
   },
   "properties": {
    "pid": "385816",
    "uri": "https://pleiades.stoa.org/places/385816",
    "title": "Untitled",
    "description": "An ancient place, cited: BAtlas 39 B5 unnamed centuriation (E Pedo(na))",
    "placeTypes": [
     "centuriation"
    ],
    "names": [],
    "locationCertainty": "certain"
   }
  },
  {
   "type": "Feature",
   "geometry": {
    "type": "Point",
    "coordinates": [
     4.8311475,
     43.7765291
    ]
   },
   "properties": {
    "pid": "390299655",
    "uri": "https://pleiades.stoa.org/places/390299655",
    "title": "Triumphal Arch of Glanum",
    "description": "A Roman triumphal arch built in the early first century A.D.",
    "placeTypes": [
     "arch"
    ],
    "names": [],
    "locationCertainty": "certain"
   }
  },
  {
   "type": "Feature",
   "geometry": {
    "type": "Point",
    "coordinates": [
     7.1092805,
     43.7340053
    ]
   },
   "properties": {
    "pid": "392088785",
    "uri": "https://pleiades.stoa.org/places/392088785",
    "title": "Baou des Blancs",
    "description": "A rocky promontory that overlooks the modern town of Vence in the Alpes Maritimes department of France. Iron Age, Late Antique, and Medieval occupation and fortifications are attested there.",
    "placeTypes": [
     "fortified-settlement",
     "mountain",
     "settlement"
    ],
    "names": [],
    "locationCertainty": "certain"
   }
  },
  {
   "type": "Feature",
   "geometry": {
    "type": "Point",
    "coordinates": [
     7.094934,
     43.6211582
    ]
   },
   "properties": {
    "pid": "392088786",
    "uri": "https://pleiades.stoa.org/places/392088786",
    "title": "Tour de la Chèvre d'Or",
    "description": "A Roman funerary monument.",
    "placeTypes": [
     "tomb"
    ],
    "names": [
     {
      "attested": "Tour de la Chèvre d'Or",
      "romanized": "Tour de la Chèvre d'Or",
      "language": "fr"
     }
    ],
    "locationCertainty": "certain"
   }
  },
  {
   "type": "Feature",
   "geometry": {
    "type": "Point",
    "coordinates": [
     7.044987875966695,
     45.13326782731811
    ]
   },
   "properties": {
    "pid": "408993113",
    "uri": "https://pleiades.stoa.org/places/408993113",
    "title": "Susa Roman amphitheater",
    "description": "The Roman amphitheater at Segusio.",
    "placeTypes": [
     "amphitheatre"
    ],
    "names": [
     {
      "attested": "Segusium amphitheatre",
      "romanized": "Segusium amphitheatre",
      "language": "en"
     }
    ],
    "locationCertainty": "certain"
   }
  },
  {
   "type": "Feature",
   "geometry": {
    "type": "Point",
    "coordinates": [
     4.804810762530299,
     44.14217392467851
    ]
   },
   "properties": {
    "pid": "413823808",
    "uri": "https://pleiades.stoa.org/places/413823808",
    "title": "Triumphal Arch of Orange",
    "description": "A triumphal arch most likely built during the reign of Augustus to honor veterans of the Gallic Wars and Legio II Augusta.",
    "placeTypes": [
     "arch"
    ],
    "names": [
     {
      "attested": "Triumphal Arch of Orange",
      "romanized": "Triumphal Arch of Orange",
      "language": "en"
     }
    ],
    "locationCertainty": "certain"
   }
  },
  {
   "type": "Feature",
   "geometry": {
    "type": "Point",
    "coordinates": [
     4.818612707747085,
     45.759598381225125
    ]
   },
   "properties": {
    "pid": "41413690",
    "uri": "https://pleiades.stoa.org/places/41413690",
    "title": "Sanctuary of Cybèle",
    "description": "A Sanctuary of Cybèle located adjacent to the theater complex at Lugdunum and dating to the middle of the second century CE.",
    "placeTypes": [
     "sanctuary"
    ],
    "names": [],
    "locationCertainty": "certain"
   }
  },
  {
   "type": "Feature",
   "geometry": {
    "type": "Point",
    "coordinates": [
     7.8959408,
     44.6847139
    ]
   },
   "properties": {
    "pid": "423813718",
    "uri": "https://pleiades.stoa.org/places/423813718",
    "title": "Pollenzo Roman amphitheater",
    "description": "The Roman amphitheater at ancient Pollentia (modern Pollenzo).",
    "placeTypes": [
     "amphitheatre"
    ],
    "names": [
     {
      "attested": "Pollentia amphitheatre",
      "romanized": "Pollentia amphitheatre",
      "language": "en"
     }
    ],
    "locationCertainty": "certain"
   }
  },
  {
   "type": "Feature",
   "geometry": {
    "type": "Point",
    "coordinates": [
     7.2766051,
     43.7192045
    ]
   },
   "properties": {
    "pid": "425092509",
    "uri": "https://pleiades.stoa.org/places/425092509",
    "title": "Thermes romains de Cimiez",
    "description": "The ancient Roman thermal baths of Cemenelum.",
    "placeTypes": [
     "bath"
    ],
    "names": [],
    "locationCertainty": "certain"
   }
  },
  {
   "type": "Feature",
   "geometry": {
    "type": "Point",
    "coordinates": [
     7.85496151164057,
     44.55932357492931
    ]
   },
   "properties": {
    "pid": "427981474",
    "uri": "https://pleiades.stoa.org/places/427981474",
    "title": "Roman theater at Augusta Bagiennorum",
    "description": "The Roman theater at Augusta Bagiennorum",
    "placeTypes": [
     "theatre"
    ],
    "names": [
     {
      "attested": "Teatro romano, Bene Vagienna",
      "romanized": "Teatro romano, Bene Vagienna",
      "language": "it"
     }
    ],
    "locationCertainty": "certain"
   }
  },
  {
   "type": "Feature",
   "geometry": {
    "type": "Point",
    "coordinates": [
     4.357768966372244,
     43.83267357363913
    ]
   },
   "properties": {
    "pid": "432394421",
    "uri": "https://pleiades.stoa.org/places/432394421",
    "title": "Porte de France, Nemausus",
    "description": "A first-century B.C. city gate of ancient Nemausus.",
    "placeTypes": [
     "city-gate"
    ],
    "names": [],
    "locationCertainty": "certain"
   }
  },
  {
   "type": "Feature",
   "geometry": {
    "type": "Point",
    "coordinates": [
     7.3280345,
     45.7393206
    ]
   },
   "properties": {
    "pid": "437204184",
    "uri": "https://pleiades.stoa.org/places/437204184",
    "title": "Arch of Augustus at Aosta",
    "description": "The Arch of Augustus at Aosta is a commemorative arch dedicated to Augustus ca. 25 BC following victories over the Salassi.",
    "placeTypes": [
     "arch"
    ],
    "names": [],
    "locationCertainty": "certain"
   }
  },
  {
   "type": "Feature",
   "geometry": {
    "type": "Point",
    "coordinates": [
     4.630924133151125,
     43.6777518736909
    ]
   },
   "properties": {
    "pid": "438050385",
    "uri": "https://pleiades.stoa.org/places/438050385",
    "title": "Arles Amphitheatre",
    "description": "The Arles Roman amphitheater or Arènes d'Arles was built ca. A.D. 90 and could seat over 20,000 spectators.",
    "placeTypes": [
     "amphitheatre"
    ],
    "names": [
     {
      "attested": "Arènes d'Arles",
      "romanized": "Arenes d'Arles",
      "language": "fr"
     },
     {
      "attested": "Arles Amphitheatre",
      "romanized": "Arles Amphitheatre",
      "language": "en"
     }
    ],
    "locationCertainty": "certain"
   }
  },
  {
   "type": "Feature",
   "geometry": {
    "type": "Point",
    "coordinates": [
     4.348415920951971,
     43.83982629581039
    ]
   },
   "properties": {
    "pid": "439736209",
    "uri": "https://pleiades.stoa.org/places/439736209",
    "title": "Temple de Diane",
    "description": "The so-called \"Temple de Diane\" is a first century Roman monument on the Gard river dedicated to Augustus.",
    "placeTypes": [
     "sanctuary",
     "temple-2"
    ],
    "names": [
     {
      "attested": "",
      "romanized": "Temple de Diane",
      "language": "fr"
     }
    ],
    "locationCertainty": "certain"
   }
  },
  {
   "type": "Feature",
   "geometry": {
    "type": "Point",
    "coordinates": [
     4.349465295296133,
     43.84305514815462
    ]
   },
   "properties": {
    "pid": "439736210",
    "uri": "https://pleiades.stoa.org/places/439736210",
    "title": "Tour Magne",
    "description": "Situated atop Mount Cavalier, the so-called \"Tour Magne\" is a tower on the fortified walls of ancient Nemausus. The tower dates to the time of Augustus.",
    "placeTypes": [
     "tower-defensive",
     "fort"
    ],
    "names": [],
    "locationCertainty": "certain"
   }
  },
  {
   "type": "Feature",
   "geometry": {
    "type": "Point",
    "coordinates": [
     7.2752435,
     43.7196728
    ]
   },
   "properties": {
    "pid": "43994933",
    "uri": "https://pleiades.stoa.org/places/43994933",
    "title": "Arènes de Cimiez",
    "description": "A Roman amphitheater of the second century that was enlarged during the course of the third, the so-called Arènes de Cimiez measures 67 by 56 meters.",
    "placeTypes": [
     "amphitheatre"
    ],
    "names": [],
    "locationCertainty": "certain"
   }
  },
  {
   "type": "Feature",
   "geometry": {
    "type": "Point",
    "coordinates": [
     4.8774352,
     45.5241677
    ]
   },
   "properties": {
    "pid": "44398170",
    "uri": "https://pleiades.stoa.org/places/44398170",
    "title": "Roman odeon, Vienne",
    "description": "The Roman odeon at Vienne.",
    "placeTypes": [
     "theatre"
    ],
    "names": [],
    "locationCertainty": "certain"
   }
  },
  {
   "type": "Feature",
   "geometry": {
    "type": "Point",
    "coordinates": [
     6.7783976069145755,
     43.73287132819141
    ]
   },
   "properties": {
    "pid": "456339119",
    "uri": "https://pleiades.stoa.org/places/456339119",
    "title": "Oppidum de Conrouan",
    "description": "The Oppidum of Conrouan in Escragnolles.",
    "placeTypes": [
     "fortified-settlement"
    ],
    "names": [],
    "locationCertainty": "certain"
   }
  },
  {
   "type": "Feature",
   "geometry": {
    "type": "Point",
    "coordinates": [
     4.701451913149839,
     44.587802336506556
    ]
   },
   "properties": {
    "pid": "500136301",
    "uri": "https://pleiades.stoa.org/places/500136301",
    "title": "Rochemaure milestone",
    "description": "A Roman milestone of the second century A.D.",
    "placeTypes": [
     "monument"
    ],
    "names": [],
    "locationCertainty": "certain"
   }
  },
  {
   "type": "Feature",
   "geometry": {
    "type": "Point",
    "coordinates": [
     4.876108541638462,
     45.524560677864045
    ]
   },
   "properties": {
    "pid": "511545009",
    "uri": "https://pleiades.stoa.org/places/511545009",
    "title": "Garden of Cybele",
    "description": "An archaeological area in Vienne that includes remains of municipal and domestic architecture.",
    "placeTypes": [
     "sanctuary",
     "architecturalcomplex"
    ],
    "names": [],
    "locationCertainty": "certain"
   }
  },
  {
   "type": "Feature",
   "geometry": {
    "type": "Point",
    "coordinates": [
     5.44541,
     43.526232
    ]
   },
   "properties": {
    "pid": "540718544",
    "uri": "https://pleiades.stoa.org/places/540718544",
    "title": "Via Aurelia",
    "description": "A Roman road.",
    "placeTypes": [
     "road"
    ],
    "names": [
     {
      "attested": "Via Aurelia",
      "romanized": "Via Aurelia",
      "language": "la"
     }
    ],
    "locationCertainty": null
   }
  },
  {
   "type": "Feature",
   "geometry": {
    "type": "Point",
    "coordinates": [
     4.371655581346486,
     43.81857868386568
    ]
   },
   "properties": {
    "pid": "542278279",
    "uri": "https://pleiades.stoa.org/places/542278279",
    "title": "Le Vistre de la Fontaine",
    "description": "A tributary of the Vistre that originates from a spring in central Nîmes (ancient Nemausus), near the so-called Temple of Diana.",
    "placeTypes": [
     "river"
    ],
    "names": [],
    "locationCertainty": "certain"
   }
  },
  {
   "type": "Feature",
   "geometry": {
    "type": "Point",
    "coordinates": [
     7.286001083037913,
     43.99693030952686
    ]
   },
   "properties": {
    "pid": "543406790",
    "uri": "https://pleiades.stoa.org/places/543406790",
    "title": "Fluvius Vulpis",
    "description": "A river included on the Peutinger map.",
    "placeTypes": [
     "river"
    ],
    "names": [
     {
      "attested": "Fl. Vvlpis",
      "romanized": "Fluvius Vulpis",
      "language": "la"
     }
    ],
    "locationCertainty": "less-certain"
   }
  },
  {
   "type": "Feature",
   "geometry": {
    "type": "Point",
    "coordinates": [
     5.36670561249525,
     43.88750458729018
    ]
   },
   "properties": {
    "pid": "54430875",
    "uri": "https://pleiades.stoa.org/places/54430875",
    "title": "Calavon (river)",
    "description": "Tributary of the Druentia river (modern Durance). Its ancient name is unknown.",
    "placeTypes": [
     "river"
    ],
    "names": [],
    "locationCertainty": "certain"
   }
  },
  {
   "type": "Feature",
   "geometry": {
    "type": "Point",
    "coordinates": [
     6.757823611308122,
     43.72890502365347
    ]
   },
   "properties": {
    "pid": "546393278",
    "uri": "https://pleiades.stoa.org/places/546393278",
    "title": "Camp du Château",
    "description": "The Camp du Château in Escragnolles, France",
    "placeTypes": [
     "settlement"
    ],
    "names": [],
    "locationCertainty": "certain"
   }
  },
  {
   "type": "Feature",
   "geometry": {
    "type": "Point",
    "coordinates": [
     4.834816957860483,
     45.157459739911005
    ]
   },
   "properties": {
    "pid": "561315996",
    "uri": "https://pleiades.stoa.org/places/561315996",
    "title": "Fontager necropolis",
    "description": "A necropolis in Gallia Narbonensis discovered within the thirteenth century Chateau de Fontager in 1963-1964. ",
    "placeTypes": [
     "cemetery"
    ],
    "names": [],
    "locationCertainty": "certain"
   }
  },
  {
   "type": "Feature",
   "geometry": {
    "type": "Point",
    "coordinates": [
     4.9906693,
     43.5181618
    ]
   },
   "properties": {
    "pid": "588459218",
    "uri": "https://pleiades.stoa.org/places/588459218",
    "title": "Oppidum du Castellan",
    "description": "A Gallic oppidum occupied from the sixth century B.C.",
    "placeTypes": [
     "settlement"
    ],
    "names": [],
    "locationCertainty": "certain"
   }
  },
  {
   "type": "Feature",
   "geometry": {
    "type": "Point",
    "coordinates": [
     4.835172524486351,
     45.1582881941751
    ]
   },
   "properties": {
    "pid": "593189881",
    "uri": "https://pleiades.stoa.org/places/593189881",
    "title": "Ponsas",
    "description": "The Chateau de Fontager (13th century) is the site of the discovery of an ancient necropolis, including Early Christian tombs as well as pre-Christian tombs.",
    "placeTypes": [
     "castle",
     "cemetery",
     "settlement-modern"
    ],
    "names": [],
    "locationCertainty": "certain"
   }
  },
  {
   "type": "Feature",
   "geometry": {
    "type": "Point",
    "coordinates": [
     5.9154364,
     45.6890471
    ]
   },
   "properties": {
    "pid": "614234198",
    "uri": "https://pleiades.stoa.org/places/614234198",
    "title": "Arc de Campanus",
    "description": "The so-called Arc de Campanus is either a funerary monument or a monumental arch dating to the early Roman Imperial period.",
    "placeTypes": [
     "tomb",
     "arch"
    ],
    "names": [],
    "locationCertainty": "certain"
   }
  },
  {
   "type": "Feature",
   "geometry": {
    "type": "Point",
    "coordinates": [
     6.965954,
     44.673376
    ]
   },
   "properties": {
    "pid": "618833479",
    "uri": "https://pleiades.stoa.org/places/618833479",
    "title": "Unnamed Pass",
    "description": "An unnamed pass in the Alpes Cottiae near Vesulus Mons",
    "placeTypes": [
     "pass"
    ],
    "names": [],
    "locationCertainty": "certain"
   }
  },
  {
   "type": "Feature",
   "geometry": {
    "type": "Point",
    "coordinates": [
     5.395963,
     44.528386
    ]
   },
   "properties": {
    "pid": "618833480",
    "uri": "https://pleiades.stoa.org/places/618833480",
    "title": "Col de la Motte",
    "description": "An unnamed pass on the Druna fl. drainage",
    "placeTypes": [
     "pass"
    ],
    "names": [],
    "locationCertainty": "certain"
   }
  },
  {
   "type": "Feature",
   "geometry": {
    "type": "Point",
    "coordinates": [
     4.3258329,
     43.9230893
    ]
   },
   "properties": {
    "pid": "626868652",
    "uri": "https://pleiades.stoa.org/places/626868652",
    "title": "Castel Vieil, Sainte-Anastasie",
    "description": "An important pre-Roman and Gallo-Roman oppidum overlooking the Gardon gorges north of Nimes.",
    "placeTypes": [
     "settlement"
    ],
    "names": [],
    "locationCertainty": "certain"
   }
  },
  {
   "type": "Feature",
   "geometry": {
    "type": "Point",
    "coordinates": [
     7.480909259589594,
     45.11623914684863
    ]
   },
   "properties": {
    "pid": "65232414",
    "uri": "https://pleiades.stoa.org/places/65232414",
    "title": "Villa Romana di Caselette",
    "description": "A Roman villa of the first century CE located near Farchetto, Italy.",
    "placeTypes": [
     "villa"
    ],
    "names": [],
    "locationCertainty": "certain"
   }
  },
  {
   "type": "Feature",
   "geometry": {
    "type": "Point",
    "coordinates": [
     7.8674622,
     43.8484748
    ]
   },
   "properties": {
    "pid": "659022266",
    "uri": "https://pleiades.stoa.org/places/659022266",
    "title": "Monte Rocche",
    "description": "A settlement of the Iron Age and Roman period in western Liguria.",
    "placeTypes": [
     "settlement",
     "hill"
    ],
    "names": [
     {
      "attested": "Monte Rocche",
      "romanized": "Monte Rocche",
      "language": "it"
     }
    ],
    "locationCertainty": "certain"
   }
  },
  {
   "type": "Feature",
   "geometry": {
    "type": "Point",
    "coordinates": [
     4.870509632816475,
     45.52970544651767
    ]
   },
   "properties": {
    "pid": "663163576",
    "uri": "https://pleiades.stoa.org/places/663163576",
    "title": "Thermes des Lutteurs",
    "description": "A Gallo-Roman bath complex identified in 1991 at Saint-Romain-en-Galt that originally covered some 8 ha.",
    "placeTypes": [
     "bath"
    ],
    "names": [],
    "locationCertainty": "certain"
   }
  },
  {
   "type": "Feature",
   "geometry": {
    "type": "Point",
    "coordinates": [
     5.397275,
     43.735096
    ]
   },
   "properties": {
    "pid": "67040863",
    "uri": "https://pleiades.stoa.org/places/67040863",
    "title": "Castellar",
    "description": "A Gallic oppidum and sanctuary to the god Dexiva in the Vaucluse départment.",
    "placeTypes": [
     "settlement",
     "sanctuary"
    ],
    "names": [
     {
      "attested": "Castellar",
      "romanized": "Castellar",
      "language": "fr"
     },
     {
      "attested": "Castellar de Cadenet",
      "romanized": "Castellar de Cadenet",
      "language": "fr"
     }
    ],
    "locationCertainty": "certain"
   }
  },
  {
   "type": "Feature",
   "geometry": {
    "type": "Point",
    "coordinates": [
     5.7292273,
     43.7004351
    ]
   },
   "properties": {
    "pid": "672078274",
    "uri": "https://pleiades.stoa.org/places/672078274",
    "title": "Les Convents",
    "description": "The remains of a Gallo-Roman villa at the site known as Les Convents, located on a plateau overlooking the Durance.",
    "placeTypes": [
     "villa"
    ],
    "names": [],
    "locationCertainty": "certain"
   }
  },
  {
   "type": "Feature",
   "geometry": {
    "type": "Point",
    "coordinates": [
     4.819879347422519,
     45.75701698981836
    ]
   },
   "properties": {
    "pid": "678120089",
    "uri": "https://pleiades.stoa.org/places/678120089",
    "title": "Gallo-Roman baths",
    "description": "A suite of Roman-period public baths in Lyon, France. The site is located in the rue des Farges on the slope of the Fourvière hill. The baths may have been linked to the cult of Apollo.",
    "placeTypes": [
     "bath"
    ],
    "names": [],
    "locationCertainty": "certain"
   }
  },
  {
   "type": "Feature",
   "geometry": {
    "type": "Point",
    "coordinates": [
     4.552067808608689,
     43.91746529052104
    ]
   },
   "properties": {
    "pid": "678272910",
    "uri": "https://pleiades.stoa.org/places/678272910",
    "title": "Perrotte Aqueduct tunnel, aqueduct of Nimes",
    "description": "The aqueduct tunnel known as the Tunnel de la Perrotte stretches for more than 60 meters.",
    "placeTypes": [
     "tunnel",
     "aqueduct"
    ],
    "names": [],
    "locationCertainty": "certain"
   }
  },
  {
   "type": "Feature",
   "geometry": {
    "type": "Point",
    "coordinates": [
     4.388682,
     43.815269
    ]
   },
   "properties": {
    "pid": "691025426",
    "uri": "https://pleiades.stoa.org/places/691025426",
    "title": "Roman Bridge: Le Vistre de la Fontaine Palaeochannel",
    "description": "Remains of a Roman bridge spanning a former channel of Le Vistre de la Fontaine south of Nîmes have been excavated. Work at the site also provided significant evidence for Roman-era waste and lead contamination transported down the river from the urban center of Nemausus.",
    "placeTypes": [
     "bridge"
    ],
    "names": [
     {
      "attested": "Le Vistre de la Fontaine",
      "romanized": "Le Vistre de la Fontaine",
      "language": "fr"
     }
    ],
    "locationCertainty": "certain"
   }
  },
  {
   "type": "Feature",
   "geometry": {
    "type": "Point",
    "coordinates": [
     4.537884048720283,
     43.94556590239423
    ]
   },
   "properties": {
    "pid": "698066006",
    "uri": "https://pleiades.stoa.org/places/698066006",
    "title": "Pont de Valmale",
    "description": "The so-called Pont de Valmale is part of the Roman aqueduct system supplying Nîmes.",
    "placeTypes": [
     "aqueduct",
     "bridge"
    ],
    "names": [],
    "locationCertainty": "certain"
   }
  },
  {
   "type": "Feature",
   "geometry": {
    "type": "Point",
    "coordinates": [
     7.625365202031512,
     43.78937512290163
    ]
   },
   "properties": {
    "pid": "702770983",
    "uri": "https://pleiades.stoa.org/places/702770983",
    "title": "Ventimiglia Roman Theater",
    "description": "A Roman theater at modern Ventimiglia in Italy, dating to the early second century CE.",
    "placeTypes": [
     "archaeological-site",
     "theatre"
    ],
    "names": [],
    "locationCertainty": "certain"
   }
  },
  {
   "type": "Feature",
   "geometry": {
    "type": "Point",
    "coordinates": [
     5.446154477438569,
     43.53409358877124
    ]
   },
   "properties": {
    "pid": "703668015",
    "uri": "https://pleiades.stoa.org/places/703668015",
    "title": "Maison romaine du Parking Pasteur, Aix-en-Provence",
    "description": "A well-appointed Roman domus was discovered at the site of what is now a parking structure in Aix-en-Provence.",
    "placeTypes": [
     "townhouse"
    ],
    "names": [],
    "locationCertainty": "certain"
   }
  },
  {
   "type": "Feature",
   "geometry": {
    "type": "Point",
    "coordinates": [
     6.088304,
     43.8170264
    ]
   },
   "properties": {
    "pid": "725543708",
    "uri": "https://pleiades.stoa.org/places/725543708",
    "title": "Colonnes de Riez",
    "description": "The remains of a Roman temple of the first century CE.",
    "placeTypes": [
     "sanctuary"
    ],
    "names": [
     {
      "attested": "Temple of Apollo in Riez",
      "romanized": "Temple of Apollo in Riez",
      "language": "en"
     }
    ],
    "locationCertainty": "certain"
   }
  },
  {
   "type": "Feature",
   "geometry": {
    "type": "Point",
    "coordinates": [
     6.9371705,
     43.7957307
    ]
   },
   "properties": {
    "pid": "728329646",
    "uri": "https://pleiades.stoa.org/places/728329646",
    "title": "Greolieres Roman Milestone",
    "description": "A Roman milestone located in France, in the town of Gréolières in the Alpes-Maritimes department in the Provence-Alpes-Côte d'Azur region. The inscription on the milestone honors the Roman emperor Caracalla and is dated to 213.",
    "placeTypes": [
     "monument"
    ],
    "names": [],
    "locationCertainty": "certain"
   }
  },
  {
   "type": "Feature",
   "geometry": {
    "type": "Point",
    "coordinates": [
     4.8212181,
     45.1197078
    ]
   },
   "properties": {
    "pid": "747563988",
    "uri": "https://pleiades.stoa.org/places/747563988",
    "title": "Gallo-Roman sites at Érome, France",
    "description": "A pair of archaeological sites in Gallia Narbonensis. The site of Les Orpaillots shows traces of a sanctuary and a group of tombs while Notre-Dame-de-la-Mure showed traces of a late third century Gallo-Roman villa.",
    "placeTypes": [
     "sanctuary",
     "settlement",
     "settlement-modern"
    ],
    "names": [
     {
      "attested": "Érôme",
      "romanized": "Erome",
      "language": "fr"
     }
    ],
    "locationCertainty": "certain"
   }
  },
  {
   "type": "Feature",
   "geometry": {
    "type": "Point",
    "coordinates": [
     4.871086928649573,
     45.529606545360885
    ]
   },
   "properties": {
    "pid": "747563989",
    "uri": "https://pleiades.stoa.org/places/747563989",
    "title": "Saint-Romain-en-Gal",
    "description": "An urban quarter of Roman Vienne, now presented as an archaeological museum.",
    "placeTypes": [
     "settlement"
    ],
    "names": [],
    "locationCertainty": "certain"
   }
  },
  {
   "type": "Feature",
   "geometry": {
    "type": "Point",
    "coordinates": [
     4.6371423,
     43.6714418
    ]
   },
   "properties": {
    "pid": "748102904",
    "uri": "https://pleiades.stoa.org/places/748102904",
    "title": "Alyscamps",
    "description": "Alyscamps is a necropolis located outside the walls of Arles, France.",
    "placeTypes": [
     "cemetery"
    ],
    "names": [],
    "locationCertainty": "certain"
   }
  },
  {
   "type": "Feature",
   "geometry": {
    "type": "Point",
    "coordinates": [
     7.401755916845227,
     43.74479437887957
    ]
   },
   "properties": {
    "pid": "783",
    "uri": "https://pleiades.stoa.org/places/783",
    "title": "Alpes (mountains)",
    "description": "The Alps are one of the great mountain ranges of Europe stretching some 1,200 km. (750 miles).",
    "placeTypes": [
     "mountain",
     "label"
    ],
    "names": [
     {
      "attested": "",
      "romanized": "Alpes M.",
      "language": ""
     },
     {
      "attested": "Ἄλπεις",
      "romanized": "Alpeis",
      "language": "grc"
     }
    ],
    "locationCertainty": "certain"
   }
  },
  {
   "type": "Feature",
   "geometry": {
    "type": "Point",
    "coordinates": [
     4.5593907,
     44.0777277
    ]
   },
   "properties": {
    "pid": "79684535",
    "uri": "https://pleiades.stoa.org/places/79684535",
    "title": "Roman baths at Gaujac",
    "description": "The Roman baths at Gaujac were begun ca. A.D. 20.",
    "placeTypes": [
     "bath"
    ],
    "names": [],
    "locationCertainty": "certain"
   }
  },
  {
   "type": "Feature",
   "geometry": {
    "type": "Point",
    "coordinates": [
     4.880024,
     43.7113599
    ]
   },
   "properties": {
    "pid": "811458570",
    "uri": "https://pleiades.stoa.org/places/811458570",
    "title": "Oppidum des Caisses de Jean-Jean",
    "description": "A Celtic oppidum that flourished between the sixth and the first century BCE.",
    "placeTypes": [
     "fortified-settlement"
    ],
    "names": [],
    "locationCertainty": "certain"
   }
  },
  {
   "type": "Feature",
   "geometry": {
    "type": "Point",
    "coordinates": [
     4.7604084907126785,
     45.72181109525204
    ]
   },
   "properties": {
    "pid": "812127749",
    "uri": "https://pleiades.stoa.org/places/812127749",
    "title": "Aqueduct of the Gier",
    "description": "A Roman aqueduct of the first century AD supplying Lugdunum.",
    "placeTypes": [
     "aqueduct"
    ],
    "names": [
     {
      "attested": "",
      "romanized": "Aqueduc du Gier",
      "language": "fr"
     }
    ],
    "locationCertainty": "certain"
   }
  },
  {
   "type": "Feature",
   "geometry": {
    "type": "Point",
    "coordinates": [
     4.828713578928375,
     43.77020732485456
    ]
   },
   "properties": {
    "pid": "819897603",
    "uri": "https://pleiades.stoa.org/places/819897603",
    "title": "Glanum dam",
    "description": "A Roman dam that created the Lac du Peirou and supplied Glanum with water. While the ancient dam was destroyed in the late nineteenth century, the reservoir remains.",
    "placeTypes": [
     "dam",
     "reservoir"
    ],
    "names": [],
    "locationCertainty": "certain"
   }
  },
  {
   "type": "Feature",
   "geometry": {
    "type": "Point",
    "coordinates": [
     4.2600401,
     43.8257918
    ]
   },
   "properties": {
    "pid": "828895928",
    "uri": "https://pleiades.stoa.org/places/828895928",
    "title": "Caveirac milestone",
    "description": "A Roman milestone - (CIL 17-02, no. 256).",
    "placeTypes": [
     "monument",
     "milestone"
    ],
    "names": [],
    "locationCertainty": "certain"
   }
  },
  {
   "type": "Feature",
   "geometry": {
    "type": "Point",
    "coordinates": [
     4.8386564,
     45.6406079
    ]
   },
   "properties": {
    "pid": "829403642",
    "uri": "https://pleiades.stoa.org/places/829403642",
    "title": "Solaize Roman Milestone",
    "description": "A Roman milestone.",
    "placeTypes": [
     "settlement-modern",
     "milestone"
    ],
    "names": [
     {
      "attested": "Borne milliaire de Solaize",
      "romanized": "Borne milliaire de Solaize",
      "language": "fr"
     }
    ],
    "locationCertainty": "certain"
   }
  },
  {
   "type": "Feature",
   "geometry": {
    "type": "Point",
    "coordinates": [
     4.299842625,
     43.662050949999994
    ]
   },
   "properties": {
    "pid": "834876934",
    "uri": "https://pleiades.stoa.org/places/834876934",
    "title": "Via Domitia",
    "description": "The Via Domitia connected Italia and Hispania and was built ca. 118 BC by Cnaeus Domitius Ahenobarbus around the time Colonia Narbo Martius (Narbonne) was founded.",
    "placeTypes": [
     "road"
    ],
    "names": [
     {
      "attested": "Via Domitia",
      "romanized": "Via Domitia",
      "language": "la"
     }
    ],
    "locationCertainty": null
   }
  },
  {
   "type": "Feature",
   "geometry": {
    "type": "Point",
    "coordinates": [
     7.6562264,
     45.7430192
    ]
   },
   "properties": {
    "pid": "849308046",
    "uri": "https://pleiades.stoa.org/places/849308046",
    "title": "Roman bridge of Saint-Vincent",
    "description": "A Roman bridge built across the Cillian stream in the Valle d'Aosta, Italy.",
    "placeTypes": [
     "bridge"
    ],
    "names": [],
    "locationCertainty": "certain"
   }
  },
  {
   "type": "Feature",
   "geometry": {
    "type": "Point",
    "coordinates": [
     7.6847817,
     45.074956
    ]
   },
   "properties": {
    "pid": "866917580",
    "uri": "https://pleiades.stoa.org/places/866917580",
    "title": "Porta Palatina",
    "description": "A surviving turreted gateway of the Roman circuit wall of Augusta Taurinorum.",
    "placeTypes": [
     "city-gate"
    ],
    "names": [],
    "locationCertainty": "certain"
   }
  },
  {
   "type": "Feature",
   "geometry": {
    "type": "Point",
    "coordinates": [
     5.788523,
     45.720155
    ]
   },
   "properties": {
    "pid": "867265469",
    "uri": "https://pleiades.stoa.org/places/867265469",
    "title": "Grand Lagneux Roman Bath",
    "description": "At Grand Lagneux, a small village in the French commune of Yenne, a rescue excavation in 2020 revealed part of a Roman-era bathing establishment. The excavated site is now buried under a modern home. This find constitutes another possible locality in the commune for attested ancient name \"Etanna\".",
    "placeTypes": [
     "archaeological-site",
     "bath"
    ],
    "names": [],
    "locationCertainty": "certain"
   }
  },
  {
   "type": "Feature",
   "geometry": {
    "type": "Point",
    "coordinates": [
     4.819695554806705,
     45.75871319059104
    ]
   },
   "properties": {
    "pid": "88972955",
    "uri": "https://pleiades.stoa.org/places/88972955",
    "title": "Odeon of Lyon",
    "description": "The Odeon is a small theater in modern day Lyon, France built specifically for musical performances around the beginning of the 2nd century CE.",
    "placeTypes": [
     "odeon"
    ],
    "names": [
     {
      "attested": "Odeon of Lyon",
      "romanized": "Odeon of Lyon",
      "language": "en"
     },
     {
      "attested": "Odéon antique de Lyon",
      "romanized": "Odéon antique de Lyon",
      "language": "fr"
     }
    ],
    "locationCertainty": "certain"
   }
  },
  {
   "type": "Feature",
   "geometry": {
    "type": "Point",
    "coordinates": [
     4.868813362545865,
     45.53030297178222
    ]
   },
   "properties": {
    "pid": "890539357",
    "uri": "https://pleiades.stoa.org/places/890539357",
    "title": "House of the Ocean Gods",
    "description": "Large house in Saint-Romain-En-Gaul, France, probably belonging to a wealthy merchant, built around 50 CE and abandoned in the middle of the 3rd century CE.",
    "placeTypes": [
     "townhouse"
    ],
    "names": [
     {
      "attested": "",
      "romanized": "La Maison des Dieux Océans",
      "language": "fr"
     }
    ],
    "locationCertainty": "certain"
   }
  },
  {
   "type": "Feature",
   "geometry": {
    "type": "Point",
    "coordinates": [
     4.601892117019566,
     44.55985766946484
    ]
   },
   "properties": {
    "pid": "89384567",
    "uri": "https://pleiades.stoa.org/places/89384567",
    "title": "Gallo-Roman theater at Alba Helviorum",
    "description": "A third and fourth century theater at Alba Helviorum.",
    "placeTypes": [
     "theatre"
    ],
    "names": [],
    "locationCertainty": "certain"
   }
  },
  {
   "type": "Feature",
   "geometry": {
    "type": "Point",
    "coordinates": [
     4.878883444417664,
     45.52484433940456
    ]
   },
   "properties": {
    "pid": "903082074",
    "uri": "https://pleiades.stoa.org/places/903082074",
    "title": "Roman theater of Vienne",
    "description": "A first century Roman theater in Vienne.",
    "placeTypes": [
     "theatre"
    ],
    "names": [],
    "locationCertainty": "certain"
   }
  },
  {
   "type": "Feature",
   "geometry": {
    "type": "Point",
    "coordinates": [
     4.8197688135639405,
     45.759793394665465
    ]
   },
   "properties": {
    "pid": "931407499",
    "uri": "https://pleiades.stoa.org/places/931407499",
    "title": "Roman theater of Fourvière",
    "description": "A Roman theater in Lyon, France, that originally dates ca. 15 B.C.",
    "placeTypes": [
     "theatre"
    ],
    "names": [
     {
      "attested": "Théâtre Gallo-Romain de Fourvière",
      "romanized": "Théâtre Gallo-Romain de Fourvière, Theatre Gallo-Romain de Fourviere",
      "language": "fr"
     },
     {
      "attested": "Théâtre antique de Lyon",
      "romanized": "Théâtre antique de Lyon, Theatre antique de Lyon",
      "language": "fr"
     }
    ],
    "locationCertainty": "certain"
   }
  },
  {
   "type": "Feature",
   "geometry": {
    "type": "Point",
    "coordinates": [
     7.850340519177691,
     44.55667608688104
    ]
   },
   "properties": {
    "pid": "950560042",
    "uri": "https://pleiades.stoa.org/places/950560042",
    "title": "Augusta Bagiennorum amphitheater",
    "description": "The Roman amphitheater of Augusta Bagiennorum.",
    "placeTypes": [
     "amphitheatre"
    ],
    "names": [],
    "locationCertainty": "certain"
   }
  },
  {
   "type": "Feature",
   "geometry": {
    "type": "Point",
    "coordinates": [
     7.3298864,
     45.73976235
    ]
   },
   "properties": {
    "pid": "952774737",
    "uri": "https://pleiades.stoa.org/places/952774737",
    "title": "Ponte di Pietra",
    "description": "A Roman segmental stone arch bridge located near Augusta Praetoria.",
    "placeTypes": [
     "bridge"
    ],
    "names": [],
    "locationCertainty": "certain"
   }
  },
  {
   "type": "Feature",
   "geometry": {
    "type": "Point",
    "coordinates": [
     5.387004,
     44.750735
    ]
   },
   "properties": {
    "pid": "963100987",
    "uri": "https://pleiades.stoa.org/places/963100987",
    "title": "Unnamed Bridge",
    "description": "A bridge near Col. Dea Vocontiorum",
    "placeTypes": [
     "bridge"
    ],
    "names": [],
    "locationCertainty": "certain"
   }
  },
  {
   "type": "Feature",
   "geometry": {
    "type": "Point",
    "coordinates": [
     5.48346,
     44.825901
    ]
   },
   "properties": {
    "pid": "963100988",
    "uri": "https://pleiades.stoa.org/places/963100988",
    "title": "Unnamed Pass",
    "description": "An unnamed pass on the Druna fl. drainage",
    "placeTypes": [
     "pass"
    ],
    "names": [],
    "locationCertainty": "certain"
   }
  },
  {
   "type": "Feature",
   "geometry": {
    "type": "Point",
    "coordinates": [
     6.859297,
     45.290737
    ]
   },
   "properties": {
    "pid": "963101021",
    "uri": "https://pleiades.stoa.org/places/963101021",
    "title": "Pass of the Alpes Graiae",
    "description": "A pass west of Segusio",
    "placeTypes": [
     "pass"
    ],
    "names": [],
    "locationCertainty": "certain"
   }
  },
  {
   "type": "Feature",
   "geometry": {
    "type": "Point",
    "coordinates": [
     6.4383465,
     45.213292499999994
    ]
   },
   "properties": {
    "pid": "963101022",
    "uri": "https://pleiades.stoa.org/places/963101022",
    "title": "Pass of the Alpes Graiae",
    "description": "A pass west of Segusio",
    "placeTypes": [
     "pass"
    ],
    "names": [],
    "locationCertainty": "certain"
   }
  },
  {
   "type": "Feature",
   "geometry": {
    "type": "Point",
    "coordinates": [
     6.651634,
     45.116858
    ]
   },
   "properties": {
    "pid": "963101023",
    "uri": "https://pleiades.stoa.org/places/963101023",
    "title": "Pass of the Alpes Graiae",
    "description": "A pass west of Segusio",
    "placeTypes": [
     "pass"
    ],
    "names": [],
    "locationCertainty": "certain"
   }
  },
  {
   "type": "Feature",
   "geometry": {
    "type": "Point",
    "coordinates": [
     6.681709,
     45.129029
    ]
   },
   "properties": {
    "pid": "963101024",
    "uri": "https://pleiades.stoa.org/places/963101024",
    "title": "Pass of the Alpes Graiae",
    "description": "A pass west of Segusio",
    "placeTypes": [
     "pass"
    ],
    "names": [],
    "locationCertainty": "certain"
   }
  },
  {
   "type": "Feature",
   "geometry": {
    "type": "Point",
    "coordinates": [
     6.601864,
     45.109612
    ]
   },
   "properties": {
    "pid": "963101025",
    "uri": "https://pleiades.stoa.org/places/963101025",
    "title": "Pass of the Alpes Graiae",
    "description": "A pass west of Segusio",
    "placeTypes": [
     "pass"
    ],
    "names": [],
    "locationCertainty": "certain"
   }
  },
  {
   "type": "Feature",
   "geometry": {
    "type": "Point",
    "coordinates": [
     6.982761,
     44.684036
    ]
   },
   "properties": {
    "pid": "963101121",
    "uri": "https://pleiades.stoa.org/places/963101121",
    "title": "Unnamed Pass",
    "description": "An unnamed pass in the Alpes Cottiae near Vesulus Mons",
    "placeTypes": [
     "pass"
    ],
    "names": [],
    "locationCertainty": "certain"
   }
  },
  {
   "type": "Feature",
   "geometry": {
    "type": "Point",
    "coordinates": [
     7.063414,
     44.686166
    ]
   },
   "properties": {
    "pid": "963101122",
    "uri": "https://pleiades.stoa.org/places/963101122",
    "title": "Unnamed Pass",
    "description": "An unnamed pass in the Alpes Cottiae near Vesulus Mons",
    "placeTypes": [
     "pass"
    ],
    "names": [],
    "locationCertainty": "certain"
   }
  },
  {
   "type": "Feature",
   "geometry": {
    "type": "Point",
    "coordinates": [
     7.0663531,
     44.7108916
    ]
   },
   "properties": {
    "pid": "963101123",
    "uri": "https://pleiades.stoa.org/places/963101123",
    "title": "Unnamed Pass",
    "description": "An unnamed pass in the Alpes Cottiae near Vesulus Mons",
    "placeTypes": [
     "pass"
    ],
    "names": [],
    "locationCertainty": "certain"
   }
  },
  {
   "type": "Feature",
   "geometry": {
    "type": "Point",
    "coordinates": [
     7.0232906,
     44.7645691
    ]
   },
   "properties": {
    "pid": "963101124",
    "uri": "https://pleiades.stoa.org/places/963101124",
    "title": "Unnamed Pass",
    "description": "An unnamed pass in the Alpes Cottiae near Vesulus Mons",
    "placeTypes": [
     "pass"
    ],
    "names": [],
    "locationCertainty": "certain"
   }
  },
  {
   "type": "Feature",
   "geometry": {
    "type": "Point",
    "coordinates": [
     6.9241936,
     44.5710655
    ]
   },
   "properties": {
    "pid": "963101125",
    "uri": "https://pleiades.stoa.org/places/963101125",
    "title": "Colle dell'Autaret (pass)",
    "description": "A pass (ancient name unknown) in the Alpes Cottiae near Monte Viso (ancient Vesulus mons).",
    "placeTypes": [
     "pass"
    ],
    "names": [],
    "locationCertainty": "certain"
   }
  },
  {
   "type": "Feature",
   "geometry": {
    "type": "Point",
    "coordinates": [
     6.9570916,
     44.6432009
    ]
   },
   "properties": {
    "pid": "963101126",
    "uri": "https://pleiades.stoa.org/places/963101126",
    "title": "Unnamed Pass",
    "description": "An unnamed pass in the Alpes Cottiae near Vesulus Mons",
    "placeTypes": [
     "pass"
    ],
    "names": [],
    "locationCertainty": "certain"
   }
  },
  {
   "type": "Feature",
   "geometry": {
    "type": "Point",
    "coordinates": [
     7.0429123873051465,
     45.13601840991446
    ]
   },
   "properties": {
    "pid": "978854625",
    "uri": "https://pleiades.stoa.org/places/978854625",
    "title": "Arch of Augustus (Susa)",
    "description": "An arch dedicated to Augustus at Susa in the late first century BC that records the renewed alliance between the princeps and Marcus Julius Cottius.",
    "placeTypes": [
     "arch"
    ],
    "names": [],
    "locationCertainty": "certain"
   }
  },
  {
   "type": "Feature",
   "geometry": {
    "type": "Point",
    "coordinates": [
     7.042558852192414,
     45.135591342509684
    ]
   },
   "properties": {
    "pid": "978854626",
    "uri": "https://pleiades.stoa.org/places/978854626",
    "title": "Segusio aqueduct",
    "description": "A Roman aqueduct of Segusio.",
    "placeTypes": [
     "aqueduct"
    ],
    "names": [],
    "locationCertainty": "certain"
   }
  },
  {
   "type": "Feature",
   "geometry": {
    "type": "Point",
    "coordinates": [
     6.920978,
     45.045658
    ]
   },
   "properties": {
    "pid": "982258",
    "uri": "https://pleiades.stoa.org/places/982258",
    "title": "Alpes Cottiae",
    "description": "An ancient place, cited: BAtlas 100 H3 no. 2 (Alpes Cottiae)",
    "placeTypes": [
     "province-2"
    ],
    "names": [
     {
      "attested": "",
      "romanized": "Alpes Cottiae",
      "language": "la"
     }
    ],
    "locationCertainty": null
   }
  },
  {
   "type": "Feature",
   "geometry": {
    "type": "Point",
    "coordinates": [
     6.75,
     45.25
    ]
   },
   "properties": {
    "pid": "99304503945",
    "uri": "https://pleiades.stoa.org/places/99304503945",
    "title": "Alpes Graiae (province)",
    "description": "A small Alpine province of the Roman Empire organized around the Little St Bernard Pass, roughly corresponding to the eastern portion of the modern-day French department of Savoie. Augustus annexed the territory in 15 BCE; under Diocletian, the periodically joint administration of the province together with Alpes Poeninae was made permanent, forming the province of Alpes Poeninae et Graiae.",
    "placeTypes": [
     "province-2"
    ],
    "names": [
     {
      "attested": "Alpes Graiae",
      "romanized": "Alpes Graiae",
      "language": "la"
     },
     {
      "attested": "Graiae Alpes",
      "romanized": "Graiae Alpes",
      "language": "la"
     }
    ],
    "locationCertainty": "certain"
   }
  },
  {
   "type": "Feature",
   "geometry": {
    "type": "Point",
    "coordinates": [
     4.5595476,
     44.077943
    ]
   },
   "properties": {
    "pid": "998499870",
    "uri": "https://pleiades.stoa.org/places/998499870",
    "title": "Temple d'Appolon",
    "description": "The ruins of a Roman-period temple dedicated to Apollo located at the Oppidum de Gaujac (Gard, France).",
    "placeTypes": [
     "temple-2"
    ],
    "names": [],
    "locationCertainty": "certain"
   }
  },
  {
   "type": "Feature",
   "geometry": {
    "type": "Point",
    "coordinates": [
     7.887757077322107,
     45.46773449571
    ]
   },
   "properties": {
    "pid": "998834783",
    "uri": "https://pleiades.stoa.org/places/998834783",
    "title": "Roman amphitheater at Eporedia",
    "description": "The extramural Roman amphitheater at Eporedia is evidence of the expanding suburbium of the Roman settlement.",
    "placeTypes": [
     "amphitheatre"
    ],
    "names": [],
    "locationCertainty": "certain"
   }
  }
 ]
}